:020000040800F2
:1000000090240120A1010008758D00085D69000899
:10001000D98A00082116000825CB0008000000003E
:10002000000000000000000000000000319C0008FB
:10003000B52800080000000051960008B1A400088F
:10004000BB010008BB010008BB010008BB010008A0
:10005000BB010008BB010008BB010008BB01000890
:10006000BB0100081529000821290008BB01000870
:100070007D250008BB010008BB010008BB0100088A
:10008000BB010008BB010008BB010008BB01000860
:1000900025160008BB010008BB0100082D29000837
:1000A000BB010008BB010008BB010008BB01000840
:1000B00085A5000895A50008BB010008BB01000844
:1000C000BB010008BB010008BB010008BB01000820
:1000D000BB01000845AE0008BB01000855AE000892
:1000E000BB010008BB010008BB010008BB01000800
:1000F000BB010008BB010008BB010008BB010008F0
:10010000BB010008BB010008BB010008BB010008DF
:10011000BB010008BB010008BB010008BB010008CF
:10012000BB0100088D250008BB010008BB010008C9
:10013000BB010008BB010008BB010008BB010008AF
:10014000BB01000835160008BB010008C98F000874
:100150009D250008BB010008AD25000815AF00086B
:10016000BB010008BB010008BB010008BB0100087F
:10017000BB010008BB010008BB0100080000000033
:1001800039680008BB010008DFF810D001F094F8CE
:1001900000F0CCFD0048004785DA000890240120DB
:1001A0000648804706480047FEE7FEE7FEE7FEE711
:1001B000FEE7FEE7FEE7FEE7FEE7FEE771A50008C3
:1001C000890100089FED1A1AF5EE000A40EE010AB7
:1001D000BDEEE00AF5EEC00A10EE100AF1EE10FADC
:1001E00038BF401E00EE100A1349F7EE001AB8EEB1
:1001F000C00A30EEC00ADFED0F0A20EE200AFCEE46
:10020000C00A10EE900AC0F3080000EE900A01EB5D
:100210008000F8EE600A90ED011A70EE600A90ED31
:10022000000A71EEE01A21EE800A00EE810A7047A2
:1002300083F9223E00000044FC020108B5EEC00A2A
:10024000F1EE10FA07D2DFED1E0AB4EEE00AF1EE8D
:1002500010FAA8BF7047DFED1B0AB5EEC00A60EECA
:10026000200ABDEEE01A11EE100AF1EE10FA38BFC6
:10027000401E00EE100A1549F7EE001AB8EEC00A4B
:1002800030EEC00ADFED100A60EE200ABCEEE00A94
:1002900010EE100AC0F3080000EE100A01EB800017
:1002A000B8EE400A90ED011A70EEC00A90ED000A17
:1002B00071EEE01A21EE800A00EE810A704700001C
:1002C000CD024CB483F9223E00000044FC02010838
:1002D00070B405880E884468D1F804C05368B542EC
:1002E00008D140884988884201BF11888D425188D1
:1002F000884203D070BC6FF00200704705FB00F12C
:10030000880827D094ED001ADCED000A94ED010A6C
:10031000DCED011A31EE201AD4ED020A70EE211A3A
:100320009CED020A83ED001AC3ED011A94ED031A45
:10033000DCED031A30EE800A401E71EE210A83EDD7
:10034000020A04F11004C3ED030A03F110030CF1D7
:10035000100CD7D111F0030030D0B0F1004F30D2E3
:1003600000282BDD211F1B1FACF1040210F0010F30
:100370000AD091ED010AD2ED010A091D121D30EEDD
:10038000200A83ED010A1B1D400817D091ED010AD8
:10039000D2ED010A401E30EE200A83ED010A91EDF4
:1003A000020AD2ED020A01F1080102F1080230EE60
:1003B000200A83ED020A03F10803E7D170BC002094
:1003C0007047B4EC010A401EFCEC010A30EE200A32
:1003D000A3EC010AF5D1F1E7018042804360704748
:1003E0002DE9F34F84B0049840680090486801906C
:1003F0000498B0F800E04588DFEDFE0A0020029086
:10040000B0EE600AAE4506D108884988884204BF2C
:100410007146864504D06FF0020006B0BDE8F08F4B
:1004200001985FEA010C18BFB7EE001A3DD000BF7B
:10043000BEEB0C0117D0B1F1004F80F01F820029F4
:1004400011DD021F11F0010F1CBFC2ED010A121DC8
:100450004B1006D0C2ED010AC2ED020A08325B1E43
:10046000F8D100EB8100BCF10102A0EC011A19D017
:10047000B2F1004F80F00882002A13DD031F12F052
:10048000010F1CBFC3ED010A1B1D511008D000BF96
:10049000C3ED010AC3ED020A491E03F10803F7D1B7
:1004A00000EB8200BCF1010CC2D14FF000080395B3
:1004B000002D14BFB0EE602A002000F0BF8100BF05
:1004C000009908FB05F001EB800B0199DBED002A98
:1004D00001EB80000346F0EE421AC64552D9AEEB5E
:1004E0000802ABEB850112F0010F17D001EB85017B
:1004F00091ED000AB5EEC00AF1EE10FA07DDB4EE98
:10050000E10AF1EE10FA09DDF0EE401A06E0B1EE74
:10051000400AF4EEC01AF1EE10FAF5D3521031D0C1
:1005200001EB850C9CED000AB5EEC00AF1EE10FA65
:1005300005DDB4EEE10AF1EE10FA09DD06E0B1EEF8
:10054000400AF4EEC01AF1EE10FA01D2F0EE401AB1
:1005500001EBC50191ED000AB5EEC00AF1EE10FA0B
:1005600005DDB4EEE10AF1EE10FA09DD06E0B1EEC8
:10057000400AF4EEC01AF1EE10FA01D2F0EE401A81
:10058000521ECDD1F5EEC01AF1EE10FA00F07381D3
:10059000F5EEC02A0126F1EE10FA0099D4BFB1EEB3
:1005A000620AB0EE620AB4EE610AF1EE10FA1CBF04
:1005B000AEEB0802B2F1010C47D005FB08F201EBEB
:1005C000820292ED001A00BFB0EE410A05FB06F46C
:1005D000B5EEC00A00EB8404F1EE10FACCBFF0EEE9
:1005E000400AF1EE400AF4EE610AF1EE10FA28D169
:1005F000B5EB080C11D0BCF1004F7DD2BCF1000F5F
:100600000BDD00BF92ED000AD1ED000ABCF1010C38
:10061000E2EC010AA1EC010AF4D129000ED0B1F1FB
:10062000004F6AD2002909DD94ED000AD0ED000ADE
:10063000491EE4EC010AA0EC010AF5D10120029068
:100640000BE0761CBCF1010CBED10298012804D04D
:10065000F5EEC02AF1EE10FA7ED09BED000AB5EB64
:1006600008009A465946064622D0B0F1004F74D28F
:1006700000281DDD091F10F0010F06D0F0EE400A22
:1006800080EEA01A81ED011A091D401010D000BFA4
:10069000D1ED010A401E80EE801A81ED011A91ED24
:1006A000021AC1EE000AC1ED020A01F10801EFD100
:1006B000280026D0B0F1004F7ED2002821DDAAF11B
:1006C000040110F0010F06D0D1ED010A80EE801A6E
:1006D00081ED011A091D401013D000BFD1ED010AB0
:1006E000401E80EE801A81ED011AD1ED020A80EEE3
:1006F000801A81ED021A01E0CBE0D6E001F1080199
:10070000ECD1DDE900124FF000095FEA0E0773D06B
:10071000C14504BF01EB860102EB850274D091ED67
:10072000000ADC465046331E35D01C46B6F1004F59
:100730007ED2002C2FDD0B1FABF1040C16F0010F45
:100740000FD0F0EE400ADCED011AB0EE601A00EEB8
:10075000E11A83ED011A01E08DE0B1E01B1D0CF1FF
:10076000040C741015D000BFD3ED010A9CED011AE2
:1007700040EE410AC3ED010AD3ED020A9CED021AD4
:100780000CF1080C40EE410AC3ED020A0833641E66
:10079000EAD101EB86012B0036D0B3F1004F72D2C3
:1007A000002B31DDA2F1040CAAF1040013F0010FBB
:1007B0000CD0DCED010A00E08BE090ED011A001D89
:1007C00040EE410ACCED010A0CF1040C5C1019D08A
:1007D000DCED010A90ED011A40EE410ACCED010A70
:1007E000DCED020A90ED021A083040EE410ACCED31
:1007F000020A03E0000000000DE005E0641E0CF1B9
:10080000080CE5D102EB830201EB88017F1E09F1A0
:1008100001097FF47DAF009808F10108001D0090E8
:100820000398401E03907FF44BAE0299012900E02B
:1008300058E004BF06B0BDE8F08F00BFB5EEC00AB7
:10084000F1EE10FA7FF4E9AD04990EFB05F3002BED
:100850004A684FF000010BD902EB810C9CED000AB5
:10086000B5EEC00AF1EE10FA02D1491C8B42F3D862
:100870008B427FF4D2AD6FF00400CEE5E0EC010ACC
:10088000491EFBD1EFE538E0E0EC010A521EFBD136
:1008900008E692ED000AD1ED000ABCF1010CE2EC91
:1008A000010AA1EC010AF4D1B7E694ED000AD0EDFB
:1008B000000A491EE4EC010AA0EC010AF5D1BDE6EC
:1008C000D1ED000A401E80EE801AA1EC011AF7D18A
:1008D000EEE6D3ED000A401E80EE801AA3EC011A6A
:1008E000F7D10EE7BCEC011AD1ED000A5B1E40EE19
:1008F000410AE1EC010AF5D14DE7B0EC011AD2ED65
:10090000000A5B1E40EE410AE2EC010AF5D17BE7EA
:100910002DE9F04F82B046685368019305884788F7
:100920004B88002000900888874201BFB2F800C0C1
:100930006545528893421EBF6FF0020002B0BDE8C9
:10094000F08F9FED412A4FEA970EC7F3400B00BF8F
:10095000DDE9000202EB800A4A6898464FF0000980
:10096000B0EE420AB4465FEA0E0025D092ED001ABE
:10097000DCED001A02EB8302DCED010A01EE810AD4
:1009800092ED001A02EB8302401ED2ED001A02EB38
:10099000830200EE810A9CED021ADCED030A0004DA
:1009A0000CF1100C000C01EE210A92ED001A02EB82
:1009B000830200EE810AD9D117F0030026D0ACF1F2
:1009C0000404A2EB830210F0010F08D002EB8302B3
:1009D000D4ED010A92ED001A241D00EE810A5FEAAF
:1009E0000B0013D002EB830CD4ED010A9CED001A2E
:1009F00002EBC302401E00EE810AD4ED020A92ED22
:100A0000001A04F1080400EE810AEBD109F101009B
:100A1000AAEC010A1FFA80F9486800EB8902A8F1E4
:100A200001001FFA80F8B8F1000F99D1009806EB89
:100A30008706184480B20090681E05042D0C87D1EB
:100A400002B00020BDE8F08F0000000070B40588FF
:100A50000E884468D1F804C05368B54208D1408874
:100A60004988884201BF11888D425188884203D04D
:100A700070BC6FF00200704705FB00F1880827D0BA
:100A800094ED001ADCED000A94ED010ADCED011A88
:100A900031EE601AD4ED020A70EE611A9CED020A82
:100AA00083ED001AC3ED011A94ED031ADCED031A6D
:100AB00030EEC00A401E71EE610A83ED020A04F1B5
:100AC0001004C3ED030A03F110030CF1100CD7D18D
:100AD00011F0030030D0B0F1004F30D200282BDDF0
:100AE000211F1B1FACF1040210F0010F0AD091ED81
:100AF000010AD2ED010A091D121D30EE600A83EDD4
:100B0000010A1B1D400817D091ED010AD2ED010A20
:100B1000401E30EE600A83ED010A91ED020AD2ED2B
:100B2000020A01F1080102F1080230EE600A83EDC9
:100B3000020A03F10803E7D170BC00207047B4EC4F
:100B4000010A401EFCEC010A30EE600AA3EC010A27
:100B5000F5D1F1E72DE9F04F02884768B0F802803F
:100B60004888D1F8049082B04FF0000A16468242BD
:100B700007BF098888456FF0020002B018BFBDE8C2
:100B8000F08F4FEA980B02EB42000190C8F340004F
:100B9000CDF8000009EB8A01BBF1000F33D00198BA
:100BA00001EB820C01EB80043B46E64601EBC205FB
:100BB0004FEA0B0093ED000A401E81ED000A93ED11
:100BC000010A01EB02118CED000A93ED020A0CEB15
:100BD000021C85ED000A93ED030A05EB021584ED76
:100BE000000A04EB021403F11003E3D10EEB8200C0
:100BF00000EB820000EB8201ABF10100504307EBF8
:100C00000B1701EB001118F0030C21D03B1FA1EBD7
:100C100082011CF0010F06D093ED010A01EB820165
:100C20001B1D81ED000A009880B100BF93ED010A01
:100C300001EB820401EBC20184ED000A93ED020A8C
:100C4000401E81ED000A03F10803EFD107EB8C078A
:100C50000AF101001FFA80FA701E0604360C99D1C1
:100C600002B00020BDE8F08F2DE9F05F05460020BE
:100C700092469B4688460646814640241BE028460D
:100C800041464746224600F061FA53465A46C01A8A
:100C9000914110D311461846224600F048FA2D1A09
:100CA00067EB01084F4622460120002100F03FFA81
:100CB00017EB00094E41201EA4F10104DFDC484679
:100CC00031462A464346BDE8F09F40EA01039B07B0
:100CD00003D009E008C9121F08C0042AFAD203E0B1
:100CE00011F8013B00F8013B521EF9D27047D2B215
:100CF00001E000F8012B491EFBD270470022F6E705
:100D000010B513460A4604461946FFF7F0FF204681
:100D100010BD30B504460020034600E05B1C934242
:100D200003D2E05CCD5C401BF8D030BD70B5054C03
:100D3000054D04E02046016808448047241DAC426C
:100D4000F8D170BD580F01085C0F01082DE9FE4F66
:100D5000804681EA0300C00F0C46009021F000415C
:100D600023F00045B8EB0200A94105D240462146D8
:100D700090461C460B46024623F00040104347D0E5
:100D8000270DC7F30A00C3F30A510290401A0190DD
:100D900040286BDAC3F3130040F4801B009892469E
:100DA00020B10023D2EB030A63EB0B0B01985946E9
:100DB000C0F14002504600F0BAF906460D465046D2
:100DC0005946019A00F0D2F910EB08006141002465
:100DD00087EA115284EAE7731A4340D0009A62B35B
:100DE000019A012A4FEA075215DC001B61EB020150
:100DF0004FF0004202EA0752CDE90042001C41F5E3
:100E0000801132462B4600F009FA03B0BDE8F08F9E
:100E100040462146F9E7001B61EB0201001C41F549
:100E2000801300185B412018A2F5001747EB03015F
:100E300040EAD570B6196D4111E06D084FEA3606EB
:100E400045EAC0754FEA0752001B61EB0201001C26
:100E500041F5801149084FEA3000001951413246EE
:100E60002B4603B0BDE8F04F00F0C9B9009801224D
:100E700040000023D0EB020263EBE07300982146B0
:100E80004FEAE074B8EB000061EB0401E9E783F09E
:100E900000435BE781F0004158E72DE9FE4F81EA0E
:100EA000030404F0004421F0004100944FF0000BD3
:100EB00023F0004350EA01045ED052EA03045BD001
:100EC000C3F30A54C1F30A552C44A4F2F334019439
:100ED000A0FB0254C1F3130141F48011C3F31303C7
:100EE00043F4801301FB024400FB034E840A970A7B
:100EF00044EA815447EA8357A4FB076802958D0AA8
:100F000005FB07854FEA932C04FB0C542705029D33
:100F10004FEA065847EA1637B5EB08056EEB070CA3
:100F2000870E920E47EA811742EA8312A7FB02015D
:100F3000B6EB0B0164EB00042B0D43EA0C335E1897
:100F400044EB1C50DA465146E7FB0201C5F313049B
:100F50004FEA0B3343EA14534FEA0432019C43EA4D
:100F60000603A4F10C040294009CCDE900B400F047
:100F700055F903B0BDE8F08F00200146F9E72DE9EF
:100F8000F04D81EA030404F0004B21F000451446C3
:100F90004FF0000A23F0004150EA050220D054EA45
:100FA00001021DD0C5F30A570246C5F31303C1F36E
:100FB0001300C1F30A5640F4801543F48013A7EBE5
:100FC0000608101BD64608F2FD3873EB050002D365
:100FD00008F1010801E092185B41B8F1000F03DA53
:100FE00000200146BDE8F08D00204FF48011064638
:100FF00084460EE0171B73EB050705D3121B63EB4A
:10100000050306434CEA010C49084FEA30009218E8
:101010005B4150EA0107EDD152EA030012D082EAA7
:10102000040083EA0501084305D0101BAB4106D23A
:101030000122002306E000224FF0004302E06FF09F
:10104000010253101AEB06004CEB085110EB0A009A
:1010500041EB0B01BDE8F04D00F0D1B830B40446CF
:1010600096230800214604D0B62330BC002200F0AD
:1010700098B820460021F8E70EB540F233410291BE
:101080000021CDE900110A460B4600F0C7F803B075
:1010900000BD70B5C1F30A5201F000450024C1F350
:1010A000130140F2FF3341F480119A4201DA00202B
:1010B00070BD40F233439A42A2F2334203DC524203
:1010C00000F044F800E090402C43F1D0404270BD65
:1010D00000F0004230F000400AD0C10D01F560710F
:1010E000C0F3160042EA0151C2084007114370479D
:1010F00000200146704701F0004330B421F0004168
:1011000050EA010206D00A0DA2F56072C1F3130184
:10111000002A02DC30BC00207047440F44EAC104BE
:10112000C100E01830BC00EBC25000F031B8202AFA
:1011300004DB203A00FA02F1002070479140C2F12E
:10114000200320FA03F3194390407047202A04DB60
:10115000203A21FA02F00021704721FA02F3D04030
:10116000C2F120029140084319467047202A06DB4D
:10117000CB17203A41FA02F043EAE07306E041FA65
:1011800002F3D040C2F12002914008431946704753
:101190000029A8BF7047401C490008BF20F001008B
:1011A000704710B4B0FA80FC00FA0CF050EA010469
:1011B00004BF10BC704749B1CCF1200421FA04F4FB
:1011C00011FA0CF118BF012121430843A3EB0C01D4
:1011D000CB1D4FEA00614FEA102042BF002010BC37
:1011E000704700EBC35010440029A4BF10BC7047E7
:1011F000401C490008BF20F0010010BC704710B52A
:10120000141E73F1000408DA401C41F10001921829
:101210005B411A4301D120F0010010BD2DE9F04DD2
:1012200092469B4611B1B1FA81F202E0B0FA80F227
:1012300020329046FFF77BFF04460F4640EA0A0043
:1012400041EA0B0153465A46084313D0114653EA6C
:10125000010019D0C8F140025046FFF777FF05465C
:101260000E46504659464246FFF761FF084305D0F7
:10127000012004E020463946BDE8F08D00200543FA
:1012800046EAE0762C4337430A986305E40AA0EB6C
:1012900008000022FD0A44EA47540A3002D5002023
:1012A0000146E9E7010510196941DDE90845001922
:1012B0006941BDE8F04DA2E7064C074D06E0E06845
:1012C00040F0010394E8070098471034AC42F6D38D
:1012D000FEF75EFF380F0108580F010870B58C1833
:1012E00010F8015B15F0070301D110F8013B2A113A
:1012F00006D110F8012B03E010F8016B01F8016B27
:101300005B1EF9D12B0705D40023521E0DD401F822
:10131000013BFAE710F8013BCB1A921C03E013F8EB
:10132000015B01F8015B521EF9D5A142D8D3002020
:1013300070BD000070B50C4640F25C6142F6C0150D
:10134000C2F20001C2F20005002608602E700BF008
:10135000B9FF2978084328700CF06AF8297840EA28
:10136000010028701CB100F0C3F9287870BD40F26C
:10137000146043F6AC0142F27123C2F20000C3F6DE
:101380002231C3F6807341F2B06247F2B07E49F673
:101390002A044CF6923CC0E908310021C3F6CE1273
:1013A000C3F64C6EC3F69354C4F21C1CC4F2202145
:1013B000C0E90A22C0E90CE4C0E90E6C816128781A
:1013C00070BD000080B50020C4F20200102101228F
:1013D00002F008FF80BD000080B50020C4F20200CA
:1013E0001021002202F0FEFE80BD000080B540F218
:1013F0000040C4F202000121012202F0F3FE80BD90
:1014000080B540F20040C4F202000121002202F047
:10141000E9FE80BD70B50446FFF7DEFF922000F0C4
:10142000DDF840F25465C2F200051220294606227A
:1014300000F0B0F8FFF7C6FFB5F9000094ED082AF8
:1014400000EE100A40F20C00C2F2000090ED001A0B
:10145000B8EEC00A21EE000A22EE000A84ED000A6E
:10146000B5F9021090ED001A00EE101AB8EEC00A9D
:1014700021EE000A22EE000A84ED010AB5F904000B
:1014800000EE100AB8EEC00A21EE000A22EE000AB1
:1014900084ED020AFFF7B4FF002029460822002647
:1014A00000F078F8FFF7A2FF28780F284AD1B5F9A5
:1014B000021040F2FA5000EE101A40F21001C2F28F
:1014C0000000C2F200010078B8EEC01A91ED000AE7
:1014D00020EE011A00B394ED092AB5F90400B5F91C
:1014E000061031EE421A02EE100A94ED0A3AB8EEF6
:1014F000C22A84ED031A01EE101A94ED0B4A20EE75
:10150000022AB8EEC11A32EE432A20EE010A84ED17
:10151000042A30EE440A13E0B5F90400B5F90610C8
:1015200002EE100A84ED031A01EE101AB8EEC22A78
:10153000B8EEC11A20EE022A20EE010A84ED042A38
:1015400084ED050AFFF748FFA22000F047F82220AB
:101550002946022200F01EF8FFF734FF2878697848
:10156000C00040EA51104FF60001CFF6FF71B6EB14
:10157000902F18BF084300EE100AB8EEC00AB4EE70
:10158000001A20EE010AB3EE071A30EE010A84EDCC
:10159000070A70BDB0B540F0800014460D4600F05B
:1015A0001DF8002C08BFB0BD013D00BF552000F064
:1015B00015F8013C210605F8010FF7D1B0BD000078
:1015C00080B540F0800000F009F8552000F006F8E2
:1015D00043F63841C2F20001087080BD80B582B088
:1015E00040F25C61C2F200010B688DF807004FF415
:1015F0007A7C0DF107010DF1060218460123CDF8A2
:1016000000C004F083F89DF8060002B080BD000021
:1016100010B50C46FFF7E2FF2046FFF7DFFF10BDD5
:10162000FEE7000080B542F6B040C2F2000001F0D3
:10163000FDFF80BD80B542F6D840C2F2000001F047
:10164000F5FF80BD80B588B0029100210823CDE967
:101650000311059106938DF81C10019102A901ABAD
:1016600001F096FE08B080BD002070470020704752
:1016700010B542F6D414C2F2000442F21801C2F2CC
:1016800000012046002209F017FE41F61801C2F2BF
:101690000001204609F002FE002010BD10B542F600
:1016A000D414C2F200040146204609F0F7FD20469A
:1016B00009F0CEFD002010BD0020704710B542F6A5
:1016C000D412C2F20002D2F8BC22D2F81432002B9B
:1016D0001CBF012010BD42F6D414C2F200040A4619
:1016E0000146204609F0E8FD204609F083FE10BDC2
:1016F0002DE9F04F81B02DED108B88B00020CDE9A1
:10170000060001F021F840F2C864C2F2000484ED42
:10171000000A01F019F894ED001AB2EE08BA30EEA2
:10172000410AB4EE4B0A40F21466F1EE10FAC2F22E
:10173000000621DD43F6AC0041F2B061C3F6223071
:10174000C3F6CE11C6E909014CF69230C4F21C1062
:10175000F0630020C4F22020F162B06196ED0F0A20
:101760009FEDAB1A81EE000A86ED080A08B0BDECC9
:10177000108B01B0BDE8F08F9FEDEDCA03AD6F4651
:101780009FEDEC8A42F6C8189FEDEDEADFEDED9A89
:10179000DFEDE9AADFEDECBA9FEDE89AA5F1040AC6
:1017A000A7F1040B06ACC2F20008B6EE00DAB4EE04
:1017B00000FAF3EE078AF0EE4CCA0EE000F0C4FF28
:1017C00040F2C860C2F2000090ED001A30EE410A0B
:1017D000B4EE4B0AF1EE10FAACDCB0EE480A00F0C1
:1017E00071FF4FF00009C6F83C90C6E90999C6F8A8
:1017F0002C9000BFFFF7F0FD9220FFF7EFFE1220C4
:1018000021460622FFF7C6FEFFF7DCFDBDF91800F2
:10181000BDF91A1000EE100A40F20C00C2F20000EE
:1018200090ED001AB8EEC00ABDF91C2021EE002A86
:1018300000EE101AB8EEC00A21EE003A00EE102AAF
:10184000B8EEC00A21EE001A22EE020A23EE034A85
:1018500030EE040A21EE014A30EE040AB1EEC0AACD
:1018600086ED002A86ED013A86ED021AB4EE4AAA08
:10187000F1EE10FA80F1C78096ED0F0A3AEE000AF9
:1018800086ED0F0AFFF7BCFD002021460822FFF776
:1018900081FEFFF7ABFD9DF818000F2835D1BDF98B
:1018A0001A00BDF91C1000EE100A40F21000C2F23E
:1018B000000090ED001AB8EEC00A96ED092A21EE5C
:1018C000000A86ED030A32EE000A02EE101ABDF994
:1018D0001E2096ED0A3AB8EEC22A21EE022A86EDC3
:1018E000042A33EE022A03EE102A96ED0B4AB8EED4
:1018F000C33A21EE031A86ED051A34EE011A86ED7D
:10190000090A86ED0A2A86ED0B1AB9F1000F2BD0D1
:10191000002000BF311891ED030A291891ED001A3B
:10192000B4EE410AF1EE10FAC8BF81ED000A391891
:1019300091ED001A0430B4EE410AF1EE10FAB8BF8E
:1019400081ED000A0C28E5D1B4EE6CAAF1EE10FA94
:10195000B4EE4CAAC8BFF0EE4ACAF1EE10FAB8BF16
:10196000B0EE4ACA0DE000BF7169D6E90302F0EE9D
:101970004ACACDE90421CDE90002CDE90210B0EE5A
:101980004ACA42F6C4103CEECC0AC2F2000080ED16
:10199000000A6FF003005946524600BF92ED011A4B
:1019A00091ED012A08EB000304300432043131EEDA
:1019B000421A082883ED011AF0D1B4EE4D0AF1EE77
:1019C00010FA27DC98ED000AB4EE6A0AF1EE10FA7C
:1019D00020DC98ED010AB4EE6A0AF1EE10FA19DC87
:1019E00098ED020AB4EE6A0AF1EE10FA12DCB0EEDB
:1019F000490A00F067FE41F26F70814509F1010963
:101A0000FFF4F8AE06E00EF0D9FBB0EE40AA33E7E3
:101A1000C3F51C4196ED0F0A202080EE0E0A86EDDC
:101A20000F0A00BF311891ED010A043080EE0E0A52
:101A30002C2881ED010AF5D1FFF7CEFCA220FFF79B
:101A4000CDFD222021460222FFF7A4FDFFF7BAFCBC
:101A50009DF818009DF81910C00040EA51100021AF
:101A6000B1EB902F4FF60001CFF6FF7118BF08437E
:101A700000EE100AB8EEC00A20EE0F0A42F6C411BA
:101A800030EE280A42F6B412C2F2000186ED060AD0
:101A9000C2F2000291ED000A1088B4EE4D0A013046
:101AA000F1EE10FA10803FF789AE98ED020AB4EE1D
:101AB0006A0AF1EE10FA3FF781AE98ED010AB4EE32
:101AC0006A0AF1EE10FA3FF779AE98ED000AB4EE2B
:101AD0006A0AF1EE10FA3FF771AE96ED0F0A30EE9A
:101AE000290AB0EEC00AB4EE4D0AF1EE10FA3FF743
:101AF00065AE96ED090AB0EEC00AB4EE6B0AF1EEDF
:101B000010FA3FF75BAE96ED0A0AB0EEC00AB4EEEB
:101B10006B0AF1EE10FA3FF751AE96ED0B0AB0EEFC
:101B2000C00AB4EE6B0AF1EE10FA3FF747AE15E6C5
:101B3000000000000AD7A33B9A99193E6F12033A9E
:101B40000080BB45CDCC1CC10AD7233C80B58AB0F0
:101B5000026846F60003C4F2000300214FF0010CB6
:101B60004FF00E0E9A420691CDF81CC0CDE900113F
:101B7000CDE90211CDF824E009D046F20041C4F2CB
:101B800000018A4213D10021CDE904110FE0CDE913
:101B900006C142F2200100914FF4C141019146F289
:101BA000600102914FF40151CDE904CE039101216E
:101BB0000891694601F036FC0AB080BD80B540F25C
:101BC000FD70C2F20000807A01280AD142F61800A6
:101BD000C2F200000078022806D040B900F00AFAEC
:101BE00080BD00F0EBF980BD00F00AFC80BD00F084
:101BF00049FC80BD80B540F2F070C2F2000001885F
:101C000043F68242C2F200021180D0F802108079BD
:101C1000C2F80210907140F2A860C2F20000007891
:101C200000210328D17131D8DFE800F0020B1D2715
:101C300040F6D050C2F20000417801F0E10141705D
:101C400024E042F61800C2F20000017859B30229DC
:101C50001CD140F6D050C2F20000417801F0E10101
:101C60000831417012E040F6D050C2F200004178D5
:101C700001F0E1010231417008E040F6D050C2F2BB
:101C80000000417801F0E1010431417042F6D84092
:101C900043F68242C2F20000C2F200024FF48871A1
:101CA000FFF7D0FC80BD90F87A1040F2DC6EC2F2F3
:101CB000000EC1B19EF800209AB940F6D05CC2F285
:101CC000000C9CF80130062003F01E0203F0E10333
:101CD000062A08BF082018448CF8010001208EF85D
:101CE00000000029D2D140F6D051C2F200014A785A
:101CF00002F01E0006281EBF02F0E1000830487006
:101D000000208EF80000C1E780B52DED068B40F66F
:101D10006270C2F200004FF442719FED1E9A9FED77
:101D20001EAA018040F2F860B1EE048AC2F20000FF
:101D3000B7EE001A4FF4FA51B0EE480AF0EE490A35
:101D4000F0EE491AB0EE492AF0EE492AB0EE4A3ACE
:101D500007F06AFC40F27070C2F20000B0EE001AA8
:101D60004FF4FA51B0EE480AF0EE490AF0EE491A83
:101D7000B0EE492AF0EE492AB0EE4A3A07F054FC98
:101D800040F2A860C2F2000001210170BDEC068B98
:101D900080BD00BF000000006F12833A0000000009
:101DA0002DE9F0412DED028B40F2A867C2F2000749
:101DB000387803280CD8DFE800F0025B0F2C40F2E3
:101DC000F070C2F200000021818001600121817168
:101DD000BDEC028BBDE8F08142F61800C2F20000B3
:101DE00090ED050A9FED731A40F2F0749FED722A90
:101DF000C2F2000420EE010AB4F9040020EE020A47
:101E0000BDEEC00A01EE100AB8EE400AF8EEC10AB3
:101E100021E042F61800C2F2000090ED010AB5EE92
:101E2000400AF1EE10FAD3D190ED020AB5EE400A65
:101E3000F1EE10FACCD190F878000028C8D140F229
:101E4000F074C2F20004B4F9040000EE100AF8EED7
:101E5000C00A9FED570AB2EE0E1A07F063FCBDEE02
:101E6000C00A10EE100AA080BDEC028BBDE8F08124
:101E700042F61808C2F20008D8F80C00D8F86440FE
:101E8000FFF726F9054620460E46FFF721F99FED9C
:101E9000460B53EC102BFFF700F82A463346FEF7AB
:101EA00055FFFFF728F940F62C06C2F2000640F273
:101EB00018043288C2F20004E060A2F6093080B251
:101EC00040F6FF710023884240F6FE7538BF0123BB
:101ED000A84240F6607041F20831C2F2000088BFAB
:101EE0004FF44271037000EE102A10467980B8EE6C
:101EF000408A07F0FBFB40F2F86500EE100AC2F2E0
:101F00000005F8EEC00A2846B0EE480A07F05EF970
:101F1000B6F9020040F2707600EE100AD5ED110A13
:101F2000C2F20006B8EEC00A304607F04FF995ED50
:101F3000110A96ED111A204631EE408A86ED118A7B
:101F400000F07CFD98ED051A9FED1A2A9FED1A3AD4
:101F500021EE021A38EE000A21EE031A30EE010AD1
:101F6000BDEEC00A4CF2A52110EE100ACFF6FF71AB
:101F70008842C8BF014643F65B508142A8BF014674
:101F800040F60870C2F20000007840F2F072C2F22F
:101F90000002002818BF00219180BDEC028BBDE833
:101FA000F08100BF00BF00BF9A9999999999E93FC4
:101FB0000058C4450000FA44DB0F494080B540F2A8
:101FC000F070C2F2000001220021827143F68242C9
:101FD00081800160C2F200024FF48030506042F60E
:101FE000D8401160C2F200004FF48871FFF72AFB5D
:101FF00080BD000070B540F2DE6EC2F2000EBEF889
:1020000000000026431C40F2F070C2F2000086710E
:1020100042F61800C2F2000090F8754090F8742063
:10202000BFEE001A90F87750002CB0EE412AB7EEC0
:10203000003AAEF8003090F876109FED340A08BFF1
:10204000B0EE402A002AB0EE434A08BFB0EE424A42
:10205000002D08BFB0EE403A002908BFB0EE431A89
:1020600090F87C4040F2A86C40F2DD62C2F2000CB5
:10207000C2F2000280ED011A80ED024A84B11178AB
:1020800051B99CF80010032503294FF0010108BF46
:1020900001258CF800501170002C08BF167000E06C
:1020A000167090F87D2040F60871C2F200010AB166
:1020B0000C7854B172B99AB2B2F5FA7F0AD90A789B
:1020C000002A1CBF00220A7004E001220A700021CD
:1020D000AEF8001040F65C01C2F200010A789CF8EC
:1020E0000010012A0AD190F87900032918BF0221B3
:1020F000002818BF01218CF8001070BD41F00200CB
:10210000022804BF01208CF8000070BD0000000010
:102110002DE9F04F81B02DED048B40F66070C2F2D6
:102120000000007840F2E86BC2F2000B28B10128F1
:102130001BD1002141F2083202E001214FF442722A
:1021400040F62C03C2F200031B889FEDA91AD21A95
:1021500000EE102AB8EEC00A80EE010A40F6D05216
:10216000C2F2000211718BED000A9BED000A9FED97
:10217000A11A40F6D65220EE010ABDEEC00A10EEBA
:10218000101AC2F2000242F61805D18041F208216D
:10219000C2F20005C2F2000141F6083295F87860FB
:1021A0000A8040F61C71C2F2000140F6083241F686
:1021B0005834002E40F2E46A40F2EC6940F2EE68D6
:1021C0000A8008BF4FF47A64C2F2000A0128C2F202
:1021D0000009C2F20008AAF8004013D090BB95EDA8
:1021E000021A02EE104AB8EE422A21EE421A95ED8A
:1021F000010ABDEEC11A11EE100AA9F8000020EE86
:10220000420A11E095ED021A02EE104AB8EE422A97
:1022100095ED010A21EE021ABDEEC11A11EE100A67
:1022200020EE020AA9F8000010EE100AFEF750FF97
:102230009FED6B0B53EC102BFEF72FFEFEF729FFE3
:10224000A8F8000040F2A867C2F200073878032817
:102250005FD16EB995ED010AB5EE400AF1EE10FAC4
:1022600006D195ED020AB5EE400AF1EE10FA50D013
:1022700040F2F06140F2E066C2F200010120C2F2D9
:10228000000696ED008A08702046FEF7F5FE9FEDE9
:10229000560B54EC105B2A462346FEF770FEFEF701
:1022A0002AFF9FED559A01EE100AB0EE490AF0EEB2
:1022B000480A07F037FA40F2F060C2F2000086EDFB
:1022C000000A007840F2F076C2F200060028B6F963
:1022D00004009FED4A8A18BFB0EE498A00EE100A4A
:1022E000BAF80000B8EEC09AFEF7C6FE2A462346AA
:1022F000FEF745FEFEF7FFFE01EE100AB0EE480ABB
:10230000F0EE490A07F00EFABDEEC00A10EE100A10
:10231000B08040F2FD70C2F20000C178B9F900004F
:1023200001294CD13978032949D140429BED001A4B
:1023300000EE100AB8EEC08AB1EE410AFDF77EFF4A
:10234000B8F900009BED001A20EE088A00EE100A92
:10235000B8EEC09AB1EE410AFDF734FF20EE090A4B
:1023600038EE000AB9F90010BDEEC00A9BED001A64
:1023700010EE100A40F2F07400EE101AC2F20004DF
:10238000B8EEC08AB1EE410A6080FDF71BFFB8F9D4
:1023900000009BED001A20EE088A00EE100AB8EE4D
:1023A000C09AB1EE410AFDF749FF20EE090A38EE66
:1023B000000ABDEEC00A10EE100A208008E040F2CC
:1023C000F071B8F8002080B2C2F2000108804A80A3
:1023D000BDEC048B01B0BDE8F08F00BF00BF00BFB3
:1023E000666666666666E63F00000000007087402D
:1023F0007BF4A24400007A440050444500000000F1
:1024000040F2F070C2F200000021817142F6180023
:10241000C2F2000090ED080AB7EE001AB4EE410ACD
:1024200040F2687140F2A860F1EE10FAC2F20001C9
:10243000C2F200000AD10A7842B902780323032AC3
:102440004FF0010208BF012303700A70B5EE400A85
:10245000F1EE10FA04BF00220A7040F65C01C2F2ED
:1024600000010A780178012A04D1032918BF02214A
:102470000170704741F00201022918BF7047012125
:102480000170704740F2A860C2F2000000210170A4
:1024900070470000FFF738FC40F2E074C2F200041D
:1024A0000DF0C6F92060FFF789FBFFF779FCFFF715
:1024B0002FFEFFF79FFB204601210CF025FBEFE7E5
:1024C00080B5B0F800E09FED2A1AA0F808E00A886D
:1024D00012BA4FEA124CA0F800C04B88DBBA00EEEB
:1024E000103AB8EEC00A80EE010A9FED221ABDEE46
:1024F000C00A10EE103A43808B88DBBA00EE103A27
:10250000B8EEC00A80EE010ABDEEC00A10EE103A25
:1025100083808B798371C97940F2FC73C171CEEBF2
:10252000124109B2B1EB124FC2F200031CBF0122EB
:102530001A701A78012A0BD1B1F57A6F02DD42893F
:10254000013A428111F57A6F02DA41890131418104
:10255000B0F90A109FED081A0CEB413100EE101A89
:10256000B8EEC00A20EE010AC16080ED040A80BD09
:102570000000C84200007A440000343D80B542F6B5
:102580008060C2F2000001F0DBFB80BD80B542F646
:10259000E060C2F2000001F0D3FB80BD80B542F6DE
:1025A000C050C2F2000001F0CBFB80BD80B542F606
:1025B0002060C2F2000001F0C3FB80BDD0F800C073
:1025C0006FF00F024AF6AB2352FA8CF2CAF6AA2336
:1025D0000146A2FB0330000905A31B5C40F2FF305B
:1025E0002CEA00005F2A88BF0430C1E91603704757
:1025F00000061016000610168269816AB2F5005FA7
:1026000006D06AB9022912D0012914D0D1B90EE03E
:10261000032917D8DFE801F0020B020F01207047F1
:1026200003293CBF012070471CBF00207047C06ACF
:10263000C0F300607047C06AA0F1C070B0FA80F0CB
:10264000400970470020704780B5D0F800C0D0F82E
:1026500008E0DCF80000BEF1400F20F48020CCF848
:1026600000000846CCF8043004BF10460A46CCF8F7
:102670000800CCF80C2080BD80B582B01368526889
:10268000009301926A46FEF7DDFF02B080BD0000B4
:1026900081B041F20400CEF200000068009040F2E8
:1026A000C060C2F2000000990268914206D240F276
:1026B000C461C2F200010A6801320A600099016037
:1026C00001B0704741F2040040F2AC62CEF200006B
:1026D000C2F20002016892ED001AB8EE411A21EE32
:1026E000000A00BF0268521A01EE102AB8EE411A21
:1026F000B4EE410AF1EE10FAF4DC704780B52DED2E
:10270000028B82B041F20401CEF20001096801910E
:1027100001990268891A00EE101A40F2AC61C2F207
:10272000000191ED001A0199B8EE400AB8EE411A85
:1027300080EE018A0160FFF7ABFFB0EE480A02B0FD
:10274000BDEC028B80BD000080B500F065F841F261
:10275000F820C2F20000818890ED000A01EE101A04
:102760009FED0A2AB8EE411AC088B8EE400A21EE61
:10277000021A31EE000A01EE100A9FED052AB8EEAA
:10278000411A21EE021A30EE010A80BD6F12833A1F
:10279000BD37863510B54EF6FC5CCEF2000CDCF889
:1027A000002044F24023C0F20F0342F080725843ED
:1027B00044F6D353CCF8002041F20002C1F2620388
:1027C000CEF200024FF0000CA0FB033EC2F804C0A2
:1027D0004DF683611368C4F21B31A0FB011443F072
:1027E0000101116040F2AC61C2F20001086040F2E8
:1027F000B0614FEA9E10C2F20001086040F2B4617D
:10280000A00CC2F20001086040F2C460C2F20000F5
:10281000C0F800C010BD0000F0B581B041F2040066
:10282000CEF2000000680090FFF732FF40F2C46073
:10283000C2F200000068009C00254FF0FF31E0FB71
:10284000014540F2AC61C2F2000140F2B8600E688E
:10285000C2F20000C0E90045204629463246002366
:10286000FEF702FAA0FB062301FB0631A41A8D41F4
:1028700040F2B061C2F2000141F2F8270E68C2F2E4
:10288000000738602046294632460023FEF7ECF95F
:10289000B88080B240F2B4617043C2F20001201AE5
:1028A0000A6865F100010023FEF7DEF9F88001B047
:1028B000F0BD00007047000041F26C20C2F2000041
:1028C000017B31B3032941F2F421C2F200010FD19F
:1028D00041F21002C2F20002B2F9022002EBE2332E
:1028E00083EAE23292B2142A02D80A8801320A80BC
:1028F0000A88322A03D30423013203730A800A8828
:1029000040F227239A4238BF704700220A800321F1
:102910000173704780B5082001F088FB80BD00007E
:1029200080B5102001F082FB80BD000080B5202022
:1029300001F07CFB402001F079FB802001F076FB68
:1029400080BD000072B600BFFEE7000080B5007ACF
:1029500001380A2888BF80BDDFE800F006121E2576
:102960002C3D4D54695B620006F042FF013040F29D
:10297000FD70C2F200000CBF02210121017080BD78
:1029800003F0EEFF013040F2FD70C2F200000CBF18
:1029900002210121417080BD40F2FD70C2F20000B1
:1029A0000121C17080BD40F2FD70C2F20000012122
:1029B000817080BD41F29820C2F20000283006F0FC
:1029C0004FFF013040F2FD70C2F200000CBF022147
:1029D0000121417180BD41F29820C2F2000006F051
:1029E0003FFF013040F2FD70C2F200000CBF022137
:1029F0000121017180BD40F2FD70C2F20000012191
:102A0000817180BD40F2FD70C2F200000121C171F0
:102A100080BD40F2FD70C2F200000121417280BD14
:102A200040F2FD70C2F200000121817280BD40F2CF
:102A3000FD70C2F200000121017280BD90ED032AF9
:102A400090ED023A90ED000A90ED011A32EE433A11
:102A500022EE000A23EE011A30EE013A90ED050A4B
:102A600080ED043AB1EE401AB4EE413AF1EE10FABC
:102A700080ED022AB8BF80ED041A90ED041AB4EE7E
:102A8000401AF1EE10FAC8BF80ED040A90ED040A76
:102A90007047000080B500210160FFF757FF80BD3F
:102AA000B0B547F61021C1F6FF7108688A68801832
:102AB00008BFB0BD40F2E055C2F200054C68A91C49
:102AC000082204F01FFF05F112012046042204F041
:102AD00019FFB0BD80B540F2FD70C2F20000807AEF
:102AE00001280AD142F61800C2F20000007802283C
:102AF00006D010B900F01CFB80BD00F005FC80BDC5
:102B000000F04AFB80BD0000B0B52DED0A8B40F609
:102B10005C00C2F200000021017040F65D00C2F2CC
:102B200000000122027041F2AC3040F6D0149FED5B
:102B3000868AC2F20000C2F20004B0EE089A016078
:102B400020464FF48041B0EE480AF0EE480AB0EE5D
:102B5000491AF0EE481AB0EE482AF0EE482AB0EED4
:102B6000483A06F061FD40F67845C2F20005284675
:102B70004FF48041B0EE480AF0EE480AB0EE491A30
:102B8000F0EE481AB0EE482AF0EE482AB0EE483A85
:102B900006F04AFD9FED6D9AB7EE00AA9FED6C2AF4
:102BA00004F170004FF48041B0EE4A0AF0EE480A9A
:102BB000B0EE491AF0EE481AF0EE482AB0EE483A64
:102BC00006F032FD05F17000B1EE041A4FF48041B9
:102BD000B0EE4A0AF0EE480AF0EE481AB0EE482A83
:102BE000F0EE482AB0EE483A06F01EFD9FED591A65
:102BF0009FED592A04F1E0004FF48041B0EE480AFD
:102C0000F0EE480AF0EE481AF0EE482AB0EE483AE4
:102C100006F00AFD05F1E000B2EE001A4FF4804123
:102C2000B0EE480AF0EE480AF0EE481AB0EE482A34
:102C3000F0EE482AB0EE483A06F0F6FC40F6800482
:102C4000C2F2000420464FF48041B0EE480AF0EE94
:102C5000480AB0EE481AF0EE481AB0EE482AF0EEF4
:102C6000482AB0EE483A06F0DFFC40F62835C2F2BA
:102C7000000528464FF48041B0EE480AF0EE480ABD
:102C8000B0EE481AF0EE481AB0EE482AF0EE482AA4
:102C9000B0EE483A06F0C8FC9FED30BA04F170007F
:102CA0004FF48041B0EE4A0AF0EE480AB0EE491AFD
:102CB000F0EE481AB0EE4B2AF0EE482AB0EE483A51
:102CC00006F0B2FCBAEE04CA05F170004FF4804180
:102CD000B0EE4A0AF0EE480AB0EE4C1AF0EE481A8E
:102CE000B0EE482AF0EE482AB0EE483A06F09CFCD6
:102CF00004F1E0004FF48041B0EE480AF0EE480ADB
:102D0000B0EE491AF0EE481AB0EE4B2AF0EE482A1F
:102D1000B0EE483A06F088FC05F1E0004FF480413F
:102D2000B0EE480AF0EE480AB0EE4C1AF0EE481A3F
:102D3000B0EE482AF0EE482AB0EE483A06F074FCAD
:102D4000BDEC0A8BB0BD00BF00000000000048428F
:102D5000000048430000204200007A430000C842BF
:102D600080B540F24010C2F2000041689FED8E2A0B
:102D700000EE101A40F6E451C2F2000191ED051A7E
:102D800030EE410AB4EE420AF1EE10FA02DD9FED98
:102D9000891A08E09FED851AB4EE410AF1EE10FAA7
:102DA00003DA9FED831A30EE010A40F65C02C2F2AC
:102DB000000291ED061A127830EE010A022A81ED26
:102DC000070A19D0012A23D00ABB42F61802C2F220
:102DD0000002114611F8643B40F64000002BC2F29D
:102DE00000006DD0022B7CD19FED761A9FED760A04
:102DF00002F10C01103268E040F640000969C2F2AD
:102E00000000002242618261416080ED021A80BDB3
:102E100040F2FD71C2F20001097A01292DD1C16988
:102E20009FED651A02EE101AB4EE412AF1EE10FA87
:102E300023DD806840F6400101EE100ABBEE0E2A49
:102E4000C2F200010022B4EE421A4A618A61F1EE38
:102E500010FAB8BFB0EE421AB3EE042AB4EE421A2A
:102E6000F1EE10FA81ED011A81ED020A40F38F8034
:102E70000020C4F2A010486089E042F61800C2F2B7
:102E800000000178022956D000296CD190ED190A72
:102E9000B5EE001A40F64001806E20EE010AC2F243
:102EA000000181ED060AFEF713F99FED3D0B53EC8F
:102EB000102BFDF7F2FFFEF71EF900EE100A4CE0B2
:102EC0009FED3D0A6832B0EE401A92ED002A91ED76
:102ED000003A22EE000A23EE011A80ED050A80ED89
:102EE000061A90ED010A90ED052A90ED021A90ED78
:102EF000063A30EE420ABBEE0E2A31EE431AB4EE29
:102F0000420A80ED010AF1EE10FA80ED021ABEBF0E
:102F10000021CCF2F011416090ED010AB3EE041AE9
:102F2000B4EE410AF1EE10FAD8BF80BD0021C4F220
:102F3000A011416080BD90ED030A9FED201A90ED35
:102F4000042A20EE010A40F640009FED1D1AC2F24D
:102F5000000080ED060A22EE010A40F64000C2F2AF
:102F6000000080ED050A40F64000C2F2000090ED3E
:102F7000010A90ED021A90ED052A90ED063A30EE26
:102F8000420A31EE431A80ED010A80ED021A40F642
:102F90004000C2F200000121016080BD00BF00BFFF
:102FA0007B14AE47E17A843F00003443000034C311
:102FB0000000B4430000B4C3CDCCCC3D9A99993EF7
:102FC0000AD723BCCDCC4C3ECDCCCCBD2DE9F041B5
:102FD00040F2E870C2F2000090ED000A40F6007086
:102FE000C2F2000090ED001A40F65C00C2F2000050
:102FF000007840F6140420EE010AC2F20004012811
:1030000084ED000A5AD140F2FD70C2F20000007A4D
:10301000012853D140F24015C2F20005E8699FED46
:10302000430A01EE100AB4EE401AF1EE10FA45DD43
:1030300040F6E45640F64008C2F20006C2F200082C
:1030400040F6800796ED040AD8ED010AC2F20007A7
:1030500007F1E00006F0BAF8286997ED491A02EE88
:10306000100A40F6283096ED010AC2F2000071EE17
:10307000020AE03006F0AAF840F6D01796ED060AEC
:10308000D8ED020AC2F2000707F1E00006F09EF850
:10309000E86897ED491A02EE100A94ED003A40F6FE
:1030A000784096ED020A31EE021AC2F2000071EE8B
:1030B000030AE03006F08AF8BDE8F08140F6E454F7
:1030C00040F64005C2F20004C2F2000540F6800658
:1030D00094ED040AD5ED010AC2F2000606F1700073
:1030E00006F074F840F6283094ED010AD6ED2D0A6A
:1030F000C2F20000703006F069F8D5ED020A40F621
:10310000D01594ED060AC2F2000505F1700006F034
:103110005DF840F6784094ED020AD5ED2D0AC2F232
:103120000000703006F052F8BDE8F081CDCCCC3D07
:1031300040F65C00C2F200000178022904BF0021C1
:1031400001700178012942F61801C2F200011CD079
:1031500091F87D3040F6780CC2F2000C93B19CF8E7
:10316000002072B940F64002C2F2000292ED020A5B
:103170009FED081A30EE010A82ED020A01228CF856
:10318000002013B900228CF8002091F87210017011
:10319000704700BF0000344340F65C00C2F20000FC
:1031A0000178B7EE001A022904BF0021017042F62F
:1031B0001801C2F2000191ED060A40F62031B4EE8A
:1031C000410AF1EE10FAC2F2000108D10A7832B9D0
:1031D0000278013A18BF0122027001200870B5EE92
:1031E000400AF1EE10FA04BF00200870704700009A
:1031F00010B540F65C00C2F20000007840F2FD74A9
:103200000228C2F2000439D001283ED1217A0129D6
:1032100032D140F24011C2F20001CA699FED390A71
:1032200001EE102AB4EE401AF1EE10FA24DD40F659
:103230007840C2F2000090ED490A486940F2D46239
:1032400001EE100A30EE010ABDEEC00A10EE100ABF
:10325000C2F20002908040F628308969C2F2000074
:1032600090ED490A01EE101A30EE010ABDEEC00AD7
:1032700010EE100AD08022E0022806D140F2D4607D
:10328000C2F200000021416019E040F67840C2F22D
:10329000000090ED2D0A40F62831BDEEC00AC2F2C2
:1032A000000110EE100A91ED2D0A40F2D461C2F235
:1032B0000001BDEEC00A888010EE100AC88042F6F8
:1032C000D84040F2D462C2F20000C2F2000240F2E2
:1032D000FE31FFF7D1F9A07840F6D052E178C2F282
:1032E000000201381378B0FA80F00139400903F088
:1032F000FC03B1FA81F11844490940EA4100107019
:1033000010BD00BFCDCCCC3D40F65C00C2F2000049
:10331000022101707047000040F6C85441F20035A8
:1033200040F65D06C2F20004C2F20005C2F20006D9
:103330000CE000BFFFF7CEFBFFF712FDFFF746FEE4
:10334000FFF756FF204601210BF0DEFB0CF070FA70
:10335000297820600129EDD03078002808BFFFF7D8
:10336000D3FB05F077FAF1E790F82020013A012A23
:1033700004D8006800F11402002004E000F12402E7
:1033800001204FF480211368194311607047000039
:1033900010B590F820E0D0F800C0AEF1010EBEF1FB
:1033A000010FDCF808E00ED81EF0E05F11D0CEF37C
:1033B000016E012000FA0EF018608B687BB148683E
:1033C00043EAC0030DE000F1240101204FF4802204
:1033D00023E000F1240101204FF400121DE00868F1
:1033E0004305D1E9030403430CEB0E10C0F8803110
:1033F000C0F88441097D012905D100F5C2710B682F
:1034000043F480730B605168C0F88C11126800F5AA
:10341000C071C0F88821002001220B681A430A609D
:1034200010BD0000B0B590F82020013A012A2FD835
:1034300046F20060C4F20000026842F0010202603D
:10344000026822F47C520260D1F814E0CC694A6A26
:103450000368012C43EA022202600EF01F024FF0C3
:10346000010303FA02F2C3696FEA020C23EA0203C2
:10347000C36113D02CBBC36803EA0C03C360CB68E1
:103480008C8844EA034300EBCE0423640B4611E02E
:10349000416A41F4802141620120B0BDC3681343F9
:1034A000C3600B688C8844EA034300EBCE042364BA
:1034B00001F10C038C681B8843EA044300EBCE0443
:1034C000636443688D6943EA0204D1F810E0096A35
:1034D000002D08BF03EA0C0444604369BEF1000FED
:1034E00043EA020408BF03EA0C040129446102D143
:1034F000C1691143C161016821F00101016000202F
:10350000B0BD00007047000010B590F82040013CAD
:10351000012C0AD8046871B12469A4070ED100F106
:10352000240101204FF4001276E000F12401012073
:103530004FF4802270E0E468A40771D0046804EBC3
:10354000011CDCF8B0410CF5D87E14F00404946042
:10355000DCF8B04119BFE4085460640D1460DEF873
:1035600000400CF5DA7E04F00204D460DCF8B441CB
:1035700024075ABFDEF8004004F00F040824146149
:10358000DEF800400029C4F307249461DEF800400F
:103590004FEA14445461DCF8B8211A70026802EB57
:1035A0000112D2F8B8214FEA12225A70026802EBD7
:1035B0000112D2F8B8214FEA12429A70026802EB67
:1035C0000112D2F8B8214FEA1262DA70026802EBF7
:1035D0000112D2F8BC211A71026802EB0112D2F872
:1035E000BC214FEA12225A71026802EB0112D2F892
:1035F000BC214FEA12429A71026802EB0112D2F822
:10360000BC214FEA1262DA71006814BF00F11001A8
:1036100000F10C01002020220B681A430A6010BD43
:1036200000F1240101204FF40012F5E72DE9F04FDD
:1036300081B0044600684669D0F804908768D0F8E5
:103640000CB0D0F810A0D0F81880F10703D10025F5
:1036500030071CD423E0F90710D00121BA0781609C
:1036600009D4780700F1AA80380700F1B08020461D
:1036700000F006FB02E0204600F004FB0025F80500
:1036800000F18480F80300F1AA80300707D51BF011
:10369000100004D0206845F400751021C160700747
:1036A00008D51BF0080005D020680821C16020461D
:1036B00000F0E4F9B00706D52068C068800702D0A2
:1036C000204600F0DDF9700607D51AF0100004D08E
:1036D000206845F4806510210161B00608D51AF014
:1036E000080005D0206808210161204600F020FA7A
:1036F000F00606D520680069800702D0204600F059
:1037000019FAB00308D519F0100005D0206810216F
:103710004160204600F084FAF00308D519F0080053
:1037200005D0206808214160204600F0B5FA300439
:1037300040F18F805FEA497040F1888006F4807024
:1037400008EA102028435FEA8871014648BF41F02B
:103750000201B20558BF01465FEA48700D4648BFF6
:1037600045F00405700558BF0D4630056ED518F0BC
:1037700070006BD010380009052862D8DFE800F02F
:10378000035356595C5F45F008055AE020684FF432
:103790008071BA0581600AD4780512D4380519D42D
:1037A000204600F071FAF8037FF56FAF17E020466E
:1037B00000F06CFAF8037FF568AF10E04FF4006595
:1037C0005DE705F50055F8037FF55FAF07E04FF4BF
:1037D000805554E705F58045F8037FF556AF20681E
:1037E0004FF48031BA0381600AD478030FD43803D0
:1037F00013D4204600F04CFA30073FF548AF4EE7AF
:10380000204600F047FA30073FF541AF47E705F59E
:10381000004530073FF53BAF41E705F58035300700
:103820003FF535AF3BE745F010050AE045F02005D0
:1038300007E045F0400504E045F0800501E045F46F
:1038400080752068816921F0700181612068042100
:1038500041602DB1606A284360622046FFF752FE46
:1038600001B0BDE8F08F0000B0B5C8B1044690F8D3
:10387000200010B9204600F071F82068016841F07E
:103880000101016000F0B4FC054600BF20684168FA
:10389000C90707D100F0ACFC401B0B28F6D312E09F
:1038A0000120B0BD016821F00201016000F0A0FC20
:1038B000054600BF2068416889070DD500F098FCD7
:1038C000401B0B28F6D3606A052140F4003060628B
:1038D000012084F82010B0BD217E0268012922F069
:1038E000800208BF80320260617E0268012922F0F6
:1038F000400208BF40320260A17E0268012922F026
:10390000200208BF20320260E17E0268012922F015
:10391000100218BF10320260217F0268012922F0D4
:10392000080208BF08320260617F0268012922F0A4
:10393000040208BF04320260D4E901C2D4E90335AD
:1039400061691A432A431143ACF101021143C16179
:1039500000200121606284F82010B0BD10B586B04F
:10396000006846F60002C4F2000200219042CDE950
:103970000411CDE90211019134D046F20041C4F2A4
:103980000001884277D140F6E051C2F200010A6896
:1039900043F64000C4F20200531C0B6052B90021F0
:1039A0000091016841F000710160016801F000714F
:1039B000009100990021009150F8101C142441F04E
:1039C000080140F8101C50F8100C00F0080000909E
:1039D00000980320019040F20040C4F2020000F57C
:1039E000006035E043F64000C4F202000091016837
:1039F00041F080610160016801F0806100910099EF
:103A000040F6E051C2F200010A68531C0B6052B943
:103A100000210091016841F000710160016801F02E
:103A20000071009100990021009150F8101C412470
:103A300041F0020140F8101C50F8100C00F0020098
:103A4000009000986020019040F20040C4F2020013
:103A50000221029100210391032104910921059182
:103A600001A900F0F1FA20460521002200F06EFCC9
:103A7000204600F067FC06B010BD00007047000053
:103A800010B5016846F20042C4F20002914200D033
:103A900010BD41F23424C2F2000440F26063C2F26D
:103AA000000300212246FFF72FFD206840F203218A
:103AB000884219D040F20221884228D040F20121E8
:103AC000884218BF10BD41F2100040F26061C2F29E
:103AD0000000C2F2000105F0CBFE41F20400C2F288
:103AE0000000FEF7D7FF10BD41F29820C2F200009F
:103AF00040F260612830C2F2000105F0B9FE41F2E7
:103B00007C20C2F200000C30FEF7C4FF10BD41F271
:103B1000982040F26061C2F20000C2F2000105F09C
:103B2000A7FE41F27C20C2F20000FEF7B3FF10BDF9
:103B300070470000B0B5016846F60002C4F200020A
:103B4000914200D0B0BD41F2342540F26864C2F227
:103B50000005C2F2000405F11C0201212346FFF713
:103B6000D3FCE86940F20231884215DC40F20111D1
:103B700088422AD0B0F5817FE4D140F2E870216814
:103B80006268C2F20000C0E9001240F60800C2F20A
:103B90000000FEF77FFFB0BD40F2033188422DD018
:103BA000B0F5417F18BFB0BD40F6180040F2686123
:103BB000C2F20000C2F20001FEF782FC40F6600093
:103BC000C2F20000FEF766FFB0BD208841F2182166
:103BD0006288C2F20001088010BAA288000C4880F6
:103BE00010BAE288000C888010BA000CC88041F23C
:103BF0000C20C2F20000FEF74DFFB0BD40F62C00D5
:103C000040F26861C2F20000C2F20001FEF758FC07
:103C100040F66000C2F200000C30FEF73BFFB0BD82
:103C200070470000B0B5044690F8200001281DD16F
:103C3000022084F820002068016821F00101016061
:103C400000F0D6FA054600BF20684068C00713D0D0
:103C500000F0CEFA401B0B28F6D3606A40F4003027
:103C60006062052084F820000120B0BD606A40F445
:103C7000002060620120B0BD00206062B0BD000085
:103C80007047000070470000704700007047000058
:103C900070470000704700007047000070B5866DE7
:103CA000044600F0A5FA94F83510022925D10546FE
:103CB0002068216C026822F016020260426922F03C
:103CC0008002426109B9A16C19B1016821F00801B3
:103CD0000160016821F00101016000BF20680068F7
:103CE000C0070ED000F084FA401B0628F6D320202F
:103CF0006065032084F835000CE0802060650120B9
:103D000008E0E06D3F2101FA00F0B060012084F886
:103D100035000020002184F8341070BD90F8351073
:103D2000022909D1052180F835100068016821F0C9
:103D3000010101600020704780214165012070472A
:103D4000F0B581B004460020009040F22850C2F245
:103D500000000268D4E9166048F2B51337680821FC
:103D6000C1F64E3381403942A2FB03250CD02268B4
:103D700013685B0708D5136823F004031360B16070
:103D8000616D41F00101616501218140394208D036
:103D900022685269120604D5B160616D41F00201DA
:103DA000616504218140394208D022681268920777
:103DB00004D5B160616D41F004016165102181405D
:103DC000394215D020680268120711D5B160026827
:103DD0000168520306D4C90506D4016821F0080120
:103DE000016001E0080342D4216C09B120468847F4
:103DF000E16D202000FA01F23A4244D020680368C5
:103E0000DB0640D5B26094F835300268052B1ED130
:103E100022F016020260426922F080024261226CA6
:103E20000AB9A26C1AB1026822F0080202603F20AF
:103E30008840B060012084F83500216D0020002901
:103E400084F8340040D02046884701B0F0BD0168B6
:103E5000520310D4C90512D4016821F01001016089
:103E6000012084F83500002084F8340007E0A16CBC
:103E70000029BBD1BCE7080301D4616C00E0E16B11
:103E800009B120468847606DF0B1606DC00717D05A
:103E9000052084F835002068A90A026822F0010292
:103EA000026000BF009A01328A42009202D8026882
:103EB000D207F7D1012084F83500002084F83400BF
:103EC000E16C09B12046884701B0F0BD2DE9F04111
:103ED000044600F08DF9C4B10546022084F835008F
:103EE0000020216884F83400086820F00100086090
:103EF00026683068C0070BD000F07AF9401B05280F
:103F0000F6D903212022032042E00120BDE8F08100
:103F1000306848F23F01CFF21001251D00EA010C84
:103F20002ECDD4E9050E41EA0C0111431943294372
:103F3000D4E90778084340EA0E01606A394304284F
:103F400041EA080103D1D4E90B231143194331603D
:103F50007169042821F0070141EA00050CD1D4E978
:103F60000A1045EA010538B12046FEF745FB18B1B5
:103F70000121402201200BE020467561FEF71EFB67
:103F8000E16D3F2202FA01F181600022012100204F
:103F9000626584F83510BDE8F0810000B0B50446D4
:103FA00090F83400012828D0012084F83400A56D51
:103FB00094F8350001281DD1022084F83500002036
:103FC00060652046FEF740FBE26D3F23206803FA60
:103FD00002F2216CAA60026842F01602026019B176
:103FE000016841F008010160016841F001010160D0
:103FF0000020B0BD002084F834000220B0BD0000D5
:10400000B0B5044600F0F4F8054640F20160C2F293
:1040100000000078611C18BF044400BF00F0E8F8FD
:10402000401BA042FAD3B0BD7047000080B543F6F4
:104030001441C4F201010A68024208BF80BD086051
:10404000FFF7F2FF80BD00002DE9F04F83B000F1D3
:104050003E4202F1FF724FEAB22241F6004701925E
:10406000C4F2020708224FF0010E00254FF0000AAB
:104070004FF00008B84208BF072200920AE000BFD4
:1040800008F101080AF1040AB8F1100F05F1020560
:1040900000F0A4800C680EFA08FB14EA0B09EFD0BC
:1040A0004C6804F0030CACF1010EBEF1010F11D805
:1040B0000322876802FA05F6CA68B743AA403A4362
:1040C00082604268C4F3001722EA0B0207FA08F77D
:1040D0003A434260BCF1030F1CD0C26803238E68D0
:1040E00003FA05F7BA4306FA05F73A43BCF1020FA3
:1040F000C2600FD16FF0030202EA580202440AF0D4
:104100001C060F23176A03FA06F40B69A743B34092
:104110003B431362026803234F68AB409A4307F0A6
:104120000303AB401A4317F4403F4FF0010E026007
:10413000A6D0002243F644030292C4F202031A6896
:1041400043F6004442F480421A601A68C4F2010443
:1041500002F480420292029A28F003024FF6084BC2
:104160002244CFF6FF7B52F80B300AF00C070F26E3
:10417000BE4023EA060C019B009E072B38BF1E465B
:1041800006FA07F747EA0C0342F80B30A2684B68BF
:1041900042EA090743F60C4CDE0258BF22EA09073F
:1041A000A760C4F2010CDCF800209E0242EA090775
:1041B00058BF22EA0907CCF8007062689E0342EA01
:1041C000090758BF22EA090767602268DB0342EA51
:1041D000090358BF22EA0903236051E703B0BDE891
:1041E000F08F0000002A08BF0904816170470000B9
:1041F00049F6AC40C2F200000068704740F201602E
:1042000049F6AC41C2F20000C2F2000100780A682F
:10421000104408607047000080B543F60040C4F2C7
:104220000200016841F400710160016841F480619D
:104230000160016841F480710160032000F096F88C
:10424000002000F005F800F059F8002080BD0000C3
:1042500070B586B0002543F640010195C4F2020115
:104260000A68044642F001020A60096801A801F0E8
:10427000010101910199694600F0C4FE049E002EDF
:1042800018BF012600F0E4FE4DF68361B040C4F291
:104290001B31A0FB01014FF0FF3000EB914143F2D5
:1042A000DC40C2F200004FF0804240F2E733C0E948
:1042B0000021C0E902530561856101F083FB0546D9
:1042C000C0B943F2DC40C2F2000001F0E3FB054656
:1042D00080B91C2000F036F80F2C0AD81C2021468B
:1042E000002200F033F840F20460C2F200000460E3
:1042F00000E00125284606B070BD000080B582B000
:10430000002043F640010190C4F202014A6842F4E1
:1043100080424A604A6802F480420192019A009009
:104320000868002240F08050086008680F2100F003
:104330008050009000986FF0010000F007F802B084
:1043400080BD000080B508F06DFF80BD70B51446DB
:104350000D46064608F076FF2946224604F00CFD7D
:104360000146304608F076FF70BD000080B508F0C9
:104370008BFF80BD704700000268002051627047CB
:1043800010B5D0F800C0DCF82400D9B1DCF8283032
:10439000B1F1010E00EB13430CD00021002000BF4F
:1043A0000CEB8101D1F804410130C1B28E4503EB21
:1043B0001443F5D843EA02400CEB8E01C1F8040126
:1043C000002010BD40EA0240CCF82800002010BDBB
:1043D00080B5D0F8E00407F0EBFA80BD80B501EBC2
:1043E000C102D0F8E03400EB8200026A184607F000
:1043F00049FA80BD80B501EBC102D0F8E03400EB92
:104400008200D0F86022184607F096FA80BD0000BE
:1044100080B5D0F8E00407F0CDFA80BD80B501F09A
:104420000F0202EBC20200EB820303F11402090641
:10443000006858BF03F51572114608F06BF980BD8E
:1044400010B50446080601F00F0000EBC00104EBB4
:10445000810205D402F51571002382F8553203E07C
:10446000012302F11401537594F894240870012A71
:1044700004BF022010BD2068012284F8942407F0B4
:10448000BBFE002084F8940410BD0000B0B5027992
:10449000044601F00F00904284BF0120B0BD090620
:1044A00009D400EBC00104EB810202F51571002371
:1044B00082F8553207E000EBC00104EB81020123D2
:1044C00002F11401537594F894240025012A8D708B
:1044D000087004BF0220B0BD2068012284F8942433
:1044E00007F0DEFF284684F89454B0BD01F00F01B8
:1044F00001EBC10100EB8100D0F8680270470000B9
:10450000B0B50546080601F00F0000EBC00105EB51
:10451000810C05D40CF5157100248CF8554204E08B
:1045200001240CF114018CF815404C786FF3DF2254
:10453000002C08708A600B7118BF4883022B04BFDF
:104540000020487195F89404012804BF0220B0BDF2
:104550002868012285F8942407F088FD002085F85A
:104560009404B0BD10B501F00F0404EBC40100EBDE
:10457000810E4FF0000CCEF868C28EF855C290F84C
:1045800006C0CEF86022CEF86432BCF1010F8EF87E
:10459000544208BFCEF8702200680EF515716246CD
:1045A00007F0CEFF002010BDB0B50446007901F041
:1045B0000F05854284BF0120B0BD080609D401EB78
:1045C000C10004EB800000F51571002280F855222F
:1045D00007E005EBC50004EB8000012200F11401A7
:1045E000427594F89404012201288A700D7004BF6A
:1045F0000220B0BD206884F8942407F079FF2DB91B
:104600002068A17904F29C4207F01CFF002084F886
:104610009404B0BD80B501F00F0C0CEBCC0100EBA5
:10462000810E714601F814CF4FF0000CC1F814C090
:104630004FF0010C81F801C090F806C0CA60BCF1CF
:10464000010F0B6108BFCEF830200068624607F00A
:1046500077FF002080BD00002DE9F04F83B0066891
:104660008346304608F0F8F810B103B0BDE8F08F8B
:10467000DBF8000008F01EF90028F6D0D6F808088C
:10468000C0F30D21DBF80000CBF8D41408F012F9C8
:10469000800705D5DBF80000416901F002014161A6
:1046A000DBF8000006F5006708F004F9C00640D505
:1046B000DBF80000816921F010018161346AC4F3E4
:1046C0004340062804F00F051CD002282BD147F6E2
:1046D000F070044027D005EBC5000BEB8005D5F842
:1046E00060122209304608F0E9F8D5F86002D5F8E2
:1046F000681200EB1410C5F8600201EB1410C5F845
:10470000680210E00BF29C413046082208F0D6F80F
:1047100005EBC5000BEB8000D0F86812C4F30A1259
:104720001144C0F86812DBF80000816941F0100103
:104730008161DBF80000CDE9017608F0BBF80003E9
:104740005ED5DBF8000008F093F8002858D0064644
:1047500002984FF0000900F5306440F25725002719
:1047600017E000BF0220A0605FEA8A6044BF2020FB
:10477000A0605FEA8A4044BF4FF40050A060013758
:10478000B9EB560F4FEA560604F1200405F1240553
:1047900036D0F007F3D0DBF800005FFA87F8414627
:1047A00008F080F88246C00705D00120A060584676
:1047B000394604F037FC5FEA0A7005D50820A0608E
:1047C0005846394604F008FC5FEACA6044BF10202E
:1047D000A0605FEA8A70C7D502984069000604D5D8
:1047E0000199486840F4806048601BF80500012882
:1047F000B8D1584641460BF8059000F00DFAB1E7E4
:10480000DBF8000008F056F8400372D5DBF8000032
:1048100008F026F800286CD006460BF29C40009069
:1048200002980BF1170800F510644FF000090027FB
:104830000AE000BF0137B9EB560F4FEA560604F104
:10484000200408F1240854D0F007F3D0DBF800006E
:104850005FFA87FA514608F013F80546C00723D0DF
:10486000019A07F00F00516B012303FA00F021EACF
:1048700000005063A3609BF80600012810D1D8F80F
:104880000500D8F809100844C8F8090047B9D8F855
:104890000D0028B9DBF80000009A012107F0D2FDD5
:1048A00058465146FFF79AFD280744BF0820A060EC
:1048B000E80644BF1020A060680644BF4020A06006
:1048C000A8070FD50298394607F094FF98F8000022
:1048D000012805D15846514688F8009000F096F915
:1048E0000220A0602806A5D55846394604F006FCEB
:1048F000A0E7DBF8000007F0DDFFDDE90198B0F18B
:10490000FF3F1ADCD9F8040020F00100C9F80400C8
:104910009BF8CC04012807D100208BF8CC04584622
:104920000021FFF727FD02E0584600F057FADBF8B8
:104930000000416901F000414161DBF8000007F02F
:10494000B9FF00050CD5D9F80800C00702D05846B9
:1049500000F08EFADBF80000416901F4006141616A
:10496000DBF8000007F0A6FFC00460D5D9F804000A
:10497000102120F00100C9F80400DBF8000007F066
:1049800039FF9BF80400F8B19BF8041008F510609B
:1049900000224FF67F3300BF83600768013227F49F
:1049A00000170760C0F80832D0F800728A4227F476
:1049B0000017C0F80072D0F8007247F00067C0F826
:1049C000007200F12000E7D3D9F81C0040F001107C
:1049D000C9F81C009BF80F0040B1D9F8840040F0E2
:1049E0000B00C9F8840009F1440008E0D9F814006C
:1049F00042F22B010843C9F8140009F110000168C4
:104A00000BF29C4241F00B010160D9F8000020F448
:104A1000FE60C9F80000DBF800009BF8061007F004
:104A200011FDDBF80000416901F480514161DBF8C0
:104A3000000007F03FFF80041CD5DBF8000007F002
:104A400061FBDBF8000007F0F9FEDBF800408BF8B3
:104A5000070000F0F7FA9BF807200146204607F010
:104A6000A7FF584600F0A8F9DBF80000416901F4FF
:104A700000514161DBF8000007F01CFF000708D57A
:104A8000584600F0B1F9DBF80000416901F0080177
:104A90004161DBF8000007F00DFF00061ED5D8F8D5
:104AA000180020F08000C8F818009BF804000228C5
:104AB00014D3012440F27B2507E000BF9BF80400DB
:104AC0000134844205F1240508D21BF805000128B1
:104AD000F4D1E1B25846FFF7A1FCEFE7DBF80000A4
:104AE00007F0E8FEC00229D59BF8040002281FD376
:104AF00008F512640BF13C050126012708E000BF10
:104B00009BF8040001372034874205F124050FD2B9
:104B10002068B0F1FF3FF3DC28780128F0D147F09E
:104B20008000C1B2584605F8016CFFF777FCE7E753
:104B3000DBF80000416901F480114161DBF80000FD
:104B400007F0B8FE80023AD59BF80400022830D363
:104B500008F532600BF51F710122012308E000BF48
:104B60009BF8047001332030BB4201F1240120D2B4
:104B70000768B7F1FF3FF3DC0E78012EF0D1DBF8C8
:104B8000D46407F4803706F00106B742E8D101F893
:104B9000012CD8F8187047F08007C8F81870D8F8BA
:104BA00014703F06DCD4D9F8040040F40070C9F852
:104BB0000400DBF80000416901F400114161DBF8F9
:104BC000000007F077FE400008D55846FFF700FCCC
:104BD000DBF80000416901F080414161DBF8000031
:104BE00007F068FE40077FF540ADDBF80000446841
:104BF000600702D55846FFF70BFCDBF80000416860
:104C00002143416003B0BDE8F08F000080B5D0F8CB
:104C1000E00406F02BFF80BD80B5D0F8E00406F07C
:104C200039FF80BDB0B582B008B30446056890F87E
:104C3000950428B9002084F89404204600F078F800
:104C40000320B5F1A04F84F8950404BF0020A071A3
:104C5000206807F0EFFB94E80F00257C009507F033
:104C600061FA30B1022084F8950401255CE0012549
:104C70005AE02068002107F04DFE20B1022084F8A0
:104C80009504012550E094F804C0BCF1000F1DD03C
:104C900094F804C04FF0010E6046BCF1010F98BFBC
:104CA000704600EBC000820000230025002000BFFA
:104CB000611924350875C885AA4200F1010081F800
:104CC00015E00B76C1E907334B62F1D1BCF1000F5F
:104CD00016D00CEBCC00800000210022002300BF86
:104CE000A518243285F85432904203F1010385F867
:104CF000551285F85812C5E99711C5F86412EFD11D
:104D000094E80F00257C009507F0E0FA20B102201E
:104D100084F89504012507E000250120657484F8D6
:104D20009504206807F0C2FA284602B0B0BD000022
:104D3000B0B586B000680024B0F1A04F0594CDE96D
:104D400003440294019401D006B0B0BD43F630058F
:104D50000094C4F20205286801A940F0010028600F
:104D6000286800F00100009000984FF4C0500190B6
:104D70000220CDE90204032004900A2005900020BF
:104D8000C4F20200FFF760F96868052140F0800076
:104D9000686000946869002240F480406861686936
:104DA00000F48040009000984320FFF7CFFA4320A2
:104DB000FFF7C8FA06B0B0BD10B5C179044621B1FD
:104DC000022918BFFDF7BEFD0121D4F8E00406F06A
:104DD000D3FED4F8E00406F085FE10BD80B5D0F80F
:104DE000E00406F0B1FE80BD80B5D0F8E00406F026
:104DF000B5FE80BD10B5044690F89404012804BFA8
:104E0000022010BD012084F894046174206807F02A
:104E1000B5FD002084F8940410BD000080B5D0F8E2
:104E2000E02400F29C41104606F0B2FE80BD000076
:104E300010B5044690F89404012804BF022010BD68
:104E40002068012184F89414C168490606D5617B65
:104E5000012903D1816B41F48031816307F09EFC0D
:104E6000206807F013FA002084F8940410BD0000B5
:104E700010B50446D0F8E00406F0C6FE2068D0F86D
:104E8000001E41F00101C0F8001EE07A002808BFB2
:104E900010BD4EF61050CEF20000016841F0060140
:104EA000016010BD2DE9F041002800F08B8043F631
:104EB0000808C4F202080446D8F8F8030D4600F0CA
:104EC0000700884207D288F8F853D8F8F80300F0B2
:104ED0000700A84276D12068810717D5410705D57C
:104EE000D8F8001041F4E051C8F80010010705D5CA
:104EF000D8F8001041F46041C8F80010D8F800104C
:104F0000A26821F0F0011143C8F80010C0073FD19A
:104F1000D8F8F80300F00700A84207D988F8F8533A
:104F2000D8F8F80300F00700A8424BD120684107E9
:104F300007D5D8F80010E26821F4E0511143C8F811
:104F40000010000708D5D8F80000216920F460405F
:104F500040EAC100C8F8000000F09EF8D8F8001040
:104F600040F60032C1F30311C0F60102515C40F279
:104F7000285220FA01F140F20460C2F200000068F9
:104F8000C2F200021160FFF763F90020BDE8F08172
:104F90006068811E022907D258F8081C89015CBF8D
:104FA0000120BDE8F08110E0012807D158F8081C65
:104FB00089035CBF0120BDE8F08106E058F8081CB9
:104FC000890702D40120BDE8F081D8F8001021F053
:104FD00003010843C8F80000FFF70AF9064641F24A
:104FE000883700BFD8F80000616800F00C00B0EB13
:104FF000810F8DD0FFF7FCF8801BB842F2D9032057
:10500000BDE8F0810F22026043F60802C4F20202FA
:10501000136803F003034360136803F0F003836035
:10502000136803F4E053C360D2F800C04FF4E053B8
:1050300003EADC030361D2F8F80300F0070008601C
:105040007047000040F22850C2F20000006870472C
:1050500080B5FFF7F7FF43F60801C4F202010968C3
:1050600040F61032C1F38221C0F60102515CC84003
:1050700080BD000080B5FFF7E5FF43F60801C4F2EC
:105080000201096840F61032C1F34231C0F6010254
:10509000515CC84080BD000010B543F60404C4F262
:1050A0000204606800F00C0008280AD0042819BF28
:1050B00042F20040C0F2F40041F60030C0F2B70006
:1050C00010BD206821682368490241F60031C0F212
:1050D000B70100F03F02C3F388105CBF42F2004109
:1050E000C0F2F401A1FB00010023FBF7BDFD216824
:1050F0000222C1F3014102EB4101B0FBF1F010BD0E
:105100002DE9F04182B0002800F0A280044600782A
:1051100043F60006C007C4F2020643D0B06800F0B0
:105120000C00042805D1306880033BD56068C8BBFB
:105130008EE0B06800F00C00082802D170684002D0
:10514000F1D46568B5F5A02F0AD0B5F5803F0BD036
:10515000306820F480303060306820F4802006E031
:10516000306840F480203060306840F48030306037
:10517000FFF73EF8002D054611D000BF30688003D0
:1051800010D4FFF735F8401B6428F7D922E100BF9F
:10519000FFF72EF8401B64284FF0030055D8306805
:1051A0008003F5D4207880071AD5B06810F00C0F72
:1051B00009D0B06800F00C00082840F08A807068C0
:1051C000400200F186803068800702D5E06801283F
:1051D0003ED13068216920F0F80040EAC10030601B
:1051E0002078000738D4207840074CD4A5695DB3F7
:1051F000B06800F00C00082840F09E80012D27D0F8
:105200007068E16900F480028A4221D1216A00F0CD
:105210003F028A421CD147F6C071626A0140B1EB7D
:10522000821F15D1A26A0023CFF6FF7303EBC232AF
:1052300000F440316FF30F02914209D1E16A00F0AE
:105240007060B0EB016F03D1002002B0BDE8F081C7
:10525000012002B0BDE8F0816069002840F2000042
:10526000C4F2472057D00121C0F8801EFEF7C0FFCE
:10527000054600BF706F8007B5D4FEF7B9FF401B2D
:105280000228F7D9A6E0306C10F080580AD100202F
:105290000190306C40F080503064306C00F08050F1
:1052A0000190019847F20007C4F200073868C00572
:1052B00024D4386840F480703860FEF799FF0546C2
:1052C0003868C0051AD4FEF793FF401B0228F7D9AF
:1052D00080E0E068002851D00020C4F2472001217E
:1052E0000160FEF785FF0546306880073FF571AF26
:1052F000FEF77EFF401B0228F6D96BE0A568052D5E
:1053000050D0012D52D0306F20F001003067306F47
:1053100020F004004DE00021C0F8801EFEF768FF79
:10532000054600BF706F80077FF55DAFFEF760FF39
:10533000401B0228F6D94DE00027C4F24727002081
:105340003866FEF755FF022D05460BD13068800107
:1053500058D5FEF74DFF401B02284FF00300F5D94A
:1053600073E700BF306880017FF56EAFFEF740FF46
:10537000401B02284FF00300F4D966E70020C4F276
:10538000472000210160FEF733FF054630688007A3
:105390007FF526AFFEF72CFF401B02284FF00300DD
:1053A000F4D952E7306F40F004003067306F40F0BE
:1053B00001003067FEF71CFF002D054641F28837DB
:1053C00014D000BF306F800713D4FEF711FF401BCD
:1053D000B842F7D9032002B0BDE8F081FEF708FF1C
:1053E000401BB8424FF003003FF62FAF306F8007ED
:1053F000F4D4B8F1000F7FF4F9AE306C20F0805097
:105400003064F3E604F11C052FCD08430021CFF6EC
:10541000FF7140EA821001EBC3316FF30F0140EAE4
:1054200005600843706001203866FEF7E1FE04461F
:10543000306880013FF508AFFEF7DAFE001B022856
:105440004FF00300F4D900E77047000010B50446A0
:10545000006841688A0615D44A0615D4C90710D0D9
:10546000016821F0080101608168E1606079042829
:1054700008BF10BD0120607100202071204600F09F
:105480004DF810BD102000E00820A06004206071DD
:105490002046FFF7D9FF20686FF06001416010BD22
:1054A000002804BF0120704710B50446407920B998
:1054B00000202071204600F00DF802206071206865
:1054C000016841F004010160012060710020A060CA
:1054D00010BD000080B582B0006840F60001C5F242
:1054E0000601884201D002B080BD0020019043F641
:1054F0003400C4F202000168002241F04001016062
:105500000068052100F04000019001985020FEF74E
:105510001DFF5020FEF716FF02B080BD704700004F
:1055200070B538B10446406A30B10020206104F102
:10553000140007E0012070BD6068B0F5827F03D0E1
:1055400004F11C00002101600026A66294F85100BD
:1055500020B9204684F8506000F03CF8022084F81E
:10556000510094E80F0001F48271056802F40442CE
:1055700025F040050560114403F4006223691144DD
:1055800003F002026369114403F00102A369E569B3
:10559000114403F40072114405F03802256A1144E5
:1055A00005F08002A56A114305F400521143016021
:1055B000626A042101EA134102F0100211444160C1
:1055C000C16921F40061C1610120666584F8510060
:1055D000304670BD2DE9F04F87B0044643F2000716
:1055E0000068C4F201070026B8420696CDE90466B9
:1055F0000396029602D007B0BDE8F08F43F6300064
:105600000196C4F20200416902AD41F4805141614A
:1056100041694FF0020901F480510191019901960D
:1056200001684FF0010A41F00201016001684FF08A
:10563000030B01F0020101910199019601684FF0FD
:10564000050841F0010101600068294600F00100F1
:10565000019001981820029007F55440CDF80C9065
:10566000CDF810A0CDF814B0CDF81880FEF7ECFC02
:10567000802002A981E8010ECDF8188046F240484A
:1056800007F550402946C4F20208FEF7DDFC42F659
:105690000055C2F200054FF440304FF0C0674FF4A0
:1056A0008069C5E908062846C5E90087C5E902669C
:1056B000C5E90496C5E90666FEF708FC002818BF90
:1056C000FDF740F9E564AC6342F6605508F1180057
:1056D000C2F200054021C5E9000705F108000022DB
:1056E00080E806024FF40030C5E908022846C5E903
:1056F0000522EA61FEF7EAFB002818BFFDF722F950
:10570000A564AC6307B0BDE8F08F00002DE9F0435D
:1057100081B01E4615460F460446FEF769FD94F813
:1057200051108146012909D06068B0F5827F14D1FB
:1057300004294FF0020007D1A16829B9002F4FF0CA
:10574000010018BF002D02D101B0BDE8F083002E8A
:10575000FAD094F85000012803D1022001B0BDE82E
:10576000F083012084F8500094F8510000210428AF
:105770001CBF052084F851006165A563E687A687F4
:105780002763E6862068A68621646164016849066D
:1057900003D4016841F0400101606168731EE26852
:1057A000B1FA81F1B3FA83F3DDF8208049095B098E
:1057B000B2F5006F41EA030139D139B1216B098893
:1057C000C160B81C2063E08E0138E086012608F134
:1057D000010500BFE08E10B9E08F00286CD0206872
:1057E000816889070CD5E18E012E09D141B1216B69
:1057F000002631F8022BC2602163E18E0139E18677
:105800008168C9070AD0E18F41B1C068A16B012648
:1058100021F8020BA163E08F0138E087FEF7E8FC76
:10582000002DD7D0A0EB09004045D3D33AE039B1E1
:1058300039780173206B01302063E08E0138E086F7
:10584000012608F1010500BFE08E08B9E08F98B38A
:105850002068816889070DD5E18E012E0AD149B1F2
:10586000216B002609780173206B01302063E08EE4
:105870000138E08620688168C9070BD0E18F49B103
:10588000C068A16B01260870A06B0130A063E08F97
:105890000138E087FEF7ACFC002DD5D0A0EB090065
:1058A0004045D1D3012084F85100002084F85000F5
:1058B000032001B0BDE8F083204641464A4604F08B
:1058C000F9F840B120206065002084F850000120E4
:1058D00001B0BDE8F083A06838B9002000902068CE
:1058E000C1680091806800900098012084F8510000
:1058F000002084F85000606D002818BF012001B01E
:10590000BDE8F083704700007047000010B590F8C4
:105910003C20012A4FF0020252D0012380F83C3093
:1059200080F83D200268D2F804E0D2F808C00C6884
:105930002EF07003234341F2FF74C4F20004A2422C
:1059400053600DDC40F2FF73C4F200039A4215DC91
:10595000B2F1804F29D040F20043C4F2000322E0AC
:1059600040F2FF33C4F201039A4212DC41F6000315
:10597000C4F200039A4218D0002312E040F600035C
:10598000C4F200039A4210D040F60043C4F2000370
:1059900009E044F20003C4F201039A4205D040F248
:1059A0000043C4F201039A4204D149682CF08003F9
:1059B000194391600121002280F83D1080F83C20BD
:1059C000104610BD002804BF0120704710B50446E2
:1059D00090F83D0028B9002084F83C00204600F0F3
:1059E0001FF8022084F83D002068211D04F0DAFD34
:1059F000012084F8460084F83E0084F83F0084F8D3
:105A0000400084F8410084F8420084F8430084F8A0
:105A1000440084F8450084F83D00002010BD0000DB
:105A200080B582B0006844F20041C4F201018842AE
:105A30001ED040F20041C4F20001884227D100206C
:105A4000019043F64000C4F202000168002241F0D8
:105A5000020101600068052100F002000190019838
:105A60001D20FEF773FC1D20FEF76CFC02B080BD0C
:105A70000020009043F64000C4F20200416841F467
:105A800000314160406800F400300090009802B09E
:105A900080BD000090F83D1001291CBF0120704717
:105AA000022180F83D10006841F2FF72C168C4F223
:105AB0000002904241F00101C1600DDC40F2FF7133
:105AC000C4F20001884215DCB0F1804F29D040F2C9
:105AD0000041C4F2000122E040F2FF31C4F20101B2
:105AE000884212DC41F60001C4F20001884218D05D
:105AF000002112E040F60001C4F20001884210D0FB
:105B000040F60041C4F2000109E044F20001C4F291
:105B10000101884205D040F20041C4F201018842EF
:105B200006D1816801F00701062904BF00207047F3
:105B3000016841F0010101600020704710B5044682
:105B400090F83C0001284FF0020008BF10BD012270
:105B500084F83C2084F83D0020684FF67773826813
:105B60009A4382600A684F2A0FDC1F2A22DD202A0E
:105B700023D0302A21D0402A4DD14B68CA6819461B
:105B800004F0AEFE206840213BE06F2A17DDB2F53D
:105B9000005F20D0B2F5805F2AD0702A3BD1D1E9D6
:105BA000012CCB68614604F0A9FD2068816841F0B2
:105BB00077011AE00AB1102A2DD1114621E0502AAE
:105BC00018D0602A27D14B68CA68194604F09AFE9B
:105BD0002068602115E0D1E9012CCB68614604F012
:105BE0008DFD2068816841F48041816000200BE0D8
:105BF000002009E04B68CA68194604F071FE20686D
:105C0000502104F087FD0020012184F83D1000217F
:105C100084F83C1010BD0120F6E70000704700003A
:105C2000B0B504460068C168026902EA0105A90727
:105C30001DD4680731D4280747D4E8065CD4E807A8
:105C400073D128067BD4680606D520686FF0400122
:105C50000161204600F028FAA80658BFB0BD2068B0
:105C60006FF0200101612046FFF74EFEB0BD6FF0DE
:105C700002010161012121778069800703D020465C
:105C8000FFF7CCFF05E0204600F0B6F8204600F014
:105C90004BF9002020776807CDD520686FF004010C
:105CA000016102212177806910F4407F03D02046F2
:105CB000FFF7B4FF05E0204600F09EF8204600F014
:105CC00033F9002020772807B7D520686FF0080146
:105CD000016104212177C069800703D02046FFF7C6
:105CE0009DFF05E0204600F087F8204600F01CF9F3
:105CF00000202077E806A2D520686FF0100101612E
:105D000008212177C06910F4407F03D02046FFF7B7
:105D100085FF05E0204600F06FF8204600F004F90A
:105D200000202077E8073FF48CAF20686FF0010176
:105D30000161204600F08CF928067FF584AF2068C9
:105D40006FF0800101612046FFF7DCFD68067FF5FA
:105D500083AF7AE780B586B0006844F20042C4F2AF
:105D6000010200219042CDE90411CDE90211019117
:105D70001ED040F60001C4F20001884239D1002053
:105D8000009043F63000C4F202000168032241F0A3
:105D9000080101600068022100F0080000900098EE
:105DA0004FF48040019040F60040C4F2020017E03A
:105DB00043F630000091C4F202000168022241F073
:105DC000200101600068032100F02000009000988D
:105DD0004020019040F60040C4F2020000F500604F
:105DE000022302930123059101A9CDE90332FEF7B5
:105DF0002BF906B080BD000070470000B0B5044626
:105E000090F83C00012804BF0220B0BD0D464FEAC7
:105E1000B2010120032984F83C0037D8DFE801F003
:105E2000020A12222068294604F07CFC206850F8FF
:105E3000181F0EE02068294604F0A6FC206850F8E0
:105E4000181F16E02068294604F0D4FC206850F89A
:105E50001C1F41F008010160016821F0040101608C
:105E600029690FE02068294604F0F8FC206850F802
:105E70001C1F41F400610160016821F48061016030
:105E8000296909020268114301600020002184F899
:105E90003C10B0BD002804BF0120704710B5044677
:105EA00090F83D0028B9002084F83C00204600F01E
:105EB0001FF8022084F83D002068211D04F072FBC9
:105EC000012084F8460084F83E0084F83F0084F8FE
:105ED000400084F8410084F8420084F8430084F8CC
:105EE000440084F8450084F83D00002010BD000007
:105EF00081B0006840F60001C4F20001884201D080
:105F000001B070470020009043F64000C4F2020048
:105F1000016841F004010160006800F00400009095
:105F2000009801B0704700007047000010B50446AB
:105F300041B1082909D0042914BF04F1410004F13A
:105F40003F0004E004F13E0001E004F1400000786D
:105F500001281CBF012010BD022041B1082909D031
:105F6000042914BF84F8410084F83F0004E084F859
:105F70003E0001E084F840002068012204F0ACFB00
:105F8000206841F2FF71C4F2000188420FDC40F248
:105F9000FF71C4F20001884217DCB0F1804F49D094
:105FA00040F20041C4F20001884243D049E040F28F
:105FB000FF32C4F20102904214DC41F60003C4F245
:105FC0000003984236D0002314E040F60001C4F2EA
:105FD000000188422ED040F60041C4F20001884200
:105FE00028D02EE044F20003C4F20103984221D0ED
:105FF00040F20043C4F20103984222D1436C88422C
:1060000043F400434364C2DD904207DC41F60001E3
:10601000C4F2000188420DD0002107E044F20001E3
:10602000C4F20101884205D040F20041C4F20101EE
:10603000884206D1816801F00701062904BF0020CB
:1060400010BD016841F001010160002010BD000099
:1060500010B504460068B0F1804F08BFFEF7CEF8D7
:1060600043F22450C2F20000844218BF10BD40F633
:106070005D00C2F200000078012841F2AC30C2F2AB
:10608000000002D101680131016041F2F021C2F249
:1060900000010968012902D1818801318180C1880C
:1060A0000131C18010BD00007047000070B582B0A2
:1060B000044690F84200202822D100294FF0010523
:1060C00018BF002A1DD001250026204625636663DF
:1060D00004F0E4FD206B012813D1019620680168CB
:1060E0000191406801900198206850E8030F2168F1
:1060F00040F0100041E80302002AF5D1002500E03D
:106100000225284602B070BD70B582B0044690F8F2
:106110004200202822D100294FF0010518BF002A93
:106120001DD00125002620462563666304F002FE8B
:10613000206B012813D10196206801680191406805
:1061400001900198206850E8030F216840F010008A
:1061500041E80302002AF5D1002500E00225284687
:1061600002B070BD80B542F61802C2F20002D2F849
:106170008430834218BF80BD02F18A0006F0F6FE2B
:1061800006F0CEFD42F6A410C2F20000FCF782FC3D
:1061900080BD000080B542F61801C2F20001D1F8BE
:1061A0008410814208BF06F0BBFD80BDB0B582B04F
:1061B000036804461868D9685A6900F02F05202D35
:1061C00001F0200505D125B1204604F095FC02B070
:1061D000B0BD5FEA007C1EBF02F0010E01F49072B8
:1061E00012EB0E024AD1226B0840C1063DD5012AAE
:1061F0003BD10020019018680190586801900198E7
:106200005869400642D4A08DE18DE28D002A1CBF62
:10621000401A5FEA004101D102B0B0BD216851E8E7
:10622000031F226821F4907142E80313002BF5D17B
:10623000216851E8051F226821F0010142E8051399
:10624000002BF5D1202184F842100021216300BFEA
:10625000216851E8031F226821F0100142E803136E
:10626000002BF5D10221616354E0010658D44006A9
:10627000D2D5204604F026FC02B0B0BDC20718BF3C
:1062800011F4807251D1420755D45BE0E06B016894
:1062900049688AB2002ABFD0A38D9A42BCD2E18558
:1062A000C069B0F5807F30D0206850E8030F2168C6
:1062B00020F4807041E80302002AF5D1206850E8FC
:1062C000050F216820F0010041E80502002AF5D100
:1062D000206850E8050F216820F0400041E80502E1
:1062E000002AF5D1202084F842000020206300BF5E
:1062F000206850E8030F216820F0100041E80302F5
:10630000002AF5D1E06BFDF7C9FC02206063A08D87
:10631000E18D401A81B22046FFF724FF02B0B0BDE4
:10632000204604F021FD02B0B0BD626C42F00102D3
:106330006264420706D5BEF1000F03D0626C42F0E2
:1063400002026264820706D5BEF1000F03D0626CC0
:1063500042F004026264BCF1000F06D55EEA050259
:1063600003D0626C42F008026264626C002A3FF45F
:1063700053AF0840800602D5204604F0BDFB2068DC
:106380004069616C00F0400001F00801401827D01E
:10639000204604F06FFB2068406940061BD500BF13
:1063A000206850E8050F216820F0400041E8050210
:1063B000002AF5D1E06B70B14AF62911C0F6000150
:1063C0000165FDF7ABFC00283FF426AFE06B016DE3
:1063D000884702B0B0BD2046FFF7DCFE02B0B0BD7A
:1063E0002046FFF7D7FE0020606402B0B0BD000079
:1063F000002804BF0120704710B5044690F8410002
:1064000028B9002084F84000204600F021F824201C
:1064100084F841002068C16821F40051C160204621
:1064200004F0CEFB2068016921F4904101614169CB
:1064300021F02A014161C16841F40051C16000208E
:106440002021606484F8411084F84210606310BD1C
:106450002DE9F04F87B00446006844F60001C4F20D
:10646000000100268842CDE90566CDE90366029663
:1064700000F0968041F20041C4F20101884200F030
:10648000DB8041F20001C4F20101884240F0318119
:10649000002743F630000197C4F20200416900254D
:1064A00041F0100141614169C4F2020501F010019F
:1064B000019101990197016802AE41F0020101606A
:1064C000016846F2280801F0020101910199019743
:1064D00001684FF0020941F00101016000684FF0CE
:1064E000030A00F0010001900198802002904FF013
:1064F000070B05F580603146C4F20208CDE9039729
:10650000CDF814A0CDF818B0FDF79EFD4FF4007043
:10651000CDE9020904A880E8800C28463146FDF741
:1065200093FD42F6206508F59260C2F200054FF037
:10653000006A4021C5E9000A05F108004FF48069AE
:1065400080E882024FF440362846C5E90577EF61BE
:10655000C5E90867FDF7BAFC002818BFFCF7F2F997
:10656000A563AC6342F6C05508F58C60C2F2000525
:10657000C5E9000A2846C5E90277C5E90497C5E9D7
:106580000677C5E90867FDF7A1FC002800F0A280A6
:10659000FCF7D8F942F6C0552526C2F200059EE068
:1065A00043F630000196C4F20200016941F48021F3
:1065B0000161016901F4802101910199019601684D
:1065C00041F004010160006802A900F0040001909C
:1065D00001984FF4406002900220CDE903060320A9
:1065E0000590072006900020C4F2020000F500602C
:1065F000FDF72AFD42F6806546F22800C2F200054A
:10660000C4F202004FF000614FF4806285E843005D
:106610002846C5E90362C5E90566C5E907666E62F5
:10662000FDF754FC002857D0FCF78CF942F6806542
:106630002726C2F2000552E0002643F630000196FC
:10664000C4F20200416941F020014161416901F059
:106650002001019101990196016841F0400101601A
:10666000006802A900F04000019001984FF48440B6
:1066700002900220CDE90306032005900820069031
:106680000020C4F2020000F5C050FDF7DDFC46F228
:106690002800C4F2020042F6E06500F58060C2F214
:1066A00000054FF020614FF4806285E843002846E2
:1066B000C5E90362C5E90566C5E907666E62FDF7CF
:1066C00005FC58B1FCF73EF942F6E0654726C2F2F8
:1066D000000504E0252602E0272600E04726304694
:1066E00005210022E563AC63FDF730FE3046FDF77F
:1066F00029FE07B0BDE8F08F70470000704700002A
:106700002DE9F041044690F8410020281CBF0220EA
:10671000BDE8F0810E4600294FF0010042D0174637
:10672000002A08BFBDE8F0814FF0000821201D4677
:10673000C4F8448084F84100FDF75AFDA784E7843B
:10674000A1680746B1F5805F0DD12069002814BF0C
:106750003046B046064606E016F8010B2168486050
:10676000E08C0138E084E08C80B1204680213A46FC
:106770002B4604F023FBB8B9002EEDD138F8020BFC
:1067800021686FF35F2048600026E9E7204640213A
:106790003A462B4604F012FB202184F841100028D1
:1067A00018BF0320BDE8F081202084F841000320B9
:1067B000BDE8F081B0B5044690F8410020281CBF28
:1067C0000220B0BD4FF0010089B3002A134608BF74
:1067D000B0BD4FF0000C21202162A384E384C4F8F3
:1067E00044C084F84100A06B4AF6292E4AF6692578
:1067F0002268C0F6000EC0F60005C0E90FE54AF6B3
:106800003915C0F600050432C0E9135CFDF7C6FB7C
:1068100020686FF040010160206850E8050F216892
:1068200040F0800041E80502002AF5D10020B0BD0B
:10683000704700007047000080B543F22C40C2F260
:106840000000FEF703FE80BD70B543F69445044694
:10685000C2F2000500202A88A37B2074D4F8F4003B
:1068600061685A43FAF731FA2988A27B606851437C
:10687000FAF744FA2988A27BD4F81801514351430E
:10688000FAF73CFA2988227BA37BD4F80C01514308
:106890005943FAF733FAA07B60B30020002105E0EA
:1068A000A27B0131914200F1040023D2D4F8F420FC
:1068B000131893ED000AB5EE400AF1EE10FAEFD08E
:1068C000237C656A02EB830282ED000AE954D4E975
:1068D000053294F80CE052F800C0227C5B5CD4F8DE
:1068E0000C5112FB0E3305EB8303013243F804CC49
:1068F0002274D5E7207CE0B1237CD4F81CC0194673
:10690000D4F824E0D4F81851012B98BF0121494252
:106910004FF0FF320EEB0206767801325CF826600B
:1069200002FB002045F82060881801301846F1D19C
:106930001846217BA4F87800A4F87A10A4F88010F7
:10694000A4F88200A4F89000A4F89200A4F898108B
:10695000A4F89A00A4F8480070BD0000FEE700000B
:1069600040F6E450C2F2000090ED040A9FED1C3A9C
:10697000B0EEC01AB4EE431AF1EE10FA11DC90ED4D
:10698000031AB0EEC12AB4EE432AF1EE10FA08DC85
:1069900090ED052AB0EEC24AB4EE434AF1EE10FA89
:1069A00002DD4FF0FF307047B5EE400AF1EE10FA0D
:1069B0004FF00001B5EE401A4FF0000008BF012172
:1069C000F1EE10FA4FF00002B5EE402A08BF0122A6
:1069D0001140F1EE10FA18BF012008404042704704
:1069E00000003443B0B52DED088BD0F8EC500446D0
:1069F00095ED00AA95ED018A95ED029A95ED03BA01
:106A00002AEE0A0A28EE081A30EE010A29EE091ABF
:106A100030EE010A2BEE0B1A30EE010A07F018F8DF
:106A20006FF00300291891ED011A043020EE011ACD
:106A30000C2881ED011AF5D141F22800C2F20000C4
:106A400090ED670AB6EE001A28EE000AD4F800218D
:106A500020EE010A82ED040A90ED670AD4F8F810DE
:106A600029EE000A20EE010A82ED050A90ED670A80
:106A70002AEE400A20EE010A82ED0A0A90ED670A2A
:106A80002BEE000A20EE010A82ED0B0A90ED670A58
:106A90002BEE400A20EE010A82ED100A90ED670A03
:106AA0002AEE400A20EE010A82ED110A90ED670AF3
:106AB00029EE000A20EE010A82ED160A90ED670A1F
:106AC00028EE400A20EE010A82ED170A90ED6A0ACC
:106AD00091ED1C1A81EE001A91ED230A81ED1C1A2A
:106AE00090ED6A2A44F2000080EE022A9FED0B0A24
:106AF000C4F21C60B4EE401AF1EE10FA81ED232AC4
:106B0000C8BF086791ED231AB4EE401AF1EE10FAEF
:106B1000C8BFC1F88C00BDEC088BB0BD00401C465E
:106B2000B0B541F228050446C2F2000501202870E4
:106B300005F5C87080EC030A4CF67740C3F22B20B1
:106B4000B7EE000AC5F8A4010020F4EE401A85F85B
:106B50006401F1EE10FAC8BFF0EE401AC5E9020078
:106B6000C5E9040005F13000062100220323C5ED2C
:106B70006A1A85ED6E2A00F0E1FE05F5E67005F56E
:106B8000D07301210122F9F727FCD5F81801211F44
:106B90000438042251F8043F013A40F8043FF9D187
:106BA00046F6F93046F6E511C0F60000C0F60001E1
:106BB00046F6354247F2790305F1FC0CC0F60002B7
:106BC000C0F600038CE80F0040F20111D5F8300147
:106BD000A5F85A1040F63C41C0F601019022FAF7A0
:106BE00074F8D5F8280140F24C01C2F2000190225D
:106BF000FAF76BF8B0BD000010B50446D0F8F810F5
:106C000040F24C00C2F200009022FAF75EF8D4F88D
:106C10001C1140F66C60C2F200004822FAF755F8E9
:106C2000D4F80C1140F62460C2F200004822FAF7B2
:106C30004CF810BD10B52DED088B43F69441044679
:106C4000C2F20001D0F8EC000988A27B237B90ED12
:106C5000000A90ED011A90ED022A90ED033AD4F863
:106C60000C015143594330EE008A31EE019A32EE65
:106C700002AA33EE03BAFAF741F8D4F80C01B1EEE8
:106C8000481AB1EE4A0A80ED021AB1EE491A80EDB7
:106C9000000A80ED01BA80ED039A80ED069A80ED3E
:106CA000078A80ED08BA80ED09AA80ED0C8A80ED94
:106CB0000D1A80ED0E0A80ED0FBABDEC088B10BDE9
:106CC000B0B52DED108B41F22804C2F20004B0EEF5
:106CD00043BAB0EE429A84ED673A94ED5E2A94EDA1
:106CE0005F3A94ED604A30EE420A30EEC32A31EE4C
:106CF000441AB6EE003AD4F8300140F63C4120EE9A
:106D000003CA22EE03EA61EE038AC0F60101902273
:106D1000B0EE628AB0EE61AA84ED060A84ED072A1D
:106D200084ED081A2CEE0BDA2EEE0BFA68EE8B9A35
:106D3000F9F7CBFFD4E90401D4F830212CEE4B0A4B
:106D40002EEE4B1A28EECB2A084382ED010A82ED83
:106D5000021A82ED032A82ED06DAC2ED089A82ED6C
:106D6000091A82ED0CFA82ED0D2A82ED0FDAC2EDDE
:106D7000129A82ED13FA82ED140A05D184ED09AA64
:106D800084ED0A9A84ED0B8A94ED6E0A94ED091A4B
:106D900094ED0A2A94ED674A94ED0B3A21EE001A1D
:106DA00030EE045A24EE0A6A20EE022A24EE097A12
:106DB00081EE051A86EE056A82EE052A87EE057ACF
:106DC00020EE030A24EE083A80EE050A83EE053A27
:106DD00031EE061A84ED091A37EE022A84ED0A2AEA
:106DE00021EE011A22EE022A33EE000A84ED0B0A8C
:106DF00031EE021A20EE000A31EE000A06F028FEFB
:106E0000606BB0EE408A2021621892ED010A4218B0
:106E1000043128EE000A2C2902ED080AF4D194ED81
:106E2000060A94ED071A94ED082A20EE000A21EED6
:106E3000011A30EE010A22EE021A30EE010A06F0C3
:106E400007FEB7EE001A81EE000A81EE081A9FEDE8
:106E5000832A00200021002584ED6F0AB4EE420A47
:106E60009FED7F0AF1EE10FAB4EE401A9FED7D0A15
:106E700084ED701AB8BF0120F1EE10FAC8BF0121ED
:106E8000B4EE401A94ED640A94ED671AD4F84421E4
:106E900020EE010A82ED000A94ED640A94ED671A6F
:106EA000084020EE010A82ED070A94ED640A94ED91
:106EB000671A002120EE010A82ED0E0A94ED640AA1
:106EC00094ED671AF1EE10FA20EE010A82ED150A30
:106ED00094ED650A94ED671AB8BF012120EE010A0E
:106EE00082ED1C0A94ED650A94ED671A084020EEC5
:106EF000010A82ED230AD4F89811D4F84821607071
:106F00001160D4F898011061D4F8981104F13000A0
:106F1000116200F0D5FF206BBFEE008A90ED001AE1
:106F200084ED5A1A90ED012A84ED5B2A90ED020A55
:106F300084ED5C0A90ED033A22EE000A84ED5D3A9E
:106F4000016921EE033A21EE011A22EE022AC4F869
:106F5000781131EE021A406930EE030A31EE011A5F
:106F600030EE000A71EE080AC4E95F0508F0D0FFB0
:106F70009FED3D9A94ED5A1A20EE090A84ED630ABA
:106F800094ED5B0A94ED5C2A94ED5D3A21EE000AE3
:106F900022EE032A30EE020A21EE011A23EE032A22
:106FA00031EE021A31EE011A30EE000A71EE080AD3
:106FB00008F0AEFF20EE090A84ED620A94ED5A0A49
:106FC00094ED5B1A94ED5D2A94ED5C3A21EE021A81
:106FD00020EE030A31EE400AB8EE001A20EE010A54
:106FE00008F000FF20EE092A94ED630A94ED761A6A
:106FF0009FED1E3A30EE411AB4EE431AF1EE10FA4C
:1070000084ED612A02DD4FF6FF7007E09FED182A3C
:10701000B4EE421AF1EE10FA05DA0120B4F8D411F8
:107020000844A4F8D401B4F9D4019FED122A01EE6A
:10703000100AD4E90401B8EEC11A21EE021A013097
:1070400030EE011A41F1000184ED721A84ED760AE6
:10705000C4E90401BDEC108BB0BD00BF9A99993E04
:10706000CDCC1441CDCC2441E12E65420000344307
:10707000000034C30000B4432DE9F04F81B000F1AB
:10708000780500F18008044628464146F9F762FD7C
:1070900084F8C800B4F87800274627F8A80FB4F899
:1070A0005A0004F15801A4F8AA0028463A46009173
:1070B000F9F72EFC84F8C8003888A346B4F882108B
:1070C0002BF8B00FA4F8B210384641465A46F9F7EB
:1070D0001FFC214684F8C80051F8900F264646F858
:1070E000A00F58463246F9F7F3F884F8C800304646
:1070F0005946F9F775F984F8C800B4F87800A24643
:107100002AF8B80FDAF83400DAF8741090ED000AB3
:1071100090ED011A90ED022A90ED033A20EE025A0A
:1071200021EE034A34EE454A34EE044A81ED004A2A
:1071300020EE014A20EE000A21EE011A22EE035A47
:1071400030EE410A22EE021A34EE054A30EE410AD0
:1071500023EE031A41F22805012034EE044A30EEF2
:10716000010A4FF4D476C2F20005AAF8020081EDBC
:10717000014A81ED020A00BFD4F82C01304410ED21
:107180006A0AB0EEC00A08F0A1FDA8190436B6F5E7
:10719000DA7F80ED010AEFD1204630F8481F2646FD
:1071A00026F8C01F4FF0010951463246A6F802905A
:1071B000F9F74CFC3188307226F8181C58463146D5
:1071C0003A4626F8169CF9F7A3FB307230885146F0
:1071D00026F8060C304626F8089CF9F7BBFC3072FE
:1071E00005F5E67250463946F9F792FB95ED691AB6
:1071F00095ED680AB6EE002A21EE022AB4EE420AA4
:10720000F1EE10FA3072B8BF85F8649195F8640118
:10721000B4EE410AF1EE10FA16DDA8B1D5E902107C
:107220006A78013140F10000002A04BF104611467F
:10723000B1F1330270F10002C5E90210C0F0C18063
:10724000002085F864011DE09FED6D2A31EE403A83
:1072500021EE022A83EE022A9FED683A002821EEF1
:10726000031AB7EE003A08BFB0EE432AB4EE410A63
:107270000020F1EE10FAD8BFB0EE432A85ED712A56
:10728000C5E90200002084F82C00B4F85800B4F8D6
:107290008210A4F8A8000098A4F8AA1041463A4623
:1072A000F9F736FB04F1980884F8C80038465946C7
:1072B0004246F9F72DFBB4F898C0B4F89A2084F848
:1072C000C80002FB0CF2BAB1B4F898C0B4F89A2026
:1072D000D4F81C0102FB0CF20027002300EB87010D
:1072E00095ED710A91ED001A0133DFB220EE010A2B
:1072F000BA4281ED000AF1D8D4F81C019FED410A91
:10730000042200BF05EB820101F5CE732C2700BFDC
:1073100093ED001AC11981EE001A91ED012A04378C
:10732000382F21EE021A81ED011AF1D10132062A1D
:1073300000F10C00E6D10120A4F8BA004046314625
:107340005246A4F8B8C0F9F7E3FA95F8641184F846
:10735000C80031B3D4F8BC009FED2B0A9FED2B1A67
:1073600010300021421895ED672A92ED003A22EE86
:10737000002AB4EE423AF1EE10FAC8BF82ED002ABC
:1073800095ED672A92ED003A22EE012AB4EE423AD8
:10739000F1EE10FA01F10401B8BF82ED002A0829CC
:1073A000E0D1D4F8BC000021C16004F1380004F140
:1073B00030025146F8F78CFF84F8C80001B0BDE8F0
:1073C000F08F43F69445C2F200052A88237BD4F857
:1073D000E800D4F8EC105A43F9F777FC2A88237BAD
:1073E000D4F8F800D4F8FC105A435A43F9F76DFC6E
:1073F000012084F82C0001B0BDE8F08FCDCCCC3D4D
:107400006666663FDA0FC93F0AD7233C0AD723BC1A
:107410002DE9F04381B040F6B469C2F2000909F1E8
:107420002C0340F6E4540FCBC2F2000404F10C0C20
:107430008CE80F00D9F81400F9F74AFE9FED200BF5
:1074400058EC105B2A464346F9F727FD9FED1E0BCB
:1074500056EC107B3A463346F9F791FDF9F74BFEAF
:107460002060D9F81000F9F733FE2A464346F9F7B1
:1074700014FD3A463346F9F782FDF9F73CFE6060A9
:10748000D9F81800F9F724FE2A464346F9F705FD16
:107490003A463346F9F773FDF9F72DFEA06041F245
:1074A0002800C2F20000B0F9D40199E88E0004F17E
:1074B000200C8CE88E00206301B0BDE8F08300BF93
:1074C000000000000080664000000060FB210940D1
:1074D00010B540F21460C2F2000090ED070A40F2CD
:1074E0006410C2F2000041F20134D0ED000AC2F291
:1074F0000004204601F0C0FE606B00EE100A06F0AA
:107500006BFA00EE100ADFED0A0A9FED0A1AB8EED8
:10751000C00A06F04FFABDEEC00A43F2944010EEE6
:10752000102AC2F20000002103F0C0F910BD00BF14
:107530000000000000FF7F4780B584B040F6145083
:10754000C0F60100D0E90012D0E90203DFED1F0A06
:107550009FED1F1A9FED1F2ACDE902036846B2EE88
:10756000040AF7EE001ACDE90012FFF7D9FA9FEDF1
:107570001D1A41F201309FED180ADFED180ADFED08
:10758000181AC2F20000B3EE042AF0EE412AB0EE5F
:10759000413AF0EE413AB0EE414AF0EE414A002164
:1075A000002202F00BF843F29440C2F200000021E6
:1075B000FEF7BCFC40F6B46044F29631C2F2000023
:1075C000C3F60B41816204B080BD00BF6F12833AE5
:1075D0000024744948E17A3F00409C4500009643EE
:1075E00000007A440000000070B540F6F460C2F27A
:1075F0000000FBF783F843F69C40C2F2000042F61D
:10760000BC1690ED001AC2F2000640F2146486ED3A
:10761000000A30EE010AC2F2000480ED000A2046A2
:10762000F9F7F8FE40F6B46504F10C00C2F200056B
:10763000D4EC031A90EC030A96ED003A05F1100021
:1076400080EC050AC5ED092AFFF73AFB41F2280054
:10765000C2F2000000F5B4764ECE05F12C0C85E8A0
:107660004E0000F5C2730ECBD0F8C8018CE80E00B6
:10767000A863FFF7CDFE40F61860C2F20000FBF7EA
:1076800009FA40F6F864C2F200042078C00708BF87
:10769000FFF71EFF20680130206070BD10B582B07A
:1076A00007F004F942F6B044C2F200042046FAF7AB
:1076B0004DFA2046FCF7B6FA20460221FBF754FEAD
:1076C00042F6D844C2F200042046FAF73FFA2046B8
:1076D000FCF7A8FA20461021FBF746FE07F052F807
:1076E00041F22420C2F20000142105F009FD40F609
:1076F0001860C2F20000142105F002FD40F660049B
:10770000C2F2000404F10C000A2105F0F9FC204645
:107710000A2105F0F5FC41F27C24C2F2000404F1D8
:107720000C000A2105F0ECFC20460A2105F0E8FCDB
:1077300041F20400C2F200000A2105F0E1FC40F62B
:107740000800C2F20000322105F0DAFC40F6F470C5
:10775000C2F20000642105F0D3FC41F20C20C2F219
:107760000000322105F0CCFC42F6A410C2F2000069
:10777000142105F0C5FC43F22450C2F20000FEF7CC
:1077800089F9072040F65474009048F24570C2F21F
:107790000004C0F6000040A14FF480720023019461
:1077A00007F0C2FF41F2EC20C2F2000001904AF261
:1077B00065400424C0F600003BA14FF48072002312
:1077C000009407F0B1FF49F6A840C2F20000019012
:1077D0004EF29D70C0F6000036A14FF400720023F7
:1077E000009407F0A1FF40F6CC50C2F200000190D7
:1077F00043F21930C0F6000031A14FF4807200232B
:10780000009407F091FF41F20000C2F200000190E5
:1078100049F2B560C0F600002CA18022002300943C
:1078200007F082FF052042F6B01C00904CF65D5038
:10783000C2F2000CC0F6000028A180220023CDF87F
:1078400004C007F071FF40F2E470C2F20000019042
:1078500042F29540C0F6000023A14FF4807200234D
:10786000009407F061FF40F6787C48F62150C2F2A0
:10787000000CC0F6000020A14FF480720023009499
:10788000CDF804C007F050FF07F034F8002007F0EF
:107890008FF902B010BD00BF4D61696E4374726C08
:1078A0005F5461736B00000053686F6F745F5461C5
:1078B000736B00007573625F7461736B000000008E
:1078C00047696D62616C5F5461736B00506C6F74DB
:1078D0007465725F5461736B00000000565430335E
:1078E0005F5461736B000000436861737369735F79
:1078F0005461736B000000004D757369635F5461E0
:10790000736B000010B5002A08BF10BD02394FF09C
:10791000370C4FF0000E00BF0CEB1074B0F1204F8D
:107920004FEA107338BF03F1300401F8024F000131
:10793000013A81F801E0EFD110BD00002DE9F04FD0
:1079400081B043F694490446C2F200090420A9F824
:10795000000043F692408846C2F2000008210180F0
:107960000020207418469A46154684F80C806273ED
:10797000A37308F06DFC51466061F9F7BFF94FEA57
:107980008A07384608F064FC3946A061F9F7B6F971
:10799000384608F05DFC3946E061F9F7AFF94FEA87
:1079A0008806304608F054FC31462062F9F7A6F903
:1079B000504608F04DFC51466062F9F79FF9304699
:1079C00008F046FC31462060F9F798F9384608F08F
:1079D0003FFC39466060F9F791F9AF00384608F08E
:1079E00037FC3946A060F9F789F9304608F030FCD9
:1079F00031460746C4F8E800F9F780F904F1300091
:107A0000414601223B46F8F7E7FCB9F8000000FBCD
:107A100008F6304608F01CFC31460746C4F8EC0076
:107A2000F9F76CF9217B04F1380001223B46F8F7A5
:107A3000D3FCB5B143F69440C2F20000008800FBCD
:107A400005F6304608F004FC31460746C4F8F0005D
:107A5000F9F754F9617B04F1400001223B46F8F745
:107A6000BBFC43F69449C2F20009B9F80000009546
:107A700000FB0AF6304608F0EBFB31460746C4F837
:107A8000F400F9F73BF9A17B04F1480001223B46E1
:107A9000F8F7A2FCB9F8000008FB08FB0BFB00F6A6
:107AA000304608F0D5FB31460746C4F8F800F9F730
:107AB00025F9217B04F150000A463B46F8F78CFC7F
:107AC000B9F800000BFB00F6304608F0C1FB314668
:107AD0000746C4F8FC00F9F711F9217B04F15800BE
:107AE0000A463B46F8F778FCB9F800000BFB00F6B5
:107AF000304608F0ADFB0746C4F80001304608F0F8
:107B0000A7FB0546C4F8040138463146F9F7F6F8F4
:107B1000B9F80000009E0BFB00F12846F9F7EEF8DB
:107B2000217BD4F8003104F160000A46F8F754FCD8
:107B3000217BD4F8043104F168000A46F8F74CFCC4
:107B4000C6B143F69440C2F20000008806FB08F17B
:107B500001FB00F5284608F07BFB2946C4F8080124
:107B6000F9F7CCF8217B627BD4F8083104F170007E
:107B7000F8F732FC43F69449C2F20009B9F8000064
:107B80000AFB08F808FB00F5284608F061FB0646EA
:107B9000C4F80C01284608F05BFB0746C4F8100146
:107BA00030462946F9F7AAF8B9F8000008FB00F1B9
:107BB0003846F9F7A3F8227BA17BD4F80C3104F105
:107BC0007800F8F709FC217BA27BD4F8103104F18E
:107BD0008000F8F701FCB9F800000BFB00F528461F
:107BE00008F036FB29460646C4F81401F9F786F872
:107BF000217B04F188000A463346F8F7EDFBB9F81B
:107C000000000AFB0AF101FB00F5284608F020FB02
:107C100029460646C4F81801F9F770F8A17B04F16B
:107C200090000A463346F8F7D7FBB9F8000008FB86
:107C300000F5284608F00CFB2946C4F81C01F9F7AA
:107C40005DF8217BA27BD4F81C3104F19800F8F791
:107C5000C3FBB9F80000257B05FB00F606FB05F722
:107C6000384608F0F5FAC4F82001384608F0F0FA72
:107C7000C4F82401384608F0EBFAC4F8280130466D
:107C800008F0E6FAC4F82C01304608F0E1FAD4F81E
:107C90002031C4F8300104F1A00029462A46F8F743
:107CA0009BFB217BD4F8243104F1A8000A46F8F7A5
:107CB00093FB217BD4F8283104F1B0000A46F8F791
:107CC0008BFB217BD4F82C3104F1B8000122F8F7AA
:107CD00083FB217BD4F8303104F1C0000122F8F796
:107CE0007BFB002084F82C00A06201B0BDE8F08F7F
:107CF000B0B50446C07B43F69445C2F2000518B106
:107D00002046FEF7A1FD0DE02A88A37BD4F8F400FD
:107D100061685A43F8F7D9FF2988A27B606851430C
:107D2000F8F7ECFF2A88637BD4F8F000A1685A4387
:107D3000F8F7CBFFB0BD000070B5044690F82C00FA
:107D4000002818BF70BD204630F8982F24F8A82FBF
:107D5000254625F8082F34F84E2C34F82E3CA4F193
:107D60003001628122466380A4F15006F8F7D0FD0D
:107D700084F82000204631462A46F8F7C9FD84F8E9
:107D80002000A4F1580230462946F8F75FFE84F837
:107D9000200070BDF0B581B0044690F8290008B10C
:107DA00001B0F0BD04F1600504F1680628463146D3
:107DB000F8F7D0FE04F1580784F8C80004F1500128
:107DC00028463A46F8F7A4FDB4F85810254625F899
:107DD000A81F35F83E1C84F8C80069803846314633
:107DE0002A46F8F795FD84F8C800A5F12001284639
:107DF0003A46F8F76DFA84F8C80001B0F0BD00000B
:107E00002DE9F04381B0044690F82A0010B101B08A
:107E1000BDE8F08304F1780704F18009384649464B
:107E2000F8F798FE84F8C800B4F87800264626F8DB
:107E3000A80FB4F85A0004F15808A4F8AA0038466C
:107E400041463246F8F764FD84F8C800308827467A
:107E5000B4F8821027F8B00FA4F8B21030464946A3
:107E60003A46F8F755FD214684F8C80051F8900FBE
:107E7000254645F8A00F38462A46F8F729FA84F82F
:107E8000C80028463946F8F7ABFA84F8C800B4F8B9
:107E90005800B4F882103080A4F8AA104046494631
:107EA0003246F8F735FD84F8C800A5F108023046DF
:107EB0003946F8F72DFD84F8C80001B0BDE8F0831D
:107EC000F0B581B00446FFF713FFD4F8CC1009B128
:107ED00020468847204600F073F8D4F8D01009B146
:107EE000204688472046FFF755FFD4F8D41009B143
:107EF00020468847207C43F69447C2F2000798B199
:107F00002046FFF77DFFD4F8D81009B120468847F6
:107F1000204600F08DF8D4F8DC1009B120468847DF
:107F20002046FFF709FF15E0E07B0028E8D03A88FB
:107F3000237BD4F8E800D4F8EC105A43F8F7C5FED8
:107F40003A88237BD4F8F800D4F8FC105A435A43FB
:107F5000F8F7BBFED4F8E01009B120468847227B31
:107F6000EAB1267BD4F8F800216A33460025012EB9
:107F700098BF012302FB055291ED000A00EB82023B
:107F800092ED001A0135B4EE401AF1EE10FAB8BFC6
:107F900082ED000A0431AB423246EBD100E01646D6
:107FA0003A882068D4F8E8107243F8F78EFED4F8C7
:107FB000E41009B120468847206801B0F0BD0000F8
:107FC00070B5044690F82800002818BF70BD607B8B
:107FD00010B3207B254625F8B80F012604F1600078
:107FE00004F130012A46A4F8BA60F8F791FC217B2D
:107FF00024F8C01F2072A4F15000A4F18001224691
:108000006680F8F785FC2072A4F188022846214694
:10801000F8F75EF9207270BD04F1600004F13001E0
:1080200004F13802F8F774FC84F8C80070BD000051
:108030002DE9F04381B0044690F82B0010B101B057
:10804000BDE8F083204630F8781F254625F8B81F94
:1080500004F138084FF0010941462A46A4F8BA90C5
:10806000F8F756FC84F8C800204630F8481F274629
:1080700027F8C01F29463A46A4F8C290F8F7E6FC54
:10808000264636F8981F84F8C800298030463946BD
:108090002A46A4F8BA90F8F73BFC84F8C800A6F189
:1080A000680240462946F8F713F984F8C80001B081
:1080B000BDE8F08380B542F6B04046F20041C2F21E
:1080C0000000C4F200010322002380E80E0000F14A
:1080D0000C014FF4102C4FF4001E81E8085083610E
:1080E0008383FBF7C1FB002818BFFAF72BFC80BD88
:1080F00010B542F6D84046F60001C2F20000C4F2C4
:108100000001062200234FF0012480E80E0000F158
:108110000C014FF4003C4FF4001E81E808508461CC
:108120008383FBF7A1FB002818BFFAF70BFC10BDF7
:1081300080B582B0002043F630010190C4F2020104
:108140000A6842F480020A600A6802F4800201921E
:10815000019A00900868002240F400100860086846
:10816000052100F40010009000980C20FCF7EEF8B8
:108170000C20FCF7E7F8392005210022FCF7E6F88F
:108180003920FCF7DFF83A2005210022FCF7DEF861
:108190003A20FCF7D7F83B2005210022FCF7D6F85F
:1081A0003B20FCF7CFF8442005210022FCF7CEF855
:1081B0004420FCF7C7F8462005210022FCF7C6F84A
:1081C0004620FCF7BFF802B080BD000080B54AF23F
:1081D000954040F6CC42C0F60000C0F601020021F6
:1081E00005F0C0FC40F6F061C2F2000108604AF2FE
:1081F000A94040F6F042C0F60000C0F6010200219E
:1082000005F0B0FC40F6FC61C2F20001086080BDE0
:108210002DE9F04F87B0002543F630000695CDE9F3
:108220000455CDE902550195C4F20200016840F2FF
:10823000000A41F0020101600168C4F2020A01F083
:10824000020101910199019501680AF5006841F068
:10825000400101600168002201F040010191019993
:108260000195016841F001010160016801F001011F
:10827000019101990195016841F0080101600168CF
:1082800001F00801019101990195016841F0040193
:108290000160016801F004010191019901950168F3
:1082A00041F480710160016801F4807101910199CC
:1082B0000195016841F080010160016801F08001D1
:1082C000019101990195016841F020010160006868
:1082D0004FF4807100F02000019001984046FBF7B8
:1082E00081FF0AF5C0542046402101220126FBF7F8
:1082F00079FF0AF5E05B58464FF4E0510022FBF7A6
:1083000071FF504610210122FBF76CFF0AF58069CE
:10831000484641F201010122FBF764FFC0200290B0
:108320004FF4881002AFCDE903050AF50050394635
:10833000FBF78AFE4FF48070CDE9020640463946CD
:10834000CDE90455FBF780FE4020CDE9020620462A
:108350003946CDE90466FBF777FE4FF4E050CDE9EE
:10836000020658463946CDE90455FBF76DFE082054
:1083700002904FF4041B20463946CDE903B6FBF7C3
:1083800063FE50463946CDE902650496FBF75CFE74
:108390001020CDE902060224504639460496059481
:1083A000FBF752FE3020CDE9020B404639460496D9
:1083B000FBF74AFE4FF48050CDE9020648463946A5
:1083C000CDE90466FBF740FE48463946CDE9026632
:1083D000CDE90464FBF738FE092005210022FBF7F4
:1083E000B5FF0920FBF7AEFF0A2005210022FBF7AD
:1083F000ADFF0A20FBF7A6FF172005210022FBF79F
:10840000A5FF1720FBF79EFF07B0BDE8F08F000027
:1084100080B543F22C4040F60001C2F20000C5F2E4
:1084200006010160FDF73CF8002818BFFAF78AFA48
:1084300080BD0000B0B543F23C4043F20001C2F2FF
:108440000000C4F201014FF48272002380E80E00A4
:1084500000F10C014FF0020C4FF0010E4FF40074CC
:10846000102581E808500A21C0E90645C0E9083313
:10847000C0E90A31FDF754F8002818BFFAF762FA8C
:10848000B0BD000080B588B043F2944044F2004291
:108490000021C2F20000C4F20102532340F2CF7C5B
:1084A0000791CDE90511CDE90311CDE90111C0E92D
:1084B0000023C0E9021C01618161FDF783FA0028F5
:1084C00018BFFAF73FFA43F29440C2F20000FDF7FA
:1084D000E1FC002818BFFAF735FA6020019000206F
:1084E000CDE90200059043F29440C2F2000001A9D8
:1084F0000022FDF783FC002818BFFAF723FA43F2A5
:108500009440C2F20000FDF725FC08B080BD0000D9
:1085100080B586B043F2245040F200420021C2F2FE
:108520000000C4F20002532340F2CF7CCDE90411D5
:10853000CDE90211CDE90011C0E90023C0E9021C18
:1085400001618161FDF73EFA002818BFFAF7FAF9D8
:108550004FF48050029043F22450C2F2000002A96E
:10856000FDF7ECFA002818BFFAF7ECF90020CDE986
:10857000000043F22450C2F200006946FDF7C6F93C
:10858000002818BFFAF7DEF906B080BD10B58AB032
:1085900043F26C5040F600010024C2F20000C4F225
:1085A00000014FF6FF730994CDE90744CDE9054476
:1085B000CDE90344CDE90144A72280E81600C0E9D3
:1085C00003348461FDF766FC002818BFFAF7BAF996
:1085D00043F26C50C2F2000008A9CDE90844FDF74F
:1085E00095F9002818BFFAF7ADF960200190002036
:1085F000CDE90200059043F26C50C2F2000001A9DF
:108600000822FDF7FBFB002818BFFAF79BF943F29D
:108610006C50C2F20000FDF79DFB0AB010BD0000D7
:1086200080B543F2B45041F20001C2F20000C4F23E
:10863000010100234FF00C0C4FF4E13280E80E00F2
:10864000C0E90333C0E905C3C361FDF7D1FE0028CB
:1086500018BFFAF777F980BD80B543F2FC5044F6B5
:108660000001C2F20000C4F2000148F2A062C0F2B0
:108670000102002380E80E0000F10C014FF4806C31
:108680004FF0040E81E80850C0E90633FDF7B0FE54
:10869000002818BFFAF756F980BD000080B543F2F4
:1086A000446041F20041C2F20000C4F20101002323
:1086B0004FF0040C4FF4612280E80E00C0E9033350
:1086C000C0E905C3C361FDF793FE002818BFFAF7A0
:1086D00039F980BD80B542F6D41040F23001C2F2C3
:1086E0000000C2F20001002203F0A4F8002818BF25
:1086F000FAF728F942F6D41040F22C51C2F20000E9
:10870000C2F2000103F0AAFA002818BFFAF71AF91A
:1087100042F6D41040F2C851C2F20000C2F2000189
:1087200002F0B0FD002818BFFAF70CF942F6D41099
:10873000C2F2000003F054FB002818BFFAF702F958
:1087400080BD000040F6507441F2EC2740F6CC5654
:1087500042F6180840F6D05540F64C7940F60C7BAE
:10876000C2F20004C2F20007C2F20006C2F2000820
:10877000C2F20005C2F200094FF0000AC2F2000B7B
:1087800014E000BF42F6D84040F6D652C2F20000D4
:108790004FF49871C2F20002F8F754FF89F800A074
:1087A00004F0C2FC20460F2106F0AEF907F040F8B5
:1087B000014640F2FD70C2F20000827A40F2E4709D
:1087C000C2F200000068012A216009D105F024FAF4
:1087D000386805F021FA306805F01EFA1AE000BF8B
:1087E00005F02CFA306805F029FA386805F026FA09
:1087F00001F078F841F20030C2F2000080F800A0E9
:1088000040F65D00C2F20000CBE900AACBE902AA63
:1088100080F800A098F8790098F87F10002818BF19
:10882000012000294FF0010108BF410099F8000024
:10883000E970411C012889F80010A3D00028AFD1AD
:1088400042F6D840C2F200004FF490712A46F8F781
:10885000F9FEA5E72DE9F04F81B02DED048B41F233
:10886000AC3940F6180640F62C07C2F20009C2F2F5
:108870000006C2F20007D9F8000035883C8840F6AF
:108880005C786328C2F200080ED8A4F6093080B2E2
:1088900040F6FF71884240F66070C2F2000034BFBB
:1088A00001210021017013E040F66070C2F2000067
:1088B00000780028204614BF41F208314FF442717D
:1088C00000F014FF00EE100AB8EEC00A88ED000AAE
:1088D00001EE104A98ED000AF8EE410A9FED791A70
:1088E00000F020FF388840F6D014BDEEC01A00EE2C
:1088F000100AC2F20004B8EE400AF8EE410A20461F
:1089000000F064FCB7F90200D4ED110A40F6784497
:1089100000EE100AC2F20004B8EEC00A204600F0D1
:1089200055FC94ED110A9FED688A45F2000BB4EEF8
:10893000480AF1EE10FACCF2C36BB8BFC4F844B0E9
:1089400094ED110A9FED619A45F20007B4EE490AD1
:10895000F1EE10FAC4F2C367C8BF6764308841F211
:10896000F72100F0C3FE00EE100A40F6587AB8EE88
:10897000C00AC2F2000A8AED000A00EE105AF8EEB0
:10898000400A9FED530A9FED531A00F0CBFE30884A
:1089900040F68005BDEEC01A00EE100AC2F20005D6
:1089A000B8EE400AF8EE410A284600F00FFCB6F98E
:1089B000020040F6283600EE100AD5ED110AC2F288
:1089C0000006B8EEC00A304600F000FC96ED110A31
:1089D00040F2D460B4EE480AF1EE10FAB8BFC6F81F
:1089E00044B096ED110A49F65861B4EE490AF1EE29
:1089F00010FAC8BF776494ED110A49F65767BDEEC7
:108A0000C00A10EE103A95ED110AC2F20000BDEE58
:108A1000C00A10EE102ACFF6FF77CFF6FF718380E1
:108A2000BB42C280D8BF8180B0F9043046F2A9179A
:108A3000BB42A4BF46F2A81383808A42B8BFC1805C
:108A4000B0F9061046F2A9129142A4BF46F2A8114D
:108A5000C18042F6D84040F2D462C2F20000C2F2B5
:108A6000000240F2FE31F9F707FED9F80000B0F538
:108A70007A7F21D340F65D010020C2F2000140F66A
:108A8000400240F6E4570870D8F80010C2F2000225
:108A9000DAF80030C2F20007C9F800003E69BF6989
:108AA000C2E9050041F20030C2E90313C2F200003E
:108AB0000121C2E901670170BDEC048B01B0BDE882
:108AC000F08F00BF000048430050C3C60050C346AB
:108AD00000B8974500004842FEE7000080B582B02C
:108AE00013881BBA4FEA134C5388ADF800C01BBA69
:108AF0004FEA134C9388D2881BBA12BA120C1B0C83
:108B0000ADF806206A46ADF802C0ADF80430F8F7BB
:108B100099FD02B080BD000041F2202CB0F9003078
:108B2000C2F2000C03226FF0C70113F1C90F8CF8D9
:108B30000020D8BF0180B0F900209FED361AC92A65
:108B4000A4BFC8220280B0F902208A42B8BF418087
:108B5000B0F90220C92AA4BFC8224280B0F904207B
:108B60008A42B8BF8180B0F90410C929A4BFC821C6
:108B70008180B0F90010B0F9022000EE101AB8EEB2
:108B8000C00AB0F9040080EE013A00EE102AB8EEF7
:108B9000C00A80EE012A00EE100AB8EEC00A80EE8C
:108BA000010A9FED1D1A40F66470C2F20000B4EE97
:108BB000413AF1EE10FA80ED003A80ED012A80EDA5
:108BC000020A08DC9FED154AB4EE443AF1EE10FAC1
:108BD000A4BF00210160B4EE412AF1EE10FA08DCD6
:108BE0009FED0E3AB4EE432AF1EE10FAA4BF002135
:108BF0004160B4EE410AF1EE10FAC8BF70479FED34
:108C0000071AB4EE410AF1EE10FAA4BF0021816008
:108C1000704700BF000048430AD7233C0AD723BC53
:108C200080B52DED048BB0EE000A002004F09CFA14
:108C30009FED1D8A4FF48370B0EE480A04F094FA59
:108C4000B0EE089A0020B0EE490A04F08DFA40F226
:108C50009320B0EE480A04F087FA0020B0EE490AEB
:108C600004F082FA4FF4C460B0EE480A04F07CFAD3
:108C7000B1EE040A002004F077FA9FED0C0A40F2EE
:108C8000174004F071FA40F20C60C2F20000016873
:108C900043F28C620139C2F20002116001210160CD
:108CA000BDEC048B80BD00BF000048430000FA43C8
:108CB00010B5FBF79DFA40F2FC52C2F200021168B7
:108CC00043F6984C40F67C7EC2F2000C01EB410367
:108CD000C2F2000EDCF800400EEB83039B68041B1D
:108CE0009C424FF0000416D343F28C63C2F200039F
:108CF0001B6801311160994281BF0124012111607B
:108D0000CCF8000010689FED050A00EB40003EF82B
:108D1000200004F02FFC204610BD00BFCDCCCC3D80
:108D20000A2005F0C7FEFFF77BFF40F6707440F69F
:108D3000747540F67876C2F20004C2F20005C2F201
:108D4000000603E02046012105F0DEFE06F070FD7E
:108D500029882060481C2880FFF7AAFFB5F9000089
:108D6000B0F5617FEEDB04F053FC306804F066FF81
:108D7000E8E70000FEE7000000F0070080F00703CE
:108D8000042B28BF04234FF0FF3C03380CFA03F3F5
:108D900038BF0020994381400CFA00F022EA00001D
:108DA000084370472DE9F043B0F800C0D0F80680C2
:108DB000BCF1020F00F11A021ED3B0F800C098ED0A
:108DC000011AD0F80A30ACF101040027002600BFD8
:108DD0007D1C08EB850191ED002A08EB870132EE3E
:108DE000412A81ED002A53F82510013643F8271057
:108DF000B7B2BC42ECDC01E0ACF1010408EB8C033F
:108E000013ED021AD0F80AE0D0F8025031EE000A51
:108E100008EB84070EEB840487ED000A6545C4ED7A
:108E2000000A3CBF691CC0F8021000F10E03408824
:108E30004FF00009ACEB000080B26045C2F80C9026
:108E4000C2F80890C2F80490C2F800903CD26FF0CB
:108E5000030101EB80010EEB010608EB0107ACEB0F
:108E6000000500BF97ED010A116820EE000A01EE2F
:108E7000101A31EE000A10EE101A5468116097EDC6
:108E8000010A01EE104A30EE010A10EE101A51608C
:108E900097ED010A916896ED011AD46820EE010A57
:108EA00001EE101A31EE000A10EE101A916096EDE4
:108EB000010A01EE104A30EE010A0437043610EEC2
:108EC000101A013DD160CDD1116855689668D268FD
:108ED00001EE10CA00EE106AB8EE411A02EE105A06
:108EE00003EE102A20EE010A22EE033A30EE430A86
:108EF00003EE101A23EE013A22EE022A33EE422A42
:108F000080EE020A6045C3F8089010EE101A19604E
:108F100024D2596802EE101A6FF0030101EB8001B0
:108F20000EEB01024144ACEB000000BF91ED013AB1
:108F300092ED014A20EE033A33EE023A9F6833EE97
:108F4000443AB0EEC33A04EE107A34EE033A0431F8
:108F5000043213EE107A01389F60E7D1986802EE70
:108F6000100A82EE011A11EE100A9860BDE8F08333
:108F70002DE9F0414FF000088D0004460180C0F853
:108F80000280284607F064F90646C4F80600284621
:108F900007F05EF944F80E8F074644F8040C30469B
:108FA0002946C4F80480F7F7A9FE38462946F7F7A2
:108FB000A5FEC4F81880C4F81480C4F81080C4F862
:108FC0000C80BDE8F081000080B542F64870C2F226
:108FD0000000FBF741FB80BD70B50446006843F21A
:108FE0000B06056C00EB4110D0F8081BC4F6547654
:108FF000B54207D311F400411EBF00F530604FF4B5
:10900000004181602046FBF709FFB54209D3A079F2
:10901000012818BF70BD206804F29C42012103F0B2
:1090200011FA70BD70B5044600680E4600EB4111A0
:10903000036CD1F8082BA57901F53061012D27D1FA
:10904000150737D4950650D412F0280F18BF70BDFD
:1090500043F20B05C4F65475AB4202D312F400423E
:1090600031D106EBC60204EB8202D2F874320969F0
:109070006FF3DF41A3EB0101C2F86812AEB9D2F879
:109080006432ABB3D2F860020844C2F860020CE06C
:1090900043F20B05C4F65475FF35AB4217D11004EB
:1090A00011D4900644BF20208860F1B22046FBF71F
:1090B000A1F970BD43F20B00C4F65470834213D380
:1090C00012F4004010D04FF40040886070BD3EB9EB
:1090D000D4F8641221B904F29C42002103F0B2F9E1
:1090E000F1B22046FBF786F970BD2020886070BD84
:1090F00004F29C42012103F0A5F9D6E72DE9F04FD7
:1091000085B0064601EBC10006EB8000054655F828
:10911000247F2C4654F8042F974254D38346D6F824
:1091200000C05BF81C3FBA1A9A4288BF1A460291E7
:10913000CDF810C00CEB4111D1F8183903329BB2B5
:10914000B3EB920F2ED300F12008029801F51061C5
:109150005FFA80FA039100BF20682968814221D913
:10916000DBF80020A1EB00099145D8F80010B77991
:1091700088BF914604981FFA89F35246009703F07E
:10918000B7FCD8F8000021684844C8F8000001EB9B
:1091900009002060039809F10301806980B2B0EBF7
:1091A000910FD9D228682168884202980BD8049B75
:1091B00000F00F000121D3F8342801FA00F022EA70
:1091C0000000C3F8340805B0BDE8F08F10B50446C0
:1091D00090F8680010B19FED270A10BD84ED080AD1
:1091E00030EEC00A94ED161AB0EEC02AB4EE412A51
:1091F000F1EE10FAC4ED000A84ED0A0A2EDD94EDBA
:10920000043A94ED0D6A20EE033A94ED032A36EE0B
:10921000033A94ED0B6A94ED011A94ED054A94ED2E
:10922000065A20EE022A30EE460A84ED0C2A24EE7D
:10923000000A30EEC11A32EE032A84ED0E0A25EE42
:10924000011A32EE000A30EE010A204684ED0D3A92
:1092500084ED0F1A84ED110A04F0F0FA206A2168F7
:10926000606294ED110AA06A616084ED120AE06206
:1092700010BD00BF0000000010B52DED048B0446AA
:1092800090F99800B0EE608AB0F1FF3FB0EE409ADE
:1092900002DC204604F004FB04F18C00F9F72EFAFE
:1092A00010EE100AC4F8900019EE100AD4F8A210BB
:1092B000206118EE100A38EE490A206010EE100AFC
:1092C000A06109B120468847A069A16C00EE900A10
:1092D000B0EEE00A01EE101AB4EE410AF1EE10FA17
:1092E00040F3AA80D4F89400616800EE101A80B3AD
:1092F0000168426801EE101A30EE010A20EE800A81
:1093000010EE101AD0F808C06162A168D4F890007D
:1093100000EE101A01EE102A30EE010A20EE801A3B
:1093200000EE100A20EE011AE36811EE100A206325
:10933000B4F8600001EE103A02EE10CA032831EED4
:10934000028A20D304F16200FFF72CFD28EE000A08
:1093500022E020EE800A10EE100A6062A068D4F8C5
:10936000902000EE100AE16820EE801A00EE102A2C
:10937000B4F8602021EE001A11EE100A032A08EE5C
:10938000101A2063DED2E06901EE100A30EEC11A35
:1093900028EE011A81EE000AD4F8A61010EE100A89
:1093A000E06209B12046884794F89800400702D54A
:1093B000204604F0DBFA94F89800800602D5204697
:1093C00004F02EF994F89800800702D5204604F0A6
:1093D00079F994F89800400602D5204604F054F933
:1093E00094F89800C00702D0204604F0C7F9A16A9B
:1093F000226B606AE36A00EE102A01EE101A30EE6A
:10940000010A01EE100A10EE101A30EE010A01EE08
:10941000103A94F8980030EE010AA16210EE101A8A
:10942000C006616302D5204604F0EAF9204604F044
:109430001DFA204604F080FA2069A169E26A6061A1
:10944000606B236B00EE100AA063E263E1612362AC
:10945000BDEC048B10BD000090ED072A30EEC00A71
:1094600090ED051AB0EEC03AB4EE423A80ED091A1A
:10947000F1EE10FA80ED050ABCBF0021416190EDCC
:10948000050A90ED043AB0EEC04AB4EE434AF1EE5C
:1094900010FA10DAB1EE423AB5EE400AF1EE10FAE7
:1094A000C8BFB0EE432A90ED063A30EE022A32EE03
:1094B000032A80ED062A90ED032A90ED064AB1EECC
:1094C000423AB4EE434AF1EE10FAB8BF80ED063AE4
:1094D00090ED063AB4EE423AF1EE10FAC8BF80EDD4
:1094E000062A90ED002A90ED013A90ED065A90ED93
:1094F000024A20EE022A23EE053A30EE410A32EE0D
:10950000032A20EE040A32EE000A80ED080A7047B2
:1095100030EEC00A90ED072AB0EEC03AB4EE423AFF
:10952000F1EE10FA80ED050ABCBF0021416190ED1B
:10953000050A90ED043AB0EEC04AB4EE434AF1EEAB
:1095400010FA10DAB1EE423AB5EE400AF1EE10FA36
:10955000C8BFB0EE432A90ED063A30EE022A32EE52
:10956000032A80ED062A90ED032A90ED064AB1EE1B
:10957000423AB4EE434AF1EE10FAB8BF80ED063A33
:1095800090ED063AB4EE423AF1EE10FAC8BF80ED23
:10959000062A90ED002A90ED013A90ED065A90EDE2
:1095A000024A20EE020A23EE052A30EE020A24EED9
:1095B000011A30EE010A80ED080A704770B50546C1
:1095C00011EE100AA86410EE900A686410EE100AFA
:1095D000286411EE900A686012EE100AA86012EE7C
:1095E000900AE86013EE100A286513EE900A686589
:1095F00014EE100AA86514EE900A0026E86505F13D
:10960000620014462E602E63A5F86010FFF7B0FCD0
:10961000C5F88C6085F89840C5F89D60C5F89960DC
:1096200085F8A1606E6370BD04EE101AB8EE444A6E
:10963000002100F10C0280ED144A80ED150AC0ED06
:10964000160A016082EC051A0164704700000000F0
:10965000EFF30980BFF36F8F154B1A681EF0100FE0
:1096600008BF20ED108A20E9F04F10602DE90900B5
:109670004FF0500080F31188BFF34F8FBFF36F8F0F
:1096800005F04EFC4FF0000080F31188BDE80900A2
:1096900019680868B0E8F04F1EF0100F08BFB0EC72
:1096A000108A80F30988BFF36F8F704700BF00BF37
:1096B000C037002040F6E45540F6400643F290647F
:1096C000C2F20005C2F20006C2F2000495ED041ACF
:1096D00095ED060AD6ED011AD6ED020A204603F0F2
:1096E00069FD0A2004F000FAF0E7000001F6FF72BD
:1096F0006FF35F3200234FF0000C824238BF4FF00F
:10970000010C88BF01234FF400508A423ABF4EF249
:109710000000CFF6FF706346002B18BF014408B26B
:109720007047000030EE600AB5EE400AF1EE10FA24
:1097300009DDB4EE410AF1EE10FACCBF30EE810A39
:1097400030EE200A7047B1EE412AB4EE420AF1EE43
:1097500010FAB4BF30EEC10A30EE200A70470000A4
:1097600080B543F2FC53C2F20003D3F800C0DCF82A
:10977000143043F04003CCF81430DCF80C3043F0E4
:109780001003CCF80C3042F68063C2F20003D3F829
:1097900000E0DEF800C02CF00103CEF80030DEF867
:1097A0000030DB070AD000BFDEF8003023F00103F1
:1097B000CEF80030DEF80030DB07F5D144F60403C4
:1097C000C4F20003CEF80830CEF80C00CEF810102A
:1097D000CEF80420DEF8000040F48020CEF800002F
:1097E000DEF8000040F00100CEF8000080BD00006F
:1097F00040F22810C2F20000017A013902292CD867
:10980000417A0139022928D801884288A1F5B67128
:10981000B1F5A56F4FF00001A2F5B67288BF012126
:10982000B2F5A56F4FF0000288BF01221143828874
:109830000023A2F5B672B2F5A56F4FF0000288BF03
:109840000122C0881143A0F5B670B0F5A56F88BF9E
:10985000012343EA0100404270474FF0FF30704758
:1098600081790020502988BF4FF0FF3070470000F9
:1098700080B50A8813BA4FEA134CA0F800C04A8892
:1098800012BA120C42808A8812BA120C828091F8A5
:1098900006E0028980F806E0C2EB1342CB7911B2F0
:1098A000B1F5805FC37102DD4289013A428111F551
:1098B000805F02DA418901314181B0F90A109FEDE0
:1098C000081A0CEB413100EE101AB8EEC00A20EE77
:1098D000010AC160A0F808C080ED040A80BD00BF85
:1098E0000000343D40F22810C2F200004FF0042185
:1098F0000160416040F202210181017D827D01F021
:10990000FD01017502F0FD0181750021C0F80A100A
:10991000C0F80E1041827047B0F90010B0F9022073
:10992000A1F5806100EE101A9FED372AB0F90430DE
:10993000B8EEC00AA2F5806180EE024A00EE101A6D
:10994000B0F90600B8EEC00AA3F5806180EE023AD5
:1099500000EE101AB8EEC00AA0F5806080EE021A80
:1099600000EE100AB8EEC00A80EE020A41F2202092
:109970009FED262AC2F200000121017040F60C7012
:10998000B4EE424AC2F20000F1EE10FA80ED004A55
:1099900080ED013A80ED021A80ED030A08DC9FEDAC
:1099A0001C5AB4EE454AF1EE10FAA4BF0021016042
:1099B000B4EE423AF1EE10FA08DC9FED154AB4EE2F
:1099C000443AF1EE10FAA4BF00214160B4EE421A0D
:1099D000F1EE10FA08DC9FED0E3AB4EE431AF1EE08
:1099E00010FAA4BF00218160B4EE420AF1EE10FA31
:1099F000C8BF70479FED061AB4EE410AF1EE10FAA7
:109A0000A4BF0021C160704700002544CDCCCC3DEF
:109A1000CDCCCCBD10B50178427840F2281462F369
:109A20000A21C2F20004218041788378C90863F3D7
:109A30004A116180C17802798378890041EA9311E3
:109A400002F0010241EA8221A180017942794908AC
:109A500062F3CA11E1804179890921724179C1F328
:109A600001116172C288032962810289A28142893F
:109A7000E281027BA274427BE274C089A0820AD098
:109A800002290FD001290FD140F22810C2F20000A4
:109A9000FFF742FF08E0E28A81B204F10A00FFF713
:109AA0003BF801E000F0BAF8608AA18A2082E182E6
:109AB00010BD000070B582B00D461646022101228D
:109AC0002B460446009600F039F828B1606D032556
:109AD00040F0200060652DE040F22850C2F2000006
:109AE000006849F68171C1F25E61A0FB0101480D79
:109AF0004FF47A71484301906068B0F5827F0FD1CE
:109B00002046802100222B460096002500F016F802
:109B100080B1606D032540F0200060650AE000BF61
:109B2000019830B1019801380190206880680006E2
:109B3000F6D40025284602B070BD00002DE9F0479C
:109B400082B00A9C984615460E468146FAF750FBAD
:109B5000201A00EB0804FAF74BFB40F22851C2F23E
:109B600000010968C1F3CB3161430191D9F80010BC
:109B700089683140891BB1FA81F14909A94203D1B1
:109B8000002002B0BDE8F087824608F1010709E035
:109B9000D9F8000080683040801BB0FA80F040099E
:109BA000A842EDD0002FF3D0FAF722FBA0EB0A0079
:109BB000A04207D201980199002808BF0446481E18
:109BC0000190E5E7D9E900014268B1F5827F22F012
:109BD000E00242600BD1D9F80810B1F5004F02D075
:109BE000B1F5806F03D1016821F040010160D9F81F
:109BF0002810B1F5005F07D1016821F40051016020
:109C0000016841F400510160012089F851000020F1
:109C100089F85000032002B0BDE8F08741F220200F
:109C2000C2F2000002210170704700000000000035
:109C3000074B19680868B0E8F04F80F30988BFF354
:109C40006F8F4FF0000080F31188704700BF00BF96
:109C5000C037002080B503F00FFB80BD008870473F
:109C600080B540F2FD70C2F20000807A01280AD16E
:109C700042F61800C2F200000078022806D010B99F
:109C800000F02AFA80BD00F07FF980BD00F080FA74
:109C900080BD000010B541F21820C2F200004188DA
:109CA0008288C08800EE101A42F64071B8EE400A71
:109CB000C2F2000102EE100A42F6447081ED000A81
:109CC00001EE102A42F6B811B8EE423AC2F2000094
:109CD0009FED4A2AB8EE411AC2F2000180ED003A27
:109CE00030EE433A81ED001A40F2F8700021B4EEF4
:109CF000423A43F6904CC2F20000C4F22011F1EE59
:109D000010FAC2F2000C016002DDB2EE0E0A2CE085
:109D1000B4EE423AF1EE10FA23DAB3EE0E4AB4EEA4
:109D2000443AF1EE10FA1CDDBCF80010B2EE043A31
:109D300005EE101A21EE034AB8EE455A9FED306A3F
:109D400024EE054A84EE064A25EE022A82EE062A11
:109D500020EE030A30EE040A30EE410A80EE020AD9
:109D600003E0B2EE040A81EE000A40F20062C2F2A1
:109D70000002127843F68C4101EE102A40F2FB52A9
:109D8000C2F20001B8EE411AC2F2000281ED000AEF
:109D900020EE010A9FED1B1A127820EE010A01EE57
:109DA000102AB8EE411A80EE010A40F65C0140F23A
:109DB000401341F26C2EC2F20001C2F20003C2F263
:109DC000000E0978DA789EF80C0081F0010182F02B
:109DD0000102BCF800304FF0FF34032808BF012413
:109DE00051EA020008BF0124E018BDEEC00AACF839
:109DF000000010EE100AAEF8040010BD0000C842CA
:109E000000007A44000070C2B0B541F26C25C2F285
:109E10000005287B4EF69001C1F27071042829607C
:109E200088BFB0BDDFE800F0030A1D99060000F00E
:109E300061FAB0BD41F21850A880B0BD40F2106187
:109E4000C2F2000101220A7041F230210020C2F268
:109E50000001087041F21001C2F20001A88048819F
:109E6000B0BD40F21060C2F200000178002956D067
:109E7000012972D141F210040021C2F2000494EDD4
:109E8000040A9FED3E1A0170B4F9020070EE010A57
:109E900001EE100A40F2DC00B8EEC11AC2F2000076
:109EA000C5ED020AFFF734FBB4F9020040F20014DA
:109EB00000EE100AB5F90400C2F2000401EE100A27
:109EC000B8EEC00AF8EEC10A2046FFF7C5FA94EDD5
:109ED000080A9FED2B1A40F2CC61B4EE410AF1EE74
:109EE00010FABEBF44F20000CCF21C60206294ED78
:109EF000080A9FED241AC2F20001B4EE410AF1EE05
:109F000010FAC2BF44F20000C4F21C60206294ED5B
:109F1000080ABDEEC00A10EE100A08801DE041F2EA
:109F20001000C2F2000090ED040AB0F9020040F205
:109F3000DC0401EE100AC2F20004B8EEC11AF0EE21
:109F4000400A204685ED020AFFF7E2FA94ED080A7E
:109F5000BDEEC00A10EE100AA88041F21820C2F22D
:109F600000000078012802D1FFF794FEB0BD4EF644
:109F7000900000F51670A880B0BD00BF0080CA44F4
:109F800000401CC600401C4680B540F2CC62C2F2C4
:109F9000000200201060908042F6B040C2F2000043
:109FA0004FF40071FEF79AFD80BD0000F0B581B05E
:109FB00041F21000C2F20000B0F9020041F26C263A
:109FC000C2F2000600EE100AB6F9040040F20015D5
:109FD00001EE100AC2F20005B8EEC00AF8EEC10A9E
:109FE0002846FFF739FA41F29827C2F20007B7F97D
:109FF0002A0040F2D84400EE100AB6F90200C2F27C
:10A00000000401EE100AB8EEC00AF8EEC10A04F12D
:10A010002800FFF721FAB7F9020000EE100AB6F99E
:10A020000000B8EEC00A01EE100AF8EEC10A2046A0
:10A03000FFF712FA95ED080A9FED231AB4EE410AD4
:10A04000F1EE10FABEBF44F20000CCF21C602862B0
:10A0500095ED080A9FED1D1AB4EE410AF1EE10FAD3
:10A06000C2BF44F20000C4F21C60286294ED121AD0
:10A070009FED170A0020B4EE401AF1EE10FACCF270
:10A080008060B8BFA06494ED122A9FED121AB4EE5E
:10A09000412AF1EE10FAC4BF4FF08D41A16494ED56
:10A0A000082AB4EE402AF1EE10FAB8BF206294ED0F
:10A0B000080AB4EE410AF1EE10FAC4BF4FF08D4029
:10A0C000206201B0F0BD00BF00401CC600401C462D
:10A0D000000080C60000804640F65C00C2F200002E
:10A0E0000078012819D140F24011C2F20001CA697A
:10A0F0009FED261A00EE102A41F26C20B4EE410AC0
:10A10000C2F200000122F1EE10FA0273D8BF7047CC
:10A11000C97879B30321017337E042F61800C2F21F
:10A12000000090F8702041F26C2C41F29421C2F2B0
:10A13000000CC2F2000122B100230B8003238CF833
:10A140000C3032B99CF80C20032A04BF01228CF891
:10A150000C200A8840F6B930013293B283420A805B
:10A1600013D39CF80C0004281EBF00208CF80C00B0
:10A1700070470AE042F61801C2F2000191F870102F
:10A1800000291EBF0321017370477047CDCCCC3D21
:10A1900040F65C00C2F200000078012841F26C2019
:10A1A000C2F200001AD140F24011C2F20001CB7895
:10A1B00042F61801C2F2000191ED090AB7EE001A49
:10A1C0000122B4EE410A01210273F1EE10FA08BF38
:10A1D0000321012B18BF11460173704742F6180185
:10A1E000C2F2000191ED091AB7EE000AB4EE401A6E
:10A1F000F1EE10FA02BF03210173704791ED071AC7
:10A200000021B4EE401AF1EE10FA08BF0121490016
:10A210000173704780B540F20010C2F2000090ED6B
:10A22000080A40F2CC61BDEEC00A10EE100AC2F27C
:10A230000001088040F2D840C2F2000090ED120AFE
:10A2400090ED081ABDEEC00A10EE100A888041F2A7
:10A250006C20C2F20000007BBDEEC10A002810EEA7
:10A26000100A488008BF80BD42F6B04040F2CC6280
:10A27000C2F20000C2F200024FF40071FEF72EFCA1
:10A2800080BD000040F2FD70C2F2000001798279C9
:10A29000407982F0010280F00100104381F0010159
:10A2A0000843B0FA80F140F6D050C2F200004B09EA
:10A2B00041F26C214278C2F20001097B02F0FE02F9
:10A2C0001A44427069B140F65C020329C2F20002EE
:10A2D00002D11378012B06D11278012A05D103226D
:10A2E00002E00A4600E002228270042904BF042131
:10A2F00081707047F0B581B041F21001C2F20001E7
:10A30000B1F9021041F26C2640F20014C2F20006CC
:10A31000002000EE101AC2F20004DFED4D0A30609A
:10A32000B080B8EEC00A2046FFF796F841F29827B1
:10A33000C2F20007B7F92A0040F2D84500EE100A31
:10A34000B6F90200C2F2000501EE100AB8EEC00A2A
:10A35000F8EEC10A05F12800FFF77EF8B7F9020010
:10A3600000EE100AB6F90000B8EEC00A01EE100ABD
:10A37000F8EEC10A2846FFF76FF894ED080A9FED42
:10A38000351A40F2CC62B4EE410AF1EE10FABEBFCB
:10A390004CF20000CCF2A850206294ED080A9FED28
:10A3A0002E1AC2F20002B4EE410AF1EE10FAC2BF58
:10A3B0004CF20000C4F2A850206295ED121A9FEDF5
:10A3C000270A0020B4EE401AF1EE10FACCF28060B9
:10A3D000B8BFA86495ED122A9FED211AB4EE412A68
:10A3E000F1EE10FAC4BF4FF08D41A96495ED082A33
:10A3F0004FF40071B4EE402AF1EE10FAB8BF2862B3
:10A4000095ED080AB4EE410AF1EE10FAC4BF4FF020
:10A410008D40286294ED080A95ED081ABDEEC00A39
:10A4200010EE100A95ED120A1080BDEEC00A10EE73
:10A43000100ABDEEC10A908010EE100A508042F65C
:10A44000B040C2F20000FEF749FB01B0F0BD00BF12
:10A450000000000000C0A8C500C0A845000080C6DC
:10A460000000804641F2E824C2F2000405F0E0F961
:10A470002060FFF7F5FBF8F71FFAFFF7C5FCFFF7C1
:10A4800095FDFFF7C7FEFFF7FDFE2046012104F012
:10A490003BFBEBE7FEF71EF9FDF74EF8FDF7A4F8DE
:10A4A000012003F021FBF9E780B5FDF7F7F880BD47
:10A4B00080B54EF21000CEF20000006805F0A4F95D
:10A4C000012818BF04F03EFE80BD000070B592B0B8
:10A4D00006AC20463021F6F711FC002543F640007B
:10A4E0000595CDE90355CDE901550095C4F202006B
:10A4F0000168022641F080510160006800F0805040
:10A500000090009847F200000095C4F20000016836
:10A5100041F480410160006800F4804000900098A0
:10A52000012006904FF4803007904FF480000D908A
:10A5300006200E90A820CDE90F0607201190204696
:10A540000C96FAF7DDFD88B90F20CDE901064FF42E
:10A55000A05004904FF48050059001A80521039568
:10A56000FAF7A0FC002804BF12B070BDF8F7EAF9B2
:10A570004EF68850CEF20000016841F4700101608F
:10A580007047000080B543F2DC40C2F20000FBF7E8
:10A5900047FB80BD80B543F22450C2F20000FBF7B8
:10A5A0003FFB80BD10B540F6FF3E0368C4F2000ECD
:10A5B00040F2004C7045C4F2010C0FDCB0F1804F4A
:10A5C00019D040F20042C4F20002904213D040F68B
:10A5D0000002C4F2000290420DD010E040F60042AA
:10A5E000C4F20002904206D0604504D00022C4F2BA
:10A5F0000102904203D14A6823F07003134341F6ED
:10A60000FF72C4F2000290420DDC70451FDCB0F115
:10A61000804F41D040F20042C4F2000290423BD051
:10A6200040F6000221E043F6FF72C4F201029042BC
:10A6300020DC42F20002C4F2000290422CD0002240
:10A64000C4F20102904227D0604525D028E040F6B0
:10A650000042C4F2000290421ED041F60002C4F251
:10A660000002904218D041F60042C4F2000290422B
:10A6700012D015E044F20002C4F2010290420BD065
:10A6800044F60002C4F20102904205D044F20042B6
:10A69000C4F20102904203D1CA6823F44073134309
:10A6A00023F080024B69D1F800E08C681A43026005
:10A6B000C46240F48062C0F828E0624504BF0969C2
:10A6C0000163012141610169C90708BF10BD01692A
:10A6D00021F00101016110BD80B501F01F014FF0B3
:10A6E000010CD0F820E00CFA01F32EEA0303036218
:10A6F000036A02FA01F11943016280BDD0F808C073
:10A7000011432CF47F4C41EA032141EA0C018160A2
:10A7100070470000826822F07002114341F0070187
:10A7200081607047B0B5026A036A40F2004523F0C9
:10A7300001030362D0F804E0D0F818C08C6822F05E
:10A74000020240F48063C4F20105AB4242EA040213
:10A7500005D1CC6822F00C0224F0040422430C68DA
:10A76000AB4207D1D1E905532EF4407E45EA0E05F0
:10A7700045EA030E2CF073032343C0F804E0836121
:10A78000496841630262B0BD70B5026A036A40F273
:10A79000004423F010030362D0F804E0D0F818C09E
:10A7A0008D6822F0200240F48063C4F20104A342C9
:10A7B00042EA051207D1CD686FF0400622F0C002D0
:10A7C00006EA05152A430D68A34207D1D1E90564BD
:10A7D0002EF4406343EA860343EA840E2CF4E643F6
:10A7E00043EA0523C0F804E083614968816302629B
:10A7F00070BD000070B5026A036A40F2004423F4A1
:10A8000080730362D0F804E0D0F81CC08D6822F495
:10A81000007240F48063C4F20104A34242EA0522BC
:10A8200007D1CD6840F2FF462D0222F44062B543C5
:10A830002A430D68A34207D1D1E905642EF44053A1
:10A8400043EA061343EA041E2CF073032B43C0F8BB
:10A8500004E0C3614968C163026270BD70B5D0F89D
:10A8600020C0026A40F2004622F48052026242682E
:10A87000C3690C68D1F808E040F48065C4F20106B1
:10A88000B54204D14D6922F4804242EA851223F494
:10A89000E64343EA04234260C3612CF4005649684E
:10A8A00046EA0E320164026270BD000000684FEAA1
:10A8B000B101C36A934238BFC26A032988BF704797
:10A8C000DFE801F0020B050891B24163704791B2D5
:10A8D000C163704791B20164704791B28163704760
:10A8E000D0F820C0036A23F001030362836923F0D8
:10A8F000F00343EA02122CF00A0319438261016259
:10A9000070470000D0F820C0036A23F010030362F0
:10A91000836923F4704343EA02322CF0A00343EA34
:10A92000011182610162704780B5806B0021C18591
:10A93000C184FBF72FFC80BD10B5846B2068406993
:10A9400094F84110212907D110F0800004D0002094
:10A95000E084204600F0C2F82068406994F8421074
:10A96000222907D110F0400004D00020E0852046C5
:10A9700000F080F8606C40F0100060642046FBF747
:10A9800009FC10BD80B50168806B0968C9052FD42A
:10A990000021C185016851E8031F026821F480711C
:10A9A00042E80313002BF5D1016851E8051F026846
:10A9B00021F0010142E80513002BF5D1016851E8AF
:10A9C000051F026821F0400142E80513002BF5D174
:10A9D000202180F84210016B012909D1016851E85A
:10A9E000031F026821F0100142E80313002BF5D188
:10A9F00000214163016B012903D1818DFBF7B2FB7B
:10AA000080BDFBF779FE80BD80B5806B012141637D
:10AA1000016B012904D1818D4908FBF7A3FB80BD9F
:10AA2000FBF76CFE80BD000080B50168806B096893
:10AA3000C90516D40021C184016851E8051F0268C8
:10AA400021F0800142E80513002BF5D1016851E89F
:10AA5000031F026841F0400142E80313002BF5D1C7
:10AA600080BDFBF7E5FE80BD80B5806BFBF7E2FEA5
:10AA700080BD0000016851E8031F026821F4907155
:10AA800042E80313002BF5D1016851E8051F026865
:10AA900021F0010142E80513002BF5D1016B0129DA
:10AAA0000AD100BF016851E8031F026821F01001BC
:10AAB00042E80313002BF5D1202180F84210002139
:10AAC0000163704780B50168CA6822F04002CA601D
:10AAD000202180F84110FBF7ABFE80BD016851E8F2
:10AAE000031F026821F0C00142E80313002BF5D1D7
:10AAF000202180F84110704780B582B090F8421054
:10AB000022291ED18268B2F5805F02D10169002935
:10AB10004AD0816AB2F5805F07D00AB9026922B1D2
:10AB20000268526802F07F0201E0026852680A700F
:10AB30000121826A11448162C18D01390A04C185F3
:10AB400001D002B080BD0168CA6822F02002CA604C
:10AB5000CA6822F48072CA604A6922F001024A611E
:10AB6000202180F8421000214163026B012A23D189
:10AB7000016300BF016851E8031F026821F0100162
:10AB800042E80313002BF5D101680A68D20606D506
:10AB9000002201920A680192496801910199818D10
:10ABA000FBF7E0FA02B080BD0168826A49686FF382
:10ABB0005F2111800221BCE7FBF79EFD02B080BD42
:10ABC00010B504460068D4E902C22369016921F482
:10ABD000405111430161626943EA0C01E369114389
:10ABE000C268194349F20C639A431143C160416939
:10ABF000A26921F4407141F20043114340F48062A4
:10AC0000C4F201039A42416102D1FAF733FA01E03A
:10AC1000FAF71EFAE16963681922B1F5004FA0FB4B
:10AC200002011CD15A00DB0FF6F71EF848F21F5143
:10AC3000C5F2EB11A0FB01235A096FF0630302FB7D
:10AC40000300322303EBC000A0FB01014FF4F870B6
:10AC500000EA111000EB0210C1F342111AE09A0051
:10AC60009B0FF6F701F848F21F51C5F2EB11A0FB5C
:10AC700001235A096FF0630302FB0300322303EB45
:10AC80000010A0FB0101F02000EA511000EB0210BF
:10AC9000C1F3431122680843906010BD70B582B0C3
:10ACA000134600260446816283854664222084F888
:10ACB00042000A462168E06B4AF6851C4AF6092ED6
:10ACC0004AF63915C0F6000CC0F6000EC0F60005B5
:10ACD0000431C0E90FCEC0E91356F9F75FF90196C8
:10ACE000206801680191406801900198206948B18D
:10ACF000206850E8030F216840F4807041E80302A7
:10AD0000002AF5D1206850E8050F216840F00100C5
:10AD100041E80502002AF5D1206850E8050F2168B6
:10AD200040F0400041E80502002AF5D1002002B0C1
:10AD300070BD0000816200218285C28541642221AC
:10AD400080F84210016921B10168CA6842F480723A
:10AD5000CA600168486940F001004861C86840F075
:10AD600020020020CA60704790F84110212923D1A9
:10AD70008168B1F5805F01D1016931B1016A026872
:10AD80004B1C03620978516007E0016A036831F8DF
:10AD9000022B6FF35F225A600162C18C01390A04F1
:10ADA000C18418BF70470068C16821F08001C1608C
:10ADB000C16841F04001C160704700002DE9F041D9
:10ADC00082B00446006800680840884203D1002031
:10ADD00002B0BDE8F0811D460E4690465F1C04E0BF
:10ADE000206800683040B04228D0002FF8D0F9F732
:10ADF000FFF901464FF003000DB3A1EB0801A94292
:10AE00001DD82068C1684907EAD5402EE8D0802EB9
:10AE1000E6D001680907E3D5002501950168019195
:10AE20004068019001982046FFF724FE08206064E6
:10AE300084F84050012002B0BDE8F081002002B04B
:10AE4000BDE8F08180B543F2B450C2F20000FBF7D8
:10AE5000ADF980BD80B582B043F2FC50C2F2000073
:10AE600000680168890635D444F60001C4F2000187
:10AE70000968C9064CD5002100910168009140681D
:10AE80000090009841F22420C2F20000F7F702FE81
:10AE900042F68060C2F20000006824230268016864
:10AEA000120321F0010101604168436089B21AD4A4
:10AEB0000268122942F400220260026842F0010294
:10AEC000026025D143F63940C2F20000FEF7A2FD30
:10AED00002B080BD0021019101680191406801909C
:10AEE000019802B080BD46F22802C4F20202136843
:10AEF000122923F400231360026842F00102026069
:10AF000006D143F63940C2F200002430FEF782FD3C
:10AF100002B080BD80B543F24460C2F20000FBF78E
:10AF200045F980BDB0B5D0F8D42200EB8202D2F84A
:10AF3000C03233B301F00F058C4605EB850100EB01
:10AF4000810151F8184F64B1D0F8C8E205EBC5058E
:10AF50000EEB8505D5F81CE0B4FBFEF505FB1E45A0
:10AF60008DB10024C3F81442D2F8C402056935B18A
:10AF7000D3F8080203F504716246A847002420466E
:10AF8000B0BD0320B0BD00240C6061460022002348
:10AF900000F048FE2046B0BDB0B50446D0F8D4025B
:10AFA00004EB8000D0F8C05295B1204600F012FDAD
:10AFB000D4F8D412C5F80C0204EB8101D1F8C41204
:10AFC000D5F80402CA6805F5037190470020B0BDAA
:10AFD0000320B0BD70B58121044600F04BFC002574
:10AFE00020460121258700F045FC20468221A4F857
:10AFF000785100F03FFCD4F8D402E56404EB800003
:10B00000D0F8C01289B1D0F8C40240688047D4F8A3
:10B01000D40204F5307656F8200001F01FF8D4F879
:10B02000D40246F82050C4F8BC52002070BD000085
:10B0300010B5D0F8D41200EB8100D0F8C04284B132
:10B04000D0F8C41279B194F80002FF280BD08B68B5
:10B0500094F8012221469847FF2084F8000200203E
:10B0600010BD032010BD002010BD0000014640F2BD
:10B07000A8500A22C2F200000A807047F0B581B0E1
:10B0800040F26457C2F2000704463846822100F0BD
:10B090004BFB06463846012100F046FB0546384684
:10B0A000812100F041FB002E1CBF1021B171002D49
:10B0B0001CBF4021A98000281CBF40218180432162
:10B0C00040F26450C2F20000218001B0F0BD0000E7
:10B0D000F0B581B040F26457C2F20007044638462A
:10B0E000822100F021FB06463846012100F01CFBBE
:10B0F00005463846812100F017FB002E1CBF1021A9
:10B10000B171002D1CBF4FF40071A98000281CBF35
:10B110004FF400718180432140F26450C2F200007C
:10B12000218001B0F0BD0000F0B581B040F264575D
:10B13000C2F2000704463846822100F0F5FA0646BE
:10B140003846012100F0F0FA05463846812100F02A
:10B15000EBFA002E1CBF1021B171002D1CBF402145
:10B16000A98000281CBF40218180432140F2645007
:10B17000C2F20000218001B0F0BD00002DE9F041D5
:10B1800004464FF4077000F06BFF00284DD04FF4D9
:10B1900007710546F5F7B2FDD4F8D402402704EB59
:10B1A0008000C0F8C052207CC4F8BC52002808BF00
:10B1B0004FF400772046812102223B46022600F010
:10B1C0007DFC4FF001082046012102223B46A4F8F5
:10B1D000388000F073FC1020A4F84E002046822135
:10B1E00003220823A4F8788100F068FCD4F8D40284
:10B1F0000027C5F8047204EB8000D0F8C402A4F85C
:10B200004C8000688047C5F81472C5F81872D5F8EC
:10B2100004223AB1207C90B120460121402300F065
:10B2200059FC00263046BDE8F081D4F8D402002154
:10B2300004EB8000C0F8C0120220BDE8F081204677
:10B2400001214FF4007300F045FC0020BDE8F081BF
:10B2500080B5D0F8D41200EB8101D1F8C01271B1E1
:10B2600090F810C0D1F8042240230121BCF1000F56
:10B2700008BF4FF4007300F02DFC002080BD0320B8
:10B2800080BD000000290FBF0320D0F8D42200EBBE
:10B290008200C0F8C41218BF00207047D0F8D42232
:10B2A00000EB8200D0F8C00200280EBF0320C0F8D7
:10B2B0000412002070470000D0F8D43200EB830065
:10B2C000D0F8C00200280FBF0320C0F80812C0F851
:10B2D000102200207047000070B582B00446D0F8FC
:10B2E000D4020D4604EB8000D0F8C06200218DF836
:10B2F0000710ADF80410C6B1297811F0600216D01D
:10B30000202A2BD1EA88002A2ED0090635D4687865
:10B31000314686F800022046402A28BF402286F89F
:10B32000012200F0C3F8002660E003265EE06878A2
:10B330000B2844D80026DFE800F00659424242427A
:10B3400042424242303C94F89C0203283DD101A97C
:10B350002046022200F0C4F8002647E02046294695
:10B3600000F09AF8032641E0D0F8C4022946836829
:10B37000687800220026984738E0D0F8C4023146A9
:10B38000836868789847EA8820463146072A28BFAC
:10B39000072200F0A5F8002628E094F89C02032874
:10B3A00019D10DF107012046012200F099F800267D
:10B3B0001CE094F89C02032813D1002616E02046D6
:10B3C000294600F069F8032610E02046294600F0DF
:10B3D00063F803260AE02046294600F05DF80326BC
:10B3E00004E02046294600F057F80326304602B014
:10B3F00070BD000080B5D0F8D41200EB8101D1F807
:10B40000C0223AB1D2F8141200294FF0010103D042
:10B41000084680BD032080BDC2F81412D2F8103255
:10B42000D2F808228121C36200F0FCFB002108460B
:10B4300080BD000080B5D0F8B8225268904700283F
:10B4400018BF032080BD000080B590F89C22013A0F
:10B45000022A09D84988012918BF80BD0021C0F8F7
:10B46000A41200F04BF880BD00F016F880BD00007B
:10B47000002070470020704780B513460A4600211F
:10B4800000F028FB002080BD80B513460A4600214D
:10B4900000F0C8FB002080BD10B58021044600F0FC
:10B4A000A3FB2046002100F09FFB10BD80B5134692
:10B4B0000A460321C0F894120021C0E9563300F077
:10B4C00009FB002080BD000080B50521C0F8941262
:10B4D00000210022002300F0FDFA002080BD0000C2
:10B4E00080B513460A460221C0F894120021C0E933
:10B4F000063300F097FB002080BD000080B50421DA
:10B50000C0F8941200210022002300F08BFB0020E1
:10B5100080BD000010B541F2B834C2F200040A4602
:10B5200002A0214600F056F9204610BD43444320B6
:10B53000436F6E666967000040F2B4501222C2F297
:10B5400000000A807047000010B541F2B834C2F222
:10B5500000040A4602A0214600F03CF9204610BD36
:10B5600043444320496E7465726661636500000060
:10B5700040F2DC500422C2F200000A807047000052
:10B5800010B541F2B834C2F200040A4602A02146C6
:10B5900000F020F9204610BD53544D6963726F6569
:10B5A0006C656374726F6E696373000010B541F26D
:10B5B000B834C2F200040A4602A0214600F00AF99B
:10B5C000204610BD53544D33322056697274756154
:10B5D0006C20436F6D506F727400000080B51A20AC
:10B5E0000880F7F75DFA40F2E050C2F2000080BD3B
:10B5F00080B5C988012910D190F89C124A1E022AF0
:10B6000004D20022014641F8082F02E0032904D1A8
:10B61000011D0122FFF764FF80BDFFF73DFF80BDE4
:10B62000B0B582B0044648880D464FF0FF3101EBBB
:10B63000102100220629ADF8062061D8DFE801F0CC
:10B640000414086060212A00D4F8B402026841E0C2
:10B65000C0B2052854D8DFE800F003292D31353970
:10B66000D4F8B402426834E0217CD4F8B80200294E
:10B670000CBF816AC16A0DF10600884701460220AD
:10B6800012E0207CE0BBD4F8B802416B0DF106005B
:10B69000884723E0207C98BBD4F8B802016B0DF1F9
:10B6A0000600884701460720487018E0D4F8B40225
:10B6B00082680EE0D4F8B402C2680AE0D4F8B4029A
:10B6C000026906E0D4F8B402426902E0D4F8B40298
:10B6D0008269AAB1207C0DF1060190470146012044
:10B6E000A8B1EA88AAB1BDF80600B8B1904238BF47
:10B6F00002462046ADF80620FFF7F2FE02B0B0BDCC
:10B700002046FFF7C9FE002100200028E9D102B041
:10B71000B0BD2046FFF7F2FE02B0B0BD2046FFF7F5
:10B72000BBFE02B0B0BD000070B582B004464288D6
:10B73000007882421AD90D466188ADF80600814230
:10B7400014D90DF10606204605E000BFBDF806102D
:10B75000628891420AD2314600F01CF841780529EE
:10B76000F4D18178A942F1D102B070BD002002B0BD
:10B7700070BD0000017849B1411E00208A78013077
:10B78000002A01F10101F9D1C0B270470020C0B216
:10B790007047000002780B88104413440B807047F8
:10B7A00080B590F89C22013A022A0FD8C988022954
:10B7B0000CD1D0F8A4120322002908BF01220146AF
:10B7C00041F80C2F0222FFF78BFE80BDFFF764FECD
:10B7D00080BD000070B5F0B1164605460C46FFF777
:10B7E000C9FF022101EB400030802070032060700F
:10B7F0002878002808BF70BD691E0222002300BF00
:10B80000D6B2A05546F001002354887802320028B1
:10B8100001F10101F4D170BD032884BF03207047FA
:10B8200040F20031C000C0F2013121FA00F0C0B294
:10B8300070470000002804BF0320704780B5002334
:10B84000C0F8B832C0F8C4320029C0F8D03218BFEE
:10B85000C0F8B412012180F89C12027000F0C0F808
:10B8600080BD000080B5D0F8C802F8F70FFEFFF7E2
:10B87000D3FF80BD80B5D0F8C802F8F7E1FDFFF72F
:10B88000CBFF80BDB0B5044689B194F89C02032873
:10B890004FD1D4F8B8024269002A4AD00020C4F837
:10B8A000D40220469047002808BF0020B0BDD4F83D
:10B8B0009402022836D1D4E9071081420DD90B1A1F
:10B8C000204611461A46E361FFF7DEFD20460021BF
:10B8D0000022002300F0FEF824E00FD1A16981428C
:10B8E0000CD3D4F89802814208D2204600210022CD
:10B8F0000025FFF7C9FDC4F89852E7E794F89C02C9
:10B90000032808D1D4F8B802C16821B10020C4F8D6
:10B91000D402204688472046802100F065F9204661
:10B92000FFF7D2FD94F8A00200281CBF002084F885
:10B93000A0020020B0BD000010B5044669B194F823
:10B940009C0203281DD1D4F8B80282690020CAB134
:10B95000C4F8D4022046904714E0D4F89402032897
:10B9600024D1D4E95703984210D9C01AC4F85C0115
:10B97000984238BF0346204611461A46FFF77CFD21
:10B9800014E00020002808BF002010BD94F89C029D
:10B99000032808D1D4F8B802016921B10020C4F805
:10B9A000D402204688472046FFF7A8FD002010BD9E
:10B9B0000020704780B5012180F89C12D0F8B812A1
:10B9C00031B14A6801799047002818BF032080BD33
:10B9D000002080BD80B5D0F8C802F8F787FD80BD93
:10B9E00010B5017809B1002010BD42F64871C2F2CD
:10B9F0000001C1F8E004C0F8C8124FF0A040086090
:10BA0000042008714FF40070C8800220C1F80900BA
:10BA10000020C8810846F9F705F9002818BFF6F795
:10BA200091FF42F64874C2F2000420468021F8F7E4
:10BA3000A3FC204600214022F8F7A2FC2046012169
:10BA40008022F8F79DFC002010BD0000D0F8C8024D
:10BA500001F07F0202EBC20200EB820000F116024D
:10BA6000090658BF00F256221078704780B5D0F80A
:10BA7000D42200EB8202D2F8B82242B190F89C3274
:10BA8000032B02D1126A02B19047002080BD03202F
:10BA900080BD000080B5D0F8D42200EB8202D2F83D
:10BAA000B82242B190F89C32032B02D1526A02B103
:10BAB0009047002080BD032080BD000080B59446E3
:10BAC000D0F8C8021A466346F8F71AFDFFF7A4FE3D
:10BAD00080BD000080B5D0F8C802F8F743FDFFF73D
:10BAE0009BFE80BDF0B581B00126002580F89C62E8
:10BAF000C0F8945204464560D0F8B802C4F8A45285
:10BB000084F8A05250B142683AB1204600219047D3
:10BB10000546002818BF032500E000252046002127
:10BB2000002240234027FFF7C9FF20468021002242
:10BB30004023A4F86461C4F86071FFF7BFFFA684D6
:10BB40002846276201B0F0BD90F89C12042904BF7A
:10BB500090F89D1280F89C120020704780B590F8F4
:10BB60009C12032906D1D0F8B81219B1C96900296D
:10BB700018BF8847002080BD02460020117470471E
:10BB800080B5D0F8C802F9F735F9FFF745FE80BD5A
:10BB9000B0B500F2AA250446284600F04BF8012073
:10BBA000C4F8940294F8AA02B4F8B02200F01F017D
:10BBB0000229C4F8982207D001290AD071B9204679
:10BBC000294600F011F9B0BD2046294600F048F999
:10BBD000B0BD2046294600F003FAB0BD00F0800158
:10BBE000204600F001F8B0BD80B5D0F8C802F8F7E3
:10BBF000DBFCFFF711FE80BD80B5D0F8C802F9F775
:10BC000017F9FFF709FE80BD014690F89C02042257
:10BC100004281CBF91F89C0281F89D02002081F845
:10BC20009C22704780B5D0F8C802F8F7F3FCFFF704
:10BC3000F3FD80BDB0B50C4609780546017060780B
:10BC40006870A01CFEF70AF86880201DFEF706F851
:10BC5000A880A01DFEF702F8E880B0BD10B582B044
:10BC600004460020ADF80600B1B1D4F8D42204F5A2
:10BC70002E70C4F8B81250F82200C16A21B10DF13B
:10BC800006008847C4F8D002D4F8D8020130C4F8BE
:10BC9000D802002002B010BD032002B010BD000089
:10BCA000B0B58A88044642B9C88830B948887F2828
:10BCB00003D894F89C12032903D12046FFF7ECFB2C
:10BCC000B0BD00F07F052046294684F89E52FFF75C
:10BCD00057FF2046FFF712FC002D14BF0220012061
:10BCE00084F89C02B0BD000080B5D0F8B82212B133
:10BCF0001268904780BD002080BD0000B0B50446AA
:10BD0000488841F2B435C2F2000510F0FE0F2870E9
:10BD100004D02046FFF7C0FB0320B0BD94F89C225E
:10BD2000C1B2032A0CD0022A22D189B32046616015
:10BD3000FFF7DAFF054680B32046FFF7ADFB15E0BD
:10BD4000F9B16068884223D0C1B22046FFF772FB88
:10BD5000297820466160FFF7C7FF054628B32046D3
:10BD6000FFF79AFB21792046FFF764FB022018E0D9
:10BD70002046FFF791FB29782046FFF75BFB032065
:10BD8000B0BD022084F89C0220466160FFF752FBA0
:10BD90002046FFF7B3FB0020B0BD2046FFF7AEFB07
:10BDA000032084F89C022846B0BD2046FFF7A6FB7E
:10BDB0002846B0BD80B54A88022A07D0012A0BD197
:10BDC0000121C0F8A412FFF799FB80BD497980F8E2
:10BDD000A012FFF793FB80BDFFF75EFB80BD000064
:10BDE00080B5FFF709FF80BD80B50A7812F06002C8
:10BDF0000CD0402A01D0202A16D1D0F8D42200EB52
:10BE00008202D2F8B8229268904780BD4A78092A07
:10BE10000AD8DFE802F0050D091109152009191DDE
:10BE2000FFF7BEFC002080BDFFF736FB002080BD81
:10BE3000FFF70AFB002080BDFFF7BCFF002080BD9C
:10BE4000FFF72EFF002080BDFFF7D2FB002080BD52
:10BE5000FFF754FF80BDFFF7E3FB002080BD00002B
:10BE600070B50E460978357911F0600104460CD0A2
:10BE7000402901D0202922D120462946FFF7F8FA8F
:10BE80004FF00005F8B1284670BD707830B3012836
:10BE900042D0032872D194F89C02032840D17088C4
:10BEA00048B945F08000802805D0F08818B92046B0
:10BEB0002946FFF799FE2046FFF720FB61E0204668
:10BEC000FFF7EAFA5DE0D4F8B802C4F8D452826809
:10BED000002AD8D020463146904770BD94F89C0285
:10BEE00003282CD0022849D145F08000802845D174
:10BEF00005F07F0000EB800004EB800000F11401EE
:10BF00002A0658BF00F5AA710025204602220D60BE
:10BF1000FFF7E6FA284670BD94F89C02032833D058
:10BF200002282BD145F08000802827D020462946C2
:10BF3000FFF75AFE20468021FFF756FE21E005F06C
:10BF40000F0101EB810115F0800004EB810114BFAA
:10BF5000898CB1F8641189B105F07F0101EB810191
:10BF600004EB810101F11406002845F0800008BFB0
:10BF700001F5AA76802825D100202AE02046FFF787
:10BF80008BFA0025284670BD70880028F9D1680614
:10BF900003D020462946FFF765FC2046FFF7AEFA9E
:10BFA00020462946FFF764FA00284FF000057FF489
:10BFB0006AAFD4F8B802C4F8D4528268002A7FF479
:10BFC00089AF60E720462946FFF740FD0028D3D01F
:10BFD00001203060204631460222FFF781FAD0E787
:10BFE00070B50D460978044611F0600118BF40296C
:10BFF0000ED194F89C020138022803D8A88810F0CA
:10C00000FE0F0DD02046FFF747FA0026304670BDE0
:10C010002029EED02046FFF73FFA0026304670BDBB
:10C02000C1B22046FFF726FA10B1032676B1F5E734
:10C03000D4F8B8028268002AF7D00020C4F8D402ED
:10C040002046294690470646002EE7D1E88800287A
:10C05000E4D12046FFF752FA304670BD7047000029
:10C0600041F2B850C2F200007047000080B54B7832
:10C070000A78012B02F00F0324D14FF0010CD0F805
:10C080001CE80CFA03F343EA0E03C0F81C3800F571
:10C09000106C53015CF80300000431D4886891F8F7
:10C0A00004E06FF3DF2053F80C1040EA825008439D
:10C0B00040EA8E4040F0805040F4004043F80C00CD
:10C0C000002080BD4FF4803CD0F81CE80CFA03F34C
:10C0D00043EA0E03C0F81C3800F530605201835863
:10C0E0001B040DD48B6891F804C011586FF3DF2343
:10C0F000194341EA8C4141F0805141F40041115013
:10C10000002080BD0146D0F8000940F2FF72904344
:10C11000C1F80009D1F8040840F480720020C1F889
:10C120000428704770B50D4602F47F41B1F5807F59
:10C1300004461AD1A06B4FF6BF7120F48030A06383
:10C14000E068CFF6BD710840E0600499E068C9B2CC
:10C1500020F440100129E06003D1E06840F4801031
:10C16000E060204600F022F810E0E0681E4640F053
:10C170004000E060204600F019F8A16B16F47F4FF4
:10C1800014BF21F4803141F48031A16305F47F01B3
:10C19000B1F5803F18BF70BDA16841F00601A160F4
:10C1A000A16841F02001A16070BD000081B00021B4
:10C1B000009100BF0099013100910099B1F1706FB9
:10C1C00017D80169B1F1FF3FF4DC0021009101694A
:10C1D00041F00101016100BF009901310091009916
:10C1E000B1F1706F05D80169C907F5D1002001B020
:10C1F0007047032001B0704710B54B7891F800E00C
:10C2000047F6000C012BCEF6334C00EB4E1108D153
:10C21000D1F80039B3F1FF3F01F510630DDD0124C2
:10C220001FE0D1F8002B01F53063B2F1FF3F0CF1B4
:10C23000707C0CDD4FF4803413E01968012441F068
:10C2400000611960196841F08041196009E01968BE
:10C250004FF4803441F000611960196841F0804169
:10C2600019600EF00F02D0F83C1804FA02F2914364
:10C27000C0F83C18D0F81C189143C0F81C18186876
:10C2800000EA0C010020196010BD00000146D0F842
:10C29000000E20F00300C1F8000ED1F8040820F0D1
:10C2A00002020020C1F80428704700000146D0F8BF
:10C2B000000E20F00300C1F8000ED1F8040840F091
:10C2C00002020020C1F80428704700002DE9F04F59
:10C2D00081B091468B460446180C4121002200BFD4
:10C2E00044F8212001315029FAD15FFA80FABAF1DD
:10C2F000000F07D0A06B20F40010A063A06B40F4E7
:10C30000002010E0D4F8040840F00200C4F804084B
:10C31000A06B40F40010A063A06B20F40020A06389
:10C32000A06B20F480204FF00008A06309F47F4048
:10C330004FEA1B61B8EB1B6FC4F8008E18BF0121D8
:10C34000B0F5807F204618BF032100F029FB20466E
:10C35000102100F04FFA0090204600F027FA5FFA13
:10C360008BF1C4F81088C4F81488C4F81C8889B309
:10C3700004F5106249014FF67F3C0027D5594FF074
:10C380009043002F08BF4FF0006303EAE573D6190E
:10C39000D3512037B942C6F81080C6F808C0EDD195
:10C3A00004F530624FF0000C4FF67F3E002600BFD0
:10C3B00093594FF09047002E08BF4FF0006707EAEF
:10C3C000E373951993512036B142C5F810C0C5F8F2
:10C3D00008E0EDD1D4F810181BF47F0F21F4807120
:10C3E000C4F810186FF08041C4F81880616103D15F
:10C3F000A16941F01001A161A16943F60002C8F2F0
:10C400003C02114319F47F0FA16103D0A16941F0EF
:10C410000801A161BAF1010F05D1A16941F0804184
:10C4200041F00401A1610099084318BF012001B047
:10C43000BDE8F08F0146806820F0010200208A608C
:10C4400070470000D0F840C043F20B03C4F65473A9
:10C450009C4503D3D0F8003B002B1ED40023C0F82A
:10C46000103BD0F8103B012943F40023C0F8103BE7
:10C47000D0F8103B43F01803C0F8103BD0F8103B45
:10C4800043F0C043C0F8103B07D1C0F8142BD0F8DC
:10C49000001B41F08021C0F8001B00207047000005
:10C4A0004B780A78012B11D100F5106052018358A6
:10C4B00023F400138350097901F0FE01022915D1FC
:10C4C000115841F0805111500020704700F5306044
:10C4D0005201835823F400138350097901F0FE01BF
:10C4E000022903D1115841F08051115000207047AA
:10C4F0004A780978012A0ED100EB4112D2F80009DE
:10C50000002902F5106114D0002812D4086820F028
:10C51000804008600DE000EB4112D2F8000B0029CA
:10C5200002F5306105D0002803D4086820F080406F
:10C530000860086840F4001200200A60704700009C
:10C5400070B582B04B7894460A78012B2AD10C69D9
:10C5500000EB421EDEF81059002C0EF5106348D097
:10C560006FF312051D611D69002A6FF3DC451D6123
:10C570008D6874D02C44013CB4FBF5F40025C1F661
:10C58000F8751E6905EAC44535431D610D79012D15
:10C590006DD11D6925F0C0451D614FF0C04505EA0C
:10C5A000447461E000EB4213D3F8106B002A6FF380
:10C5B0001206C3F8106BD3F8106B03F530626FF3FB
:10C5C000DC46C3F8106B0D691ED08B6815B3EE18EE
:10C5D000013EB6FBF3F6B5B26B430B620025C1F624
:10C5E000F875146905EAC64626436FF3DF43166102
:10C5F00017E06FF3DC451D611C6944F400241C61E5
:10C600001C696FF3120437E0002D1CBF8B680B61AF
:10C610008B680B6216696FF3DF43334313614FF48A
:10C6200000231669BCF1010F43EA0603136103D12D
:10C63000CB68002B18BF5361097901290AD1D0F8C2
:10C6400008081168C0054FF0805058BF4FF00050E7
:10C6500008431060106840F00440106056E0AC429F
:10C6600088BF0D614FF400241D692C431C610C69C7
:10C670001D696FF3DF442C43BCF1010F1C611BD11A
:10C68000CA69002A18BFCEF81429097901290CD1EA
:10C69000D0F80808DEF80019C0054FF0805058BFE8
:10C6A0004FF000500843CEF80009DEF8000940F0D2
:10C6B0000440CEF8000929E000F5106354011E592A
:10C6C00046F004461E510E79012E13D1D0F80868A9
:10C6D000E558F6054FF0805658BF4FF000562E43F0
:10C6E000E650D1F80CE00B8A7146CDF800C000F09E
:10C6F000FFF90BE0096949B102F00F010122D0F8FE
:10C70000343802FA01F11943C0F83418002002B09D
:10C7100070BD000081B0002200924A78012A1BD12E
:10C72000097800F5106049014258B2F1FF3F2EDC54
:10C730000A5842F000620A500A5842F080420A50F9
:10C7400042F21072009B01330093009B934221D868
:10C750000B58002BF6D41AE0097800F53060490137
:10C760004258B2F1FF3F12DC0A5842F000620A5010
:10C770000A5842F080420A5042F21072009B013384
:10C780000093009B934205D80B58002BF6D4002051
:10C7900001B07047012001B0704700000146806879
:10C7A00040F0010200208A607047000081B0002143
:10C7B000009100BF0099013100910099B1F1706FB3
:10C7C00015D80169B1F1FF3FF4DC0021009110217F
:10C7D000016100BF0099013100910099B1F1706FC2
:10C7E00005D80169C906F5D4002001B070470320BF
:10C7F00001B0704781B00022009200BF009A013260
:10C800000092009AB2F1706F15D80269B2F1FF3F41
:10C81000F4DC89010022203100920161009901318C
:10C8200000910099B1F1706F05D801698906F5D4BE
:10C83000002001B07047032001B07047D0F808080D
:10C8400010F0060F04BF0020704780074FF0020071
:10C8500058BF0F2070470000406900F0010070478A
:10C86000D0F81818D0F81C08084080B270470000B3
:10C87000D0F81818D0F81C080840000C70470000C9
:10C88000D0F810C8D0F8343801F00F0223FA02F2C1
:10C89000D20100EB4110D2B2D0F8080942EA0C01F3
:10C8A0000840704700EB4111D1F8081BD0F814087C
:10C8B00008407047416980690840704780B500238F
:10C8C000B3EB920F02F003030BD0920804394FF43C
:10C8D000805C00BF50F80CE0013A41F804EFF9D158
:10C8E000043173B14FF4805250F802C0002200BFEF
:10C8F0002CFA02F0013B01F8010B180402F10802C6
:10C90000F6D1084680BD000080B5F4F7C7FE0020D0
:10C9100080BD000070B50446C06820F0C040E060F3
:10C9200099B1012928D1E068002540F00050E0606D
:10C930000A202E46F7F764FB20460A35FFF78CFFE6
:10C94000BD2E13D80128F3D110E0E068002540F097
:10C950008040E0600A202E46F7F752FB20460A3559
:10C96000FFF77AFFBD2E01D80028F3D1A5F1C8004A
:10C97000B0FA80F0400970BD012070BD0246D0F8C9
:10C98000000801F07F0120F4FE60C2F80008D2F830
:10C99000000840EA01110020C2F8001870470000AA
:10C9A0000246D0F8000801430020C2F80018704782
:10C9B000022A02460DD145F24030CFF6277043F2ED
:10C9C00000530844C0F20C0398420DD24FF470504B
:10C9D00001E04FF41050D16821F47051D160D1685A
:10C9E00001430020D160704741F64060CFF61B70D4
:10C9F00044F240230844C0F20F03984202D24FF49D
:10CA00006050E8E7A1F5740044F68073A0F510507B
:10CA1000C0F21203984202D24FF45050DBE7A1F16A
:10CA200083704DF22063A0F5E740C0F213039842F3
:10CA300002D24FF44050CEE74BF26060CFF6E56093
:10CA40004EF260330844C0F21603984202D24FF40B
:10CA50003050C0E74DF20030CFF6CE6047F2407361
:10CA60000844C0F21B03984202D24FF42050B2E7B0
:10CA700045F6C030CFF6B36049F2C0130844C0F2A7
:10CA80002103984202D24FF41050A4E7A1F1B770ED
:10CA900047F22053A0F55850C0F23803984202D212
:10CAA0004FF4005097E745F2E040CFF6596049F661
:10CAB000E0430144C0F241034FF4C050994238BFF3
:10CAC0004FF4E05087E70000F0B581B00C46054612
:10CAD000002641F6FE7700BF28462146F4F7EEFD1A
:10CAE000BE4203D8002806F10106F5D101B0F0BD21
:10CAF000DDF800C0BCF1000F12D103F1030C0023DC
:10CB0000B3EB9C0F0CD04FEA9C0300F5805C120342
:10CB1000043900BF51F8040F013B42F80C00F9D171
:10CB200000207047FEE7000040F2A840C2F200007B
:10CB3000002180F82310C0F81F10C0F81B10C0F8A7
:10CB40001710C0F81310C0F80F10C0F80B10C0F881
:10CB5000071040F2CD40C2F20000A0F80710417269
:10CB600040F24010C2F20000C0F80310C0F80710F5
:10CB7000C0F80B10C0F80F10C0F81310C0F8171051
:10CB8000C0F81B10C1777047F0B58BB041F2D87474
:10CB90000020C2F200040A900AA92046FFF7B4FE62
:10CBA00040F24010C2F2000090E80E5000F114076D
:10CBB000019190F82010E0CF0292039308978DF82E
:10CBC000241094E88E00CDF810C080E88E0094F810
:10CBD0002010CDF814E0CDE90656D4E90465D4E977
:10CBE00006CE80F8201001A92122C0E90465C0F812
:10CBF00018C0C0F81CE0F4F78CF828B140F6F470C7
:10CC0000C2F20000F5F746FF0BB0F0BD80B5F7F7B4
:10CC1000EFFA40F6E452C2F2000292ED044A9FEDB0
:10CC2000276A92ED055A9FED267A92ED033A24EE9B
:10CC3000064A92ED011A84EE074A25EE065A92ED55
:10CC4000022A85EE075A23EE063A92ED000A83EE99
:10CC5000073A21EE061A81EE071A22EE062A82EE24
:10CC6000072A20EE060A80EE070A014640F2A84095
:10CC7000C2F2000040F2E872C2F20002C0F80310F3
:10CC800014EE101A5268016115EE101AC16013EE0D
:10CC9000101A8260416111EE101A41F21822C1612E
:10CCA00012EE101AC2F20002816110EE101A5278D0
:10CCB00001622521C271FFF707FF80BDDB0F4940EC
:10CCC0000000344380B5F7F793FA014640F2CD40B7
:10CCD000C2F20000C0F8031040F65C01C2F200018D
:10CCE000097842F61802C2F20002013992F8832054
:10CCF000B1FA81F14909002AC1711CBF01210172F9
:10CD0000002141720B21FFF7DFFE80BD42F61802C1
:10CD1000C2F20002C2F8840082F888107047000056
:10CD200010B542F61804C2F2000494F88810D4F842
:10CD3000840069B104F18A01FF22F9F7B7F9D4F848
:10CD40008400C06B0068016821F00801016010BD1B
:10CD500004F18A01FF22F9F7D7F910BD43F24460CC
:10CD6000C2F200000121FFF7D1FFFFF7D9FF00BF9A
:10CD7000012000F0B9FEFBE7B0B50446D0F8020090
:10CD80009FED781A6FF3DF20A0F5806000EE100AA7
:10CD9000B8EEC00A80EE010A42F61805C2F200059C
:10CDA00085ED010AD4F80200C0F3CA20A0F5806026
:10CDB00000EE100AB8EEC00A80EE010A85ED020A04
:10CDC000D4F80200D4F80610800D40EA81206FF3F9
:10CDD000DF20A0F5806000EE100AB8EEC00A80EEF9
:10CDE000010A002185ED040AD4F80600C0F34A00C8
:10CDF000A0F5806000EE100AB8EEC00A80EE010ACD
:10CE000085ED030AD4F80600C0F34A40A0F580601F
:10CE100000EE100AB8EEC00A80EE010A85ED050AA0
:10CE2000D4F80600C0F3C030F4F718F9A861D4F8BC
:10CE300006000021C0F30040F4F710F9E861D4F8CF
:10CE400006000021C0F38030F4F708F92862D4F816
:10CE500006000021C0F30070F4F700F9B4F90A10DD
:10CE60009FED411A00EE101AB4F90C10B8EEC00A8A
:10CE700002EE101AB4F90E10B8EEC22A03EE101A20
:10CE8000B8EEC33A80EE010A82EE012A83EE011A5F
:10CE9000686285ED190A85ED1A2A85ED1B1A207C3A
:10CEA00010F0030018BF012085F87000207C10F0FE
:10CEB000300018BF012085F87100207C10F00C01B3
:10CEC00018BF0121B4F8110085F87210C1B200F04A
:10CED000010285F87420C1F3400285F87520C1F382
:10CEE000800285F87620C1F3C00285F87720C1F36F
:10CEF000001285F87820C1F3401285F87920C1F33B
:10CF00008012C90985F87B10C0F3002185F87C10D8
:10CF1000C0F3402185F87D10C0F3802185F87E1094
:10CF2000C0F3C02185F87F10C0F3003185F8801070
:10CF3000C0F3403185F88110C0F38031C00B85F813
:10CF40007A2085F8821085F88300D4F80600C0F3B3
:10CF500001300146012818BF0221002808BF014600
:10CF60002970B0BD000025440000484370B5044658
:10CF700042F61800C2F20000012280F889202078D1
:10CF80000D46A92814D16178532911D1152D32D31A
:10CF90002046152102F012F868B32046FFF7ECFE98
:10CFA000A5F1150104F1150089B2FFF7DFFF70BD8F
:10CFB00040F26816C2F200067168A9421BD83278A6
:10CFC000904218D1204602F01DF8A0B1331D0ECBBF
:10CFD000B4F8010011440844C618AE420BD82046EC
:10CFE000314601F0EBFF002808BF70BDA91BA01956
:10CFF00089B2FFF7BBFF70BD41F22421C2F20001EC
:10D00000884205D140F2FD71C2F2000100220A708F
:10D0100040F61861C2F20001884205D140F2FD716C
:10D02000C2F2000100224A7040F66001C2F2000123
:10D03000884205D140F2FD72C2F2000200239370D3
:10D040000C31884205D140F2FD71C2F2000100228C
:10D05000CA7041F27C21C2F2000101F10C0290423F
:10D060003FD0884245D041F20401C2F2000188421B
:10D0700005D140F2FD71C2F2000100228A7140F632
:10D080000801C2F20001884205D140F2FD71C2F2EE
:10D0900000010022CA7140F6F471C2F20001884218
:10D0A00005D140F2FD71C2F2000100220A7241F284
:10D0B0000C21C2F20001884205D140F2FD71C2F29A
:10D0C000000100224A7242F6A411C2F20001884215
:10D0D00018BF704740F2FD70C2F20000002181725B
:10D0E000704740F2FD72C2F2000200235371884281
:10D0F000B9D140F2FD71C2F2000100220A71B2E71B
:10D1000040F61E73C2F200031A880A2A88BF7047CD
:10D110004160511C0172198040F62071C2F2000179
:10D1200041F822007047000070B540F61E74C2F24C
:10D1300000042088002808BF70BD40F62076002536
:10D14000C2F20006E8B256F82000D0E90012013120
:10D150009142016088BFFFF74FFF01352088E9B297
:10D160008842EFD870BD000080B540F20C6CC2F26E
:10D17000000CDCF8002040F67C7E02EB4203C2F299
:10D18000000E0EEB830111ED011A4EF82300B8EEEC
:10D19000411A31EE001ABCEEC11A501C81ED010A91
:10D1A00081ED021ACCF8000080BD000080B500F0CF
:10D1B0007BF880BD80B51021017210EE101A024676
:10D1C00042F8091F10EE901A516011EE101A91608A
:10D1D00011EE901AD16000F001F880BD10B5044640
:10D1E0000279237A0068A11D002A03F1030203D00B
:10D1F000F9F7E0FA607110BDFF23F9F781FA607169
:10D2000010BD000010B5044601600271002060717D
:10D21000A01D00F003F8204610BD00004BF6AA3117
:10D2200001807047002848BF704700F01F010122AD
:10D2300002FA01F14EF200124009CEF2000242F869
:10D24000201070474EF60C50CEF200000068C0F37C
:10D25000022070474EF6145300F00F02CEF2000386
:10D2600009011A4400F16043B0F1FF3FC8BF03F564
:10D2700064421170704700004EF61F50CEF200005D
:10D2800000210170704700004EF60C51CEF20001F3
:10D290000A684FF6FF031A4060F30A2242F08060EA
:10D2A00040F0FD700860704780B543F2906043F233
:10D2B000B451C2F20000C2F200010122FFF7A2FF46
:10D2C00080BD0000F0B581B02DED028BF4F784F83D
:10D2D0008020F4F783F95520F4F780F95520F4F70E
:10D2E0007DF943F63844C2F200042070F4F76AF87E
:10D2F0009FED4D8AB0EE480AF5F7E4F9F4F76CF8C3
:10D300008020F4F76BF95520F4F768F95520F4F70D
:10D3100065F92070F4F756F8B0EE480AF5F7D2F93F
:10D32000F4F75AF87E20B621F4F772F9F4F74AF8C8
:10D330009FED3E0AF5F7C6F9F4F74EF88020F4F7B2
:10D340004DF95520F4F74AF95520F4F747F92070C4
:10D35000F4F738F8B0EE480AF5F7B4F9F4F73CF80A
:10D360008020F4F73BF95520F4F738F95520F4F70D
:10D3700035F92070F4F726F8B0EE480AF5F7A2F96F
:10D3800020781E2849D14AF27C3540F618369FEDA8
:10D39000268A42F6C017C2F200050020C0F6010638
:10D3A000C2F20007287004E00130C1B206292870DB
:10D3B00035D2F4F711F8287800EB40003118305CD2
:10D3C0004978F4F725F9F3F7FDFFB0EE480AF5F7D1
:10D3D00079F9F4F701F8287800EB4000305C40F070
:10D3E0008000F4F7FBF85520F4F7F8F85520F4F72F
:10D3F000F5F82070F3F7E6FFB0EE480AF5F762F9AA
:10D400002878227800EB400131444B789A42CBD007
:10D4100089783A7811433970C6E7FF2000E0002090
:10D42000BDEC028B01B0F0BD6F12833A0AD7A33D69
:10D430002DE9F0412DED028BF3F7E2FF00200024EF
:10D44000F4F7BEF8F3F7D2FF9FED488AB0EE480A32
:10D45000F5F738F9F3F7D4FF0020F4F7B1F8F3F754
:10D46000C5FFB0EE480AF5F72DF9F3F7C9FF142010
:10D47000B621F4F7CDF8F3F7B9FF9FED3D0AF5F7C4
:10D4800021F9F3F7BDFF0020F4F79AF8F3F7AEFFA8
:10D49000B0EE480AF5F716F9F3F7B2FF0020F4F7FB
:10D4A0008FF8F3F7A3FFB0EE480AF5F70BF943F650
:10D4B0003845C2F2000528780F284CD14AF27C3654
:10D4C000C2F20006347040F62A349FED288A40F6F6
:10D4D000183842F6C017C0F60104C0F60108C2F2BF
:10D4E000000705E030780130C1B20629307037D22C
:10D4F000F3F786FF307800EB40002118205C497874
:10D50000F4F786F8F3F772FFB0EE480AF5F7DAF8A9
:10D51000F3F776FF307800EB4000205CF4F750F82A
:10D52000F3F764FFB0EE480AF5F7CCF830782978C5
:10D5300000EB4002224452789142D3D00138C1B26C
:10D54000490051FA80F1414489783A78307042EAD2
:10D5500001003870C6E7FF20BDEC028BBDE8F0810A
:10D560000020BDEC028BBDE8F08100BF6F12833A52
:10D570000AD7A33D80B5B7EE001AB4EE410AF1EE2A
:10D5800010FA08DCB5EE400AB0EE401AF1EE10FADF
:10D59000B8BF9FED1E1A43F26C51C2F20001096838
:10D5A00041F211130A6A1A4208D10A6A40F244434E
:10D5B0001A4203D10A6822F001020A6000224A627C
:10D5C00049F2400244F62003C0F20202C0F2010315
:10D5D000B2FBF0F2B3FBF0F0013A013800EE100AB2
:10D5E000B8EEC00A21EE000ABCEEC00ACA6281EDA4
:10D5F0000F0A086840F00100086043F26C50C2F264
:10D6000000000821F8F792FC80BD00BF0000000078
:10D6100043F26C50C2F2000000680021C163704701
:10D620008169826A00EE101A01EE102A20EE011ABA
:10D63000B5EE401AF1EE10FA16DD416DB0EEC01AEB
:10D6400000EE101AB4EE401AF1EE10FAD8BF70478F
:10D65000016D02EE101A30EE023AB4EE431AF1EE0A
:10D6600010FA02DD00210163704732EE411A30EEFC
:10D67000010A80EE020A016B01EE101A20EE010A87
:10D6800010EE101A01637047C16AD0F83CC0C36D38
:10D69000D0F8902000EE101A01EE102A02EE103A97
:10D6A00003EE10CA20EE010A31EE021A22EE032A1E
:10D6B00080EE010A82EE011A30EE010A10EE101A15
:10D6C000C162704710B52DED028BC268D0F894107E
:10D6D0000446B0F8600008EE102AB1B1896803284A
:10D6E00000EE101A38EE008A21D3D4F89010226987
:10D6F00000EE101A82F0004104F1620000EE901A70
:10D70000FBF750FB28EE000A32E0032820D3D4F8C0
:10D710009010226900EE101A82F0004104F16200BC
:10D7200000EE901AFBF73EFB28EE000A20E020698D
:10D730006169D4F8902000EE101A01EE100A30EE64
:10D74000410A28EE000A01EE102A80EE010A0FE0DD
:10D7500020696169D4F8902000EE101A01EE100AD9
:10D7600030EE410A28EE000A01EE102A80EE010A8E
:10D7700010EE100AE062BDEC028B10BDD0F824C0A0
:10D78000826AC36A016B01EE102A02EE10CA00EE33
:10D79000101A31EE022A03EE103A016C32EE032A1F
:10D7A000B0EEC22A03EE101AB4EE432AF1EE10FADC
:10D7B00031EE000A0BDD816902EE101A21EE021A29
:10D7C000B5EE401AF1EE10FAC4BF00210163416CBE
:10D7D00001EE101AB4EE410AB1EE411AF1EE10FA60
:10D7E000B4EE410AC2BF002202638162F1EE10FA78
:10D7F000A8BF70470021016311EE101A81627047C3
:10D80000416BD0F838C0836DD0F8902000EE101A2C
:10D8100001EE102A02EE103A03EE10CA20EE010AC1
:10D8200031EE021A22EE032A80EE010A82EE011A7C
:10D8300030EE010A10EE101A4163704790ED111A94
:10D8400090ED140AB4EE401AF1EE10FAC8BF80ED64
:10D85000110A90ED111AB1EE400AB4EE401AF1EE41
:10D8600010FAB8BF80ED110A70470000426B016CDE
:10D8700001EE102A00EE101AB4EE401AF1EE10FA82
:10D88000C8BF4163416BB1EE400A01EE101AB4EE1D
:10D89000401AF1EE10FABCBF10EE101A4163704747
:10D8A000026C416B9FED211A02EE102A00EE101A55
:10D8B00022EE011AB4EE410AF1EE10FA35DB0168EE
:10D8C0009FED1B1A00EE101AB0EEC02AB4EE412AEA
:10D8D000F1EE10FAB8BF7047016901EE101A30EE90
:10D8E000411A81EE000A9FED131A00F19901B0EE82
:10D8F000C00AB4EE410AF1EE10FA06DD0A684B6880
:10D9000012F1010C43F1000302E04FF0000C002380
:10D9100040F2F512BCEB0202C1F800C073F1000244
:10D920004B6024BF012180F8A11070476F12833A29
:10D9300017B7D1383333733F426A016C01EE102AB6
:10D9400000EE101AB4EE401AF1EE10FAC8BF4162B0
:10D95000416AB1EE400A01EE101AB4EE401AF1EE3F
:10D9600010FABCBF10EE101A41627047D0F8941044
:10D97000826800EE102A21B1496801EE101A30EEDB
:10D98000010A8169C26901EE101A02EE102AD0F86C
:10D99000903031EE021AB6EE002A21EE021A20EE85
:10D9A000010A01EE103A21EE000A10EE101A01638E
:10D9B00070470000B4EE600AF1EE10FA08DBB4EE36
:10D9C000410AF0EE410AF1EE10FAD8BFF0EE400A3B
:10D9D000B0EE600A70470000BDEEC01AB8EEC12A72
:10D9E00011EE100A30EE420AB6EE001AB4EE410A09
:10D9F000F1EE10FAC8BF01307047000080B598B151
:10DA000081B140F6365C0138C0F6010C10F801EF28
:10DA1000D3B283EA0E033CF8133092B2013983EAA1
:10DA20001222F3D190B280BD4FF6FF7290B280BD4A
:10DA300061B140F63C3C0138C0F6010C10F8013FE2
:10DA4000D2B25A401CF802200139F7D11046704773
:10DA500045F6862110EE100AC5F63771BEEE001AA3
:10DA6000A1EB600020EE011A00EE100A21EE001A70
:10DA700021EE001AB7EE082A31EE021A21EE000A52
:10DA800070470000F6F7C8FBFCF720FDFAF7C0FB73
:10DA9000FAF74EFBFAF7CEFCFAF7F4FCFAF70AFBBA
:10DAA000FAF726FBFAF734FDFAF7D6FDFAF7B8FDD8
:10DAB000FAF76CFDFAF7ACFCFAF7F0FDA820F4F7E2
:10DAC00069FE43F23C44C2F2000400BF204601213B
:10DAD000F3F730FC0028F9D100F016F8FAF776FBDE
:10DAE00000F026F8FEE70000EFF3058100291CBFD7
:10DAF0006FF005007047002804BF0020704780B514
:10DB000000F0D8FF002080BDEFF3058000281CBF87
:10DB10006FF00500704740F60470C2F20000016823
:10DB2000002911BF4FF0FF30012101600020704734
:10DB300010B5EFF3058000281CBF6FF0050010BD85
:10DB400040F60474C2F20004206801281CBF4FF0A4
:10DB5000FF3010BDFCF77EF80220206001F020F9B4
:10DB6000002010BD70B584B08E46002100280391BE
:10DB7000EFF3058146D0002944D1FAB19369002B17
:10DB800008BF1823382B16D81179C90713D1556946
:10DB9000946811684FEA950C002D08BF4FF0800C77
:10DBA000FCB1D6685C2E1BD3D5B11569C5B1002474
:10DBB000012555B91BE0002004B070BD01240021EF
:10DBC00018234FF0800C00258DB1946812690294DF
:10DBD000CDE900326246734601F0DAFD039011E0B0
:10DBE0000CB9D4689CB100250024002DEDD14CB1B6
:10DBF00003AC00931FFA8CF27346019401F094FD7C
:10DC0000012802D1039804B070BD0020E6E7146932
:10DC1000B4FA84F46409D6E7EFF3058100291CBF48
:10DC20006FF005007047002804BF6FF003007047D5
:10DC300080B501F06FF8002080BD0000EFF3058192
:10DC400000291CBF6FF005007047002804BF6FF06B
:10DC50000300704780B501F0F5F8002080BD00009A
:10DC6000F0B581B00C464AF27C4143F2C076C2F274
:10DC70000001C2F200060F683168002281F85A20C4
:10DC800031680546081D00F09DFD681C0AD14CB1A5
:10DC90003068011D4AF25440C2F2000000F0EEFD6F
:10DCA00001B0F0BD30687C1944600AD343F2D070F3
:10DCB000C2F2000000683168043100F0C1FD01B01B
:10DCC000F0BD43F2C870C2F2000000683168043150
:10DCD00000F0B6FD4AF2E030C2F2000001688C426A
:10DCE00038BF046001B0F0BD70B5044600F0DEFD41
:10DCF00049F6B040C2F20000016843F2C07501313C
:10DD00000160C2F2000529684AF24846C2F20006E4
:10DD100041B1306860B92868E16AC06A884298BF3A
:10DD20002C6005E02C600068012801D100F0C6F9E4
:10DD300049F6BC40C2F20000016801310160616433
:10DD400049F6C041C2F20001E06A0A68904288BF09
:10DD5000086043F2D87100EB8000C2F2000101EBD1
:10DD60008000211D00F08AFD00F0C4FD306880B104
:10DD70002868E16AC06A884228BF70BD4EF6045028
:10DD8000CEF200004FF080510160BFF34F8FBFF320
:10DD90006F8F70BD70B582B000F088FD4AF280468A
:10DDA000C2F20006306850BB4AF28034C2F200046E
:10DDB000204600F035FD4AF29435C2F200052846AF
:10DDC00000F02EFD43F2C470C2F20000046043F282
:10DDD000D470C2F2000043F2CC6243F26C7305606F
:10DDE0000025C2F20002C2F200030A2010210095B1
:10DDF00001F0C0F9306010B103A100F025FE00F081
:10DE000079FD02B070BD00BF546D7251000000007A
:10DE1000F0B581B049F6B445C2F200052868E0B11A
:10DE20004AF2684649F6B047C2F20006C2F200075D
:10DE300000F03CFDF068C468201D00F0C3FC3868A9
:10DE40000138386028680138286000F053FD20460A
:10DE500000F058F828680028EAD101B0F0BD0000B1
:10DE600080B5026C002A08BF80BDD0E902C313440C
:10DE7000C360634524BF0368C360C368084619468E
:10DE8000F2F723FF80BD000070B5866B036C04467B
:10DE9000E3B115461AB3E0681A46F2F716FFE168D7
:10DEA000206C2268091A9142E16003D2A1684042C5
:10DEB0000844E060A81EB0FA80F040093146002E08
:10DEC00018BF01210840361A002516E020680025F9
:10DED00098B9A06801F05CFDA56005460DE060689A
:10DEE0001A46F2F7F2FE216CD4E90102002508443B
:10DEF0006060904224BF20686060711C2846A16366
:10DF000070BD000010B5044690F85900022808BF03
:10DF100010BD012803D030B9206B00F003FD20466E
:10DF200000F000FD10BD4FF0500080F31188BFF3EA
:10DF30006F8FBFF34F8F00BFFEE7000043F2C47145
:10DF4000C2F2000109680A68B2FA82F35B09036051
:10DF5000002A0EBF0020C8680068704743F6A04042
:10DF6000C2F20000C21D22F0070210F0070CA0EB65
:10DF7000020318BF10464AF24C42C2F200020021CE
:10DF8000C2E900014FF4C042BCF1000F18BF03F515
:10DF9000C0420244083A43F2CC7322F00702C2F2B4
:10DFA00000031A60C2E90011111A1A68C0E90021C1
:10DFB0004AF2DC30C2F2000001604AF2D430C2F210
:10DFC000000001604AF2A830C2F200000121017095
:10DFD0007047000043F2D8744EF60455C2F20004B4
:10DFE000CEF200054FF08056FFF712FF206802289E
:10DFF000FAD32E60BFF34F8FBFF36F8FF4E70000AB
:10E00000B0B5049D002914BF2A602D60C5E90F0139
:10E01000284601211C4601F0F9F885F84C40B0BDB6
:10E020002DE9F0470A9C8246206B16460F46DDE933
:10E0300008599100A5229846F2F759FE206B00EB93
:10E040008600A0F1040020F007067FB104F134003F
:10E05000002100BF7A5C42547A5C1AB10F2901F1A9
:10E060000101F7D3002084F8430002E0002084F887
:10E0700034000027201D372D28BF3725E562C4E96D
:10E08000135700F0D9FB04F1180000F0D5FBC5F1DF
:10E090003800A0613046514642462461646267659B
:10E0A00084F8587084F85A7000F058FBB9F1000FEA
:10E0B000206018BFC9F80040BDE8F087B0B543F252
:10E0C000D8750024C2F20005281900F0A9FB143409
:10E0D000B4F58C6FF8D14AF2AC34C2F20004204699
:10E0E00000F09EFB4AF2C035C2F20005284600F05F
:10E0F00097FB4AF2F430C2F2000000F091FB4AF2C2
:10E100006840C2F2000000F08BFB4AF25440C2F2B9
:10E11000000000F085FB43F2C870C2F2000004600A
:10E1200043F2D070C2F200000560B0BD80B54AF283
:10E130004C42C2F2000200BF114612688242FBD379
:10E14000D1F804C001EB0C03834203D14068604462
:10E1500048600846D0F804C000EB0C03934201D09D
:10E1600013460BE043F2CC73C2F200031B689A42E1
:10E1700004D0D2E9003E0EEB0C0242608142036003
:10E1800018BF086080BD000080B58C46014641F88C
:10E1900004CF9445006108D99A4201D29C4511D21E
:10E1A00043F2C470C2F2000007E08069D21A8242D2
:10E1B00008D243F2D470C2F20000006800F040FBC5
:10E1C000002080BD012080BD10B5044600F06EFB2C
:10E1D000A06BB0FA80F0440900F08CFB204610BD23
:10E1E00010B5044600F062FBA06BE16B401AB0FA78
:10E1F00080F0440900F07EFB204610BD084800680E
:10E20000006880F308884FF0000080F3148862B63D
:10E2100061B6BFF34F8FBFF36F8F00DF00BF00BF4A
:10E2200008ED00E070B582B043F2C472C2F20002A1
:10E2300012680546D2680E46D468201D00F0C2FA66
:10E2400094F82800410704D400F0FE0084F8280068
:10E2500010E0A0693246411920462B46FFF794FF93
:10E2600040B10026204600212A460023009601F0F6
:10E27000E5FC20B1216A2046884702B070BD4FF00E
:10E28000500080F31188BFF36F8FBFF34F8F00BF33
:10E29000FEE700002DE9F04186B04AF28047C2F265
:10E2A0000007386802A900224FF0000801F028F9A1
:10E2B00000286AD001AC02AD0BE000F0FE0086F849
:10E2C000280000BF38682946002201F019F900280B
:10E2D0005BD00298B0F1FF3F03DCDDE90320059934
:10E2E000904702980028EDD4049E706910B1301D4B
:10E2F00000F068FA204600F0B3F802990929E1D845
:10E300000246DFE801F0080808052A390808052A4E
:10E3100096F82800D1E796F82800039BB16940F0F1
:10E32000010086F8280019443046FFF72DFF002829
:10E33000C8D0316A3046884796F828004007C1D5D2
:10E340000398B16900230A1830460021CDF80080F7
:10E3500001F074FC0028B5D123E096F8280040F0C5
:10E360000101039886F82810B06188B18118304601
:10E370001346FFF709FFA5E796F8280081073FF548
:10E380009CAF304600F0CEFA9CE706B0BDE8F081C5
:10E390004FF0500080F31188BFF36F8FBFF34F8FA2
:10E3A000FEE74FF0500080F31188BFF36F8FBFF38B
:10E3B0004F8F00BFFEE7000070B582B00E460446E6
:10E3C00000F0A6FD01A800F04BF8019919B101F089
:10E3D00071FB02B070BD05464EB9A54207D301F0EE
:10E3E00069FB20462946FFF71DFF02B070BD4EB104
:10E3F00043F2D470C2F2000000680068B0FA80F006
:10E40000420900E000224AF28040C2F200000068A7
:10E41000611B00F02DFB01F04DFB0028D9D14EF619
:10E420000450CEF200004FF080510160BFF34F8FD7
:10E43000BFF36F8F02B070BD43F2C870C2F200002C
:10E440000168096821B10068C068C068406801E0DF
:10E450004FF0FF304AF2E031C2F20001086070472D
:10E4600070B5044601F0E4F943F2BC76C2F200064E
:10E4700031680546884203D200F008F8012000E028
:10E48000002020602846356070BD00002DE9F04175
:10E4900082B043F2C477C2F200073868016891B3D2
:10E4A0004FF0000809E000BF606038682946246129
:10E4B00000F0C6F93868016829B3C068C468066806
:10E4C000251D284600F07EF9216A2046884794F8E9
:10E4D00028004007EED5A0693044B042E4D8204679
:10E4E000002132460023CDF8008001F0A7FB002870
:10E4F000E0D14FF0500080F31188BFF36F8FBFF36E
:10E500004F8F00BFFEE743F2D471C2F200010A68E8
:10E5100008603A6002B0BDE8F081000081B00020E0
:10E52000009040F20860C2F2000000684FF0500115
:10E5300081F31188BFF36F8FBFF34F8F013001D08C
:10E54000FEE700BF00980028FCD001B07047000033
:10E5500068B141694AF25442C2F2000291421CBFC2
:10E5600000207047806AB0FA80F0400970474FF091
:10E57000500080F31188BFF36F8FBFF34F8F00BF40
:10E58000FEE7000082B001AC2046FFF7D7FC0199FE
:10E59000FFF712FFFFF77EFEF6E70000F0B581B04F
:10E5A000044600F083F994F94560012E0FDB04F175
:10E5B000240500BF286850B1284601F033FA00282E
:10E5C00018BF00F065FB70B2013E0128F2DCFF26A7
:10E5D00084F8456000F08EF900F068F994F9447011
:10E5E000012F0EDB04F11005286850B1284601F018
:10E5F00019FA002818BF00F04BFB78B2013F012840
:10E60000F2DC84F8446000F075F901B0F0BD000060
:10E610002DE9F04381B0044600F07AFC43F2CC7659
:10E62000C2F200063068002808BFFFF797FC4AF2E4
:10E63000A838C2F2000898F80000002818BF4FF070
:10E64000004020420DD0002401F034FA60071ED0B3
:10E650004FF0500080F31188BFF36F8FBFF34F8FDF
:10E66000FEE7C4B114F0070004F108011EBF081A48
:10E6700000F108015FEA41700ED04FF0500080F3C6
:10E680001188BFF36F8FBFF34F8F00BFFEE72046A7
:10E6900001B0BDE8F08300214AF2D439C2F200098A
:10E6A000D9F800004A1E8242CDD24AF24C40C2F252
:10E6B000000005682F4657F8042F8A4211D22B68B4
:10E6C0005BB100BF1F4657F8042F28461D468A42FB
:10E6D00007D22B68002BF5D103E04AF24C40C2F27E
:10E6E000000033689D42AED004682B68521A112A8C
:10E6F000036010D36818430709D04FF0500080F32F
:10E700001188BFF36F8FBFF34F8F00BFFEE74260EA
:10E710003960FFF70BFD4AF2DC303968D9F8002088
:10E72000C2F200000368511A9942C9F8001038BFBC
:10E73000016098F80000396800284FF0000018BF09
:10E7400041F0004128604AF2E830C2F2000002685D
:10E7500008343960511C016076E7000003464EF230
:10E760001D50C0F600004FF0807C21F0010103E94C
:10E7700003106FF0020043F8240CA3F1440043F8A7
:10E78000202C704780B543F63940C2F2000000F1FA
:10E7900024012422FAF7E4FF80BD000082B0FEF7D6
:10E7A000C3F901F045F801AC019000BFFEF72EFA65
:10E7B000FEF788FAFEF7E8F92046012100F0A4F9F7
:10E7C000F4E70000D0E9013201699A60D1F804C091
:10E7D00082688445536008BF4A600022026108686D
:10E7E000013808600868704749F6C463C2F2000344
:10E7F000036049F6C440C2F2000008608020106047
:10E80000704700004AF22033C2F20003036049F669
:10E810002070C2F2000008604FF4807010607047F2
:10E820004FF0FF31024642F8081F00214260C0E964
:10E830000322016070470000002101617047000061
:10E8400080B5D1F800C01CF1010207D000F1080327
:10E850009E465B681A686245FAD901E0D0F810E07C
:10E86000DEF8042008614A609160C1F808E0CEF843
:10E87000041001680131016080BD0000D0F800C0C3
:10E88000436808619A684B608A609A689960516031
:10E890000CF1010101607047DFF80C00016841F4E0
:10E8A00070010160704700BF88ED00E04FF050003C
:10E8B00080F31188BFF36F8FBFF34F8F40F2086072
:10E8C000C2F2000001684A1C026001B170474EF6B6
:10E8D0000450CEF200000068000608BF70474FF0F9
:10E8E000500080F31188BFF36F8FBFF34F8F00BFCD
:10E8F000FEE7000040F20860C2F20000016839B192
:10E900000139016018BF7047002080F311887047FB
:10E910004FF0500080F31188BFF36F8FBFF34F8F1C
:10E92000FEE70000B0B5002808BFB0BD04464AF2BB
:10E93000A830C2F20000007854F8041C002818BF68
:10E940004FF0004008420CD0A4F108052A6892B1AB
:10E950004FF0500080F31188BFF36F8FBFF34F8FDC
:10E96000FEE74FF0500080F31188BFF36F8FBFF3C5
:10E970004F8F00BFFEE721EA000044F8040C00F0CE
:10E98000C7FA4AF2D431C2F2000154F8040C0A6802
:10E99000104408602846FFF7C9FB4AF2EC30C2F287
:10E9A000000001680131016001F084F8B0BD000091
:10E9B0004EF21000CEF2000000210160816040F2B2
:10E9C0002851C2F20001096844F6D352C1F2620232
:10E9D000A1FB02124FF0FF3101EB921141600721C0
:10E9E00001607047EFF30580102814D34EF2F03128
:10E9F000CEF20001405C49F6A041C2F20001097864
:10EA0000884208D24FF0500080F31188BFF36F8F17
:10EA1000BFF34F8FFEE74EF60C50CEF2000049F6E2
:10EA2000A4410068C2F20001096800F4E060884275
:10EA300098BF70474FF0500080F31188BFF36F8F7D
:10EA4000BFF34F8FFEE700004AF2084C0022C2F2EB
:10EA5000000C00BF5CF8323023B10132082A08BF35
:10EA60007047F7E70CEBC2034CF832105860704760
:10EA700070B515460E460446FFF718FF94F844009B
:10EA8000FF2804BF002084F8440094F84500FF28C4
:10EA900004BF002084F84500FFF72CFFA06B28B9C5
:10EAA00004F1240031462A4600F014F92046FFF70D
:10EAB00075FD70BD10B5D8B1044649F6B840C2F234
:10EAC0000000006848B14FF0500080F31188BFF398
:10EAD0006F8FBFF34F8F00BFFEE700F019FA20469B
:10EAE0000021FFF7BDF800F0E5FF002818BF10BDBA
:10EAF0004EF60450CEF200004FF080510160BFF39B
:10EB00004F8FBFF36F8F10BDB0B590B10D46D1B12F
:10EB1000044649F6B840C2F200000068E8B14FF080
:10EB2000500080F31188BFF36F8FBFF34F8F00BF8A
:10EB3000FEE74FF0500080F31188BFF36F8FBFF3F3
:10EB40004F8F00BFFEE74FF0500080F31188BFF3F6
:10EB50006F8FBFF34F8F00BFFEE700F0D9F94AF285
:10EB60007C40C2F2000000682268904202EB05017E
:10EB700002D2914202D309E0914201D3814205D9E8
:10EB80002160081A0021FFF76BF800E0216000F017
:10EB900091FF002818BFB0BD4EF60450CEF2000021
:10EBA0004FF080510160BFF34F8FBFF36F8FB0BD47
:10EBB00070B50446FFF77AFE43F2C076002CC2F22D
:10EBC000000608BF3468251D2846FFF7FBFDA06A34
:10EBD00018B104F11800FFF7F5FD49F6BC40C2F288
:10EBE0000000016801310160306884420CD049F6B0
:10EBF000B040C2F200000168013901602046FFF711
:10EC000081F9FFF719FC0DE04AF26840C2F20000FA
:10EC10002946FFF733FE49F6B440C2F2000001680E
:10EC200001310160FFF766FE4AF24840C2F200007F
:10EC30000068E8B13068844218BF70BD49F6B8403A
:10EC4000C2F20000006840B14FF0500080F311881C
:10EC5000BFF36F8FBFF34F8FFEE74EF60450CEF237
:10EC600000004FF080510160BFF34F8FBFF36F8FF3
:10EC700070BD00004AF2E431C2F20001096801608F
:10EC80004AF27C41C2F2000109684160704700000D
:10EC90004AF28840C2F20000012101607047000082
:10ECA00010B568B10C4643F2C071C2F200010968A8
:10ECB0001831FFF7C5FD20460121FEF7D1FF10BD39
:10ECC0004FF0500080F31188BFF36F8FBFF34F8F69
:10ECD000FEE70000B0B590B10D4643F2C071C2F23C
:10ECE0000001096814461831FFF7C8FD002C18BF51
:10ECF0004FF0FF3528462146FEF7B2FFB0BD4FF07A
:10ED0000500080F31188BFF36F8FBFF34F8F00BFA8
:10ED1000FEE7000070B5C8B343F2C076C2F2000649
:10ED200004463068A04208BF70BDFFF7BFFD204613
:10ED3000FFF70EFC38B3251D2846FFF743FD49F6C3
:10ED4000C041C2F20001E06A0A68904288BF0860D0
:10ED500043F2D87100EB8000C2F2000101EB8000A9
:10ED60002946FFF78BFDE06A3168C96A88420AD3F9
:10ED70004EF60450CEF200004FF080510160BFF318
:10ED80004F8FBFF36F8FFFF7B5FD70BD4FF0500091
:10ED900080F31188BFF36F8FBFF34F8FFEE7000042
:10EDA00010B586B0002405A804A903AACDE904443F
:10EDB000FFF71AFDDDE9032005990023CDE90101E4
:10EDC0004DF6D570C0F600001CA1009400F0E0FCE8
:10EDD0004AF2D831C2F20001086010B100F0F4FE2E
:10EDE0000446601C20D0012C1CD14FF0500080F351
:10EDF0001188BFF36F8FBFF34F8F4AF2E030C2F23A
:10EE000000004FF0FF3101604AF24840C2F20000BA
:10EE1000012101604AF27C40C2F200000021016041
:10EE200000F006F906B010BD4FF0500080F31188D5
:10EE3000BFF36F8FBFF34F8FFEE700BF49444C45D0
:10EE400000000000F0B581B00446FFF72FFD43F24B
:10EE5000C077002CC2F2000708BF3C68261D304670
:10EE6000FFF7B0FCA06A18B104F11800FFF7AAFC84
:10EE70004AF25445C2F2000528463146FFF7FEFC2F
:10EE800094F85800012804BF002084F85800FFF7C8
:10EE900031FD4AF24846C2F20006306828B1FFF759
:10EEA00005FDFFF7C9FAFFF725FD3868844201D058
:10EEB00001B0F0BD306870B149F6B840C2F2000050
:10EEC0000068A0B14FF0500080F31188BFF36F8F3E
:10EED000BFF34F8FFEE749F6B041C2F20001286848
:10EEE0000968884210D10020386001B0F0BD4EF6AC
:10EEF0000450CEF200004FF080510160BFF34F8FFD
:10EF0000BFF36F8F01B0F0BD00F00AF801B0F0BDA3
:10EF100049F6B840C2F20000016801310160704753
:10EF200049F6B840C2F20000006830B14AF28840A9
:10EF3000C2F200000121016070474AF28840C2F22B
:10EF40000000002149F6C04C0160C2F2000CDCF860
:10EF5000001043F2D87201EB8103C2F2000252F8B2
:10EF6000230048B902EB8300A0F11403D9B153F890
:10EF7000140901390028F9D001EB810002EB80026D
:10EF800052F8040F4368101D8342136001D1586882
:10EF90001060106843F2C072C068C2F200021060D4
:10EFA000CCF8001070474FF0500080F31188BFF389
:10EFB0006F8FBFF34F8F00BFFEE7000070B50546AF
:10EFC00000284FF0000008BF70BD0C46032917D37E
:10EFD00040F21400C2F200000288A61E2846314604
:10EFE000FEF70CFDA95DC2B291421CBF002070BDAE
:10EFF000611911F8011CA1EB1020B0FA80F0400952
:10F0000070BD0000B0B5044600284FF000000DD0E0
:10F01000032938BFB0BD4D1E20462946FF22FEF70A
:10F0200007FD615D401AB0FA80F04009B0BD0000F4
:10F0300080B582B04EF20040CEF200004CF270215A
:10F04000C4F20F11D0F800294B1C9A4209D14FF09D
:10F05000500080F31188BFF36F8FBFF34F8F00BF55
:10F06000FEE7D0F800298A4209D14FF0500080F322
:10F070001188BFF36F8FBFF34F8F00BFFEE701789A
:10F0800049F6A0420191FF2101700178C2F200020D
:10F090008DF803109DF8031001F05001117049F62E
:10F0A000A441C2F2000107220A609DF90320B2F1D7
:10F0B000FF3F0CDC0A6800BF9DF80330013A5B009B
:10F0C0008DF803309DF90330002BF5D40A600A68EF
:10F0D000032A2DD14FF4E06303EA02220A6001996A
:10F0E0000170D0F8201941F47001C0F82019D0F84F
:10F0F000201941F07041C0F82019FFF759FC40F287
:10F100000860C2F2000000210160FFF7C5FB4EF667
:10F110003470CEF20000016841F040410160FFF719
:10F120006DF8FFF7FDFEFFF7F9F9002002B080BD92
:10F130004FF0500080F31188BFF36F8FBFF34F8FF4
:10F14000FEE7000080B54FF0500080F31188BFF358
:10F150006F8FBFF34F8F00F071FB30B14EF604504C
:10F16000CEF200004FF080510160002080F3118842
:10F1700080BD0000B0B582B068B11D46ABB1F1B939
:10F18000EAB14FF0500080F31188BFF36F8FBFF3E7
:10F190004F8F00BFFEE74FF0500080F31188BFF3A0
:10F1A0006F8FBFF34F8F00BFFEE74FF0500080F32B
:10F1B0001188BFF36F8FBFF34F8F00BFFEE751B1D0
:10F1C0004AB94FF0500080F31188BFF36F8FBFF33F
:10F1D0004F8F00BFFEE750230193019B502B0AD1B4
:10F1E000069B019C012485F846400095FEF708FF28
:10F1F000284602B0B0BD4FF0500080F31188BFF335
:10F200006F8FBFF34F8F00BFFEE7000070B5F8B1FE
:10F2100004460E46FFF74AFB2068D4E90F1200258A
:10F2200002FB0103013901FB0201A563C4E90103EB
:10F23000FF20E16084F8440084F8450004F11000E8
:10F240007EB1FFF7EDFA04F12400FFF7E9FA18E0C8
:10F250004FF0500080F31188BFF36F8FBFF34F8FD3
:10F26000FEE7016869B100F0DDFB50B14EF60450D5
:10F27000CEF200004FF080510160BFF34F8FBFF31B
:10F280006F8FFFF737FB012070BD00002DE9F04FB5
:10F2900083B00292B8B11D460E460446E9B1022D74
:10F2A00003D1E06B012840F09A8000F0ADFA00BB7A
:10F2B0000298F0B14FF0500080F31188BFF36F8FC8
:10F2C000BFF34F8FFEE74FF0500080F31188BFF37C
:10F2D0006F8FBFF34F8F00BFFEE7206C0028DED09A
:10F2E0004FF0500080F31188BFF36F8FBFF34F8F43
:10F2F000FEE7FFF7DBFAA06B022D58D0E16B8842E6
:10F3000055D304F1100801206F464FF0000B0DF1AA
:10F3100008094FF0805A00BF0299002900F07B8055
:10F32000C00702D03846FFF7A5FCFFF7E3FAFFF766
:10F33000EFFDFFF7BBFA94F84400FF2808BF84F8FC
:10F3400044B094F84500FF2808BF84F845B0FFF7A3
:10F35000D1FA3846494600F095F900285ED120469A
:10F36000FEF73EFFA0B102994046FFF799FC204608
:10F37000FFF714F900F09EFB78B94EF60450CEF278
:10F380000000C0F800A0BFF34F8FBFF36F8F04E001
:10F390002046FFF703F900F08DFBFFF787FAA06B1B
:10F3A000022D04D0E16B88424FF00000B4D2204619
:10F3B00031462A46FEF768FD54F8241FC9B120469D
:10F3C00000F030FB08B34EF60450CEF200004FF0D0
:10F3D00080510160BFF34F8FBFF36F8F15E04FF087
:10F3E000500080F31188BFF36F8FBFF34F8F00BFC2
:10F3F000FEE750B14EF60450CEF200004FF08051BF
:10F400000160BFF34F8FBFF36F8FFFF773FA0120D7
:10F4100003B0BDE8F08FFFF76DFA04E02046FFF778
:10F42000BDF800F047FB002003B0BDE8F08F0000FE
:10F430002DE9F04381B0E8B11E46914605460F46DE
:10F4400009B3022E02D1E86B012837D1FFF7CAFABF
:10F45000EFF311884FF0500080F31188BFF36F8FE6
:10F46000BFF34F8FA86B022E19D0E96B884216D3D9
:10F4700000203FE04FF0500080F31188BFF36F8F02
:10F48000BFF34F8FFEE7286C0028DAD04FF0500012
:10F4900080F31188BFF36F8FBFF34F8FFEE795F8AE
:10F4A0004540A86B284639463246FEF7EDFCFF2C56
:10F4B0000DD0601C85F8450001201BE04FF0500086
:10F4C00080F31188BFF36F8FBFF34F8FFEE755F8BE
:10F4D000240F70B1284600F0A5FA0146B9F1000FDB
:10F4E0004FF0010006D000291CBF0120C9F8000020
:10F4F00000E0012088F3118801B0BDE8F08300002E
:10F500002DE9F04F85B0049298B10C4605460029CC
:10F5100000F0A58000F078F9A8B9049898B14FF0F0
:10F52000500080F31188BFF36F8FBFF34F8F00BF80
:10F53000FEE74FF0500080F31188BFF36F8FBFF3E9
:10F540004F8F00BFFEE705F1240005F1100901907F
:10F5500002AF0DF1100A4FF000080AE02846FFF74D
:10F560001DF800F0A7FA2846FEF72EFE002840F00E
:10F570008480FFF79BF9D5F838B0BBF1000F1DD0A0
:10F5800028462146FEF76CFCABF10100A863286910
:10F5900070B1484600F046FA50B14EF60450CEF233
:10F5A00000004FF080510160BFF34F8FBFF36F8FAA
:10F5B000FFF7A0F900200126A0B95FE0049850B140
:10F5C000B8F1000F02D13846FFF754FB4FF00108A5
:10F5D000012038B952E0FFF78DF9002600200028FD
:10F5E0004CD000BFFFF786F9FFF792FCFFF75EF9FA
:10F5F00095F84400FF2804BF002085F8440095F8E2
:10F600004500FF2804BF002085F84500FFF772F988
:10F610003846514600F036F800289FD12846FEF7BC
:10F62000D3FDB0B104990198FFF73AFB2846FEF7E5
:10F63000B5FF00F03FFA00289BD14EF60450CEF201
:10F6400000004FF080510160BFF34F8FBFF36F8F09
:10F650008FE72846FEF7A2FF00F02CFA89E7286C16
:10F6600000283FF457AF4FF0500080F31188BFF3EC
:10F670006F8FBFF34F8F00BFFEE70026304605B007
:10F68000BDE8F08FB0B5D8B10D4611B30446FFF711
:10F690000DF94AF27C4043F2C072C2F20000C2F29D
:10F6A000000200686168136893F85A30DBB1106893
:10F6B000002180F85A100124FFF71CF92046B0BD44
:10F6C0004FF0500080F31188BFF36F8FBFF34F8F5F
:10F6D000FEE74FF0500080F31188BFF36F8FBFF348
:10F6E0004F8F00BFFEE72A68531C0CD04AF2E43368
:10F6F000C2F20003D3F800C0884206D323689C45B9
:10F7000003D00124D8E70024D6E7401A824206D964
:10F71000101A28602046FFF7ADFA0024CCE700203D
:10F7200001242860C8E700002DE9F04383B00746B4
:10F730009000984615468946FEF76AFF78B106465E
:10F740005C20FEF765FF38B10446066354B94FF0FC
:10F75000FF3003B0BDE8F0833046FFF7E3F8002444
:10F76000002CF4D0DDE90A10002284F85920CDE9FC
:10F770000010384649462A4643460294FEF750FC9C
:10F780002046FEF7B1FA012003B0BDE8F083000087
:10F7900070B586B00B9CCCB10C9E06B35C2504956D
:10F7A000049D5C2D25D1049DDDF828C0022586F836
:10F7B000595005AD3463CDE900C50296FEF730FC23
:10F7C0003046FEF791FA059806B070BD4FF0500034
:10F7D00080F31188BFF36F8FBFF34F8FFEE74FF0B9
:10F7E000500080F31188BFF36F8FBFF34F8F00BFBE
:10F7F000FEE74FF0500080F31188BFF36F8FBFF327
:10F800004F8F00BFFEE700004AF24840C2F20000FE
:10F810000068002804BF0120704749F6B840C2F2D2
:10F8200000000068B0FA80F0400940007047000016
:10F830004AF27C40C2F20000006870472DE9F04FA8
:10F8400081B049F6B840C2F20000006840B14AF207
:10F85000F030C2F20000016800240131016092E042
:10F860004AF27C40C2F2000001684E1C066021D3BF
:10F8700043F2C870C2F200000168096849B14FF054
:10F88000500080F31188BFF36F8FBFF34F8F00BF1D
:10F89000FEE743F2D072C2F200020168136803600F
:10F8A0004AF2E4301160C2F20000016801310160E7
:10F8B000FEF7C2FD4AF2E031C2F20001086843F2ED
:10F8C000C07A43F2D8788642C2F2000AC2F2000837
:10F8D00001D2002445E043F2C877C2F2000738683D
:10F8E0000024006898B349F6C04BC2F2000B19E03F
:10F8F000D9F82C00DBF80010884288BFCBF8000054
:10F9000000EB800008EB80002946FEF7B7FFD9F82E
:10F910002C00DAF80010C96A3A68884228BF01242E
:10F920001068B8B13868C068D0F80C904D4655F8EA
:10F93000040F864210D32846FEF744FFD9F828006A
:10F940000028D5D009F11800FEF73CFFD0E74FF0B2
:10F95000FF3005E04FF0FF304AF2E031C2F2000123
:10F960000860DAF80000C06A00EB800058F8200058
:10F9700001284AF28840C2F2000088BF01240068D2
:10F98000002818BF0124204601B0BDE8F08F000018
:10F99000B0B580B1044643F2C070C2F20000006806
:10F9A000A0420AD04FF0500080F31188BFF36F8F50
:10F9B000BFF34F8FFEE70020B0BD206D38B3013894
:10F9C00020654FF0000018BFB0BDE16AE26C9142C3
:10F9D0001CD0251D2846FEF7F5FEE06CC0F138016D
:10F9E000A16149F6C041E062C2F200010A6890429A
:10F9F00088BF086043F2D87100EB8000C2F20001BA
:10FA000001EB80002946FEF739FF0120B0BD4FF021
:10FA1000500080F31188BFF36F8FBFF34F8F00BF8B
:10FA2000FEE70000B0B5C068C5687DB105F11804F7
:10FA30002046FEF7C7FE49F6B840C2F20000006853
:10FA400068B14AF2F430C2F200001DE04FF05000FD
:10FA500080F31188BFF36F8FBFF34F8FFEE72C1D2C
:10FA60002046FEF7AFFE49F6C041C2F20001E86A47
:10FA70000A68904288BF086043F2D87100EB8000AA
:10FA8000C2F2000101EB80002146FEF7F7FE43F2CF
:10FA9000C071C2F20001E86A0968C96A884291BF70
:10FAA00000204AF28841C2F20001012088BF0860AC
:10FAB000B0BD00002DE9F04F81B049F6B844C2F264
:10FAC0000004206868B1FEF7F1FE2068013820606C
:10FAD000206880B10024FEF70DFF204601B0BDE88C
:10FAE000F08F4FF0500080F31188BFF36F8FBFF39A
:10FAF0004F8F00BFFEE749F6B040C2F20000006839
:10FB000000285DD04AF2F436C2F2000630684AF2AC
:10FB10008848C2F2000890B349F6C04743F2D8794A
:10FB200043F2C07BC2F20007C2F20009C2F2000B2E
:10FB30004FF0010AF068C56805F11800FEF742FEB3
:10FB40002C1D2046FEF73EFEE86A3968884288BFD1
:10FB5000386000EB800009EB80002146FEF78EFE46
:10FB6000E86ADBF80010C96A884228BFC8F800A01C
:10FB700030680028DED1002D18BFFEF75DFC4AF288
:10FB8000F034C2F20004256855B10126FFF756FE95
:10FB9000002818BFC8F80060013DF7D100202060A0
:10FBA000D8F8000070B14EF60450CEF200004FF0CD
:10FBB00080510160BFF34F8F0124BFF36F8F8AE73D
:10FBC000002488E7002486E780B586B0FEF7E2F8D7
:10FBD0004AF28040C2F20000006808B30020CDE97C
:10FBE000040005A804A903AAFEF70CFEDDE9032022
:10FBF0000221DDF814C0CDE900104EF28550C0F6A8
:10FC000000000CA10023CDF808C0FFF7C1FD4AF2A7
:10FC10008441C2F20001086010B1012006B080BD2D
:10FC20004FF0500080F31188BFF36F8FBFF34F8FF9
:10FC3000FEE700BF546D72205376630010B584B0A8
:10FC4000A8B14AF28044C2F2000484462068C0B1E0
:10FC50000529CDE90012CDF808C015DCFFF7D4FD69
:10FC600001462068022916D1069A694615E04FF030
:10FC7000500080F31188BFF36F8FBFF34F8F00BF29
:10FC8000FEE7002004B010BD69461A460023FFF7C6
:10FC9000CFFB04B010BD694600220023FFF7F6FA3F
:10FCA00004B010BD4100080218BF04200A0E18BF9E
:10FCB00040F001004FF07F4232EA010108BF40F0FE
:10FCC0000200012808BF05207047000010B510EEA3
:10FCD000104A4FF01A402DED028B00EB4400B0F1BA
:10FCE000C85F4AD84FF0FC40B0EB440F22D2B0EED0
:10FCF000C00AF7EE000A30EEC00AF6EE000A20EE67
:10FD0000208A18EE100A00F0D9FA00EE100A14F05A
:10FD1000004F1DBF9FED281ADFED280AB1EE400A03
:10FD20009FED271A08BFF0EE410AF8EE001A20EE08
:10FD3000210A05E020EE008A9FED221ADFED220A5B
:10FD4000DFED221A9FED222A70EEC00A20EE080A8B
:10FD500008EE212ADFED1F1A48EE021A9FED1E2A37
:10FD600008EE212ADFED1D1A48EE021ABDEC028BC7
:10FD700040EE610A30EE810A10BD4FF0CC40B0EB8E
:10FD8000440F82BF9FED160ABDEC028B10BD4FF0F1
:10FD90007F40B0EB440F05D2BDEC028BBDE81040B4
:10FDA00000F029BA012000F04DFABDEC028BBDE84D
:10FDB000104000F027BA00000000494022AA7D3A16
:10FDC000000000000000C93F22AAFD3924FE1C3DAE
:10FDD000C78AD83C1E67383D1B93993DAFAA2A3E7F
:10FDE000DB0FC93F10B54FF00E402DED028BB0EE8A
:10FDF000408A18EE104A00EB4400B0F1506F4AD828
:10FE00004FF0FC40B0EB440F22D2B0EEC80AF7EE40
:10FE1000000A30EEC00AF6EE000A60EE208A18EE04
:10FE2000900A00F04BFA01EE100A14F0004F1DBFCB
:10FE3000DFED2D0A9FED2D0AB1EE411ADFED2C0A00
:10FE400008BF9FED2C0AF8EE001A21EE218A05E08A
:10FE5000DFED290A68EE088AB0EE600A9FED271AE6
:10FE6000DFED271A30EE080A48EE811A9FED251AB9
:10FE700008EEA11ADFED241A48EE811A9FED231A2D
:10FE800008EEA11A68EE281ABDEC028B01EE810A79
:10FE900030EE200A10BD4FF0E440B0EB440F0CD917
:10FEA00018EE100AFFF7FEFE042808BF00F0B2F9B2
:10FEB000B0EE480ABDEC028B10BD4FF07F40B0EBB6
:10FEC000440F07D2B0EE480ABDEC028BBDE81040EB
:10FED00000F091B9012000F0B5F9BDEC028BBDE84E
:10FEE000104000F08FB900000000C9BF22AAFDB980
:10FEF0000000C93F22AAFD390000000024FE1C3D7D
:10FF0000C78AD83C1E67383D1B93993DAFAA2A3E4D
:10FF100070B54FF068422DED048BF0EE408A18EE7C
:10FF2000900AB0EE608A18EE101A02EB4003B3F1AB
:10FF3000654F3CBF02EB4102B2F1654F7DD200BF7D
:10FF4000C0F3C753C1F3C7529A1A1B2A09DD10F038
:10FF5000004F14BF9FED830A9FED830ABDEC048B15
:10FF600070BD12F11A0F36DA11F0004F09D010F0FF
:10FF7000004F0CBF9FED7D0A9FED7D0ABDEC048B09
:10FF800070BD88EE889A19EE100AFFF78BFE0428E0
:10FF900008BF00F03FF918EE900AFFF783FE054610
:10FFA00018EE100AFFF77EFE044619EE100AFFF75E
:10FFB00079FE042D18BF052D08D1042C18BF052C7F
:10FFC00004D1002804BF022000F03CF9B0EE490A39
:10FFD000BDEC048B70BD4200B2EB410F3AD910F07A
:10FFE000004F19BFDFED630A9FED630ADFED630A7F
:10FFF0009FED630AB0EE481A0A46B1EE688A80F0B7
:020000040801F1
:100000000041F0EE418A10460A1A5200B2F1807F98
:1000100034D2484010F0004FDFED5A1A9FED5A2AB3
:100020001DBFBEEE001A70EEE10A30EE420AB6EED7
:10003000001A08BF70EEA10A00E040E008BF30EEF1
:10004000020AB0EE682A01EE482A08EE818AC2EE62
:10005000081A15E011F0004F04BF9FED4C0AF0EEB6
:10006000400AD1D010F0004F19BFDFED490A9FEDD3
:10007000490ADFED490A9FED490AC5E7C8EE881A2B
:1000800021EEA11A9FED462ADFED462A41EE022A13
:100090009FED452A01EE222ADFED442A41EE022A95
:1000A0009FED432ABDEC048B01EE222A21EE811A3A
:1000B00001EE020A30EE210A30EE200A70BD4FF048
:1000C0007F42B2EB400F28BFB2EB410F09D2F0EEF6
:1000D000480AB0EE680ABDEC048BBDE8704000F041
:1000E0008DB840EA01035B0008BF41F0FF410BD02F
:1000F000B2EB400F08BFB2EB410F08D120F08040B7
:1001000008EE900A21F0804108EE101A18E7B2EBD1
:10011000400F12BF5FEA410340F0FF4001F0004191
:100120003FF40EAFB2EB410F12BF5FEA400200F0A6
:10013000004041F0FF413FF403AF4A0092EA400320
:100140003FF5FEAE002AACBF9FED1A0A9FED1A0ADA
:1001500068EE808A28EE008A18EE900A18EE101ACF
:10016000EEE60000DB0FC9BFDB0FC93FDB0F4940E4
:10017000DB0F49C00000C9BF22AAFDB90000C93F7A
:1001800022AAFD390060ED3EC30ACE370000000010
:10019000000049C022AA7DBA0000494022AA7D3A47
:1001A0002DAD65BD8FB8D53D0FB511BE61C84C3EB4
:1001B000A8AAAABE0000804F0000802F10B52DED28
:1001C000028BB1EEC08A18EE100A20F00040C0F198
:1001D000FF40C00F0AD010EE100A20F00040C0F11E
:1001E000FF40C00F04BF012000F02CF8B0EE480A19
:1001F000BDEC028B10BD30EE000A704730EE200AD5
:1002000070470000DFED020A80EEA00A7047000090
:10021000000000009FED020A20EE000A7047000077
:100220000000001002E008C8121F08C1002AFAD11D
:1002300070477047002001E001C1121F002AFBD166
:100240007047000001490860704700000800002066
:10025000F0B50B30154D20F007010024144A0FE0D3
:1002600003688B420BD38B4205D95E1A431847684B
:10027000C3E9006700E04368136002C004E0021DA8
:1002800010680028ECD12046002802D1286808B167
:100290000020F0BD064A07481060074A121A22F0F3
:1002A0000702C0E9002401202860D7E704000020ED
:1002B0000000002094A4002090E4002010B500EE7F
:1002C000100A2DED028BB1EEC08A18EE100A20F054
:1002D0000040C0F1FF40C00F0AD010EE100A20F01D
:1002E0000040C0F1FF40C00F04BF0120FFF7AAFF8C
:1002F00018EE100ABDEC028B10BD000000000000DB
:10030000920E493CB10AC93C2BC3163D2EFB483D19
:10031000752B7B3D04A9963D80B6AF3D36BDC83DEB
:100320002FBCE13D73B2FA3D87CF093E8340163EB4
:10033000B5AB223EA2102F3ECF6E3B3EC2C5473E1C
:100340000115543E135C603E7F9A6C3ECCCF783EE4
:10035000C07D823E938E883E229A8E3E32A0943E8D
:1003600086A09A3EE59AA03E128FA63ED47CAC3E73
:10037000EF63B23E2A44B83E491DBE3E15EFC33E70
:1003800053B9C93ECA7BCF3E4136D53E80E8DA3EFE
:100390004F92E03E7533E63EBBCBEB3EEA5AF13E70
:1003A000CBE0F63E275DFC3EE4E7003F3D9C033F8B
:1003B000824B063F9BF5083F6B9A0B3FDA390E3FA5
:1003C000CDD3103F2A68133FD9F6153FC07F183FA1
:1003D000C6021B3FD17F1D3FCBF61F3F9967223FCF
:1003E00025D2243F5636273F1594293F4AEB2B3F11
:1003F000DE3B2E3FBB85303FC9C8323FF304353F5B
:10040000233A373F4268393F3B8F3B3FF9AE3D3F90
:1004100067C73F3F70D8413F01E2433F03E4453F98
:1004200065DE473F12D1493FF8BB4B3F029F4D3F2E
:10043000207A4F3F3D4D513F4918533F31DB543FE8
:10044000E595563F5348583F6AF2593F1A945B3F2F
:10045000532D5D3F05BE5E3F2146603F97C5613F1E
:100460005A3C633F59AA643F880F663FD86B673F89
:100470003CBF683FA7096A3F0C4B6B3F5E836C3FF4
:1004800093B26D3F9ED86E3F73F56F3F0809713F81
:100490005213723F4714733FDD0B743F0BFA743FE6
:1004A000C6DE753F07BA763FC58B773FF853783F76
:1004B0009812793F9DC7793F02737A3FBE147B3F04
:1004C000CDAC7B3F283B7C3FC9BF7C3FAC3A7D3FF6
:1004D000CCAB7D3F23137E3FB0707E3F6DC47E3F2B
:1004E000580E7F3F6D4E7F3FAB847F3F0FB17F3F04
:1004F00097D37F3F43EC7F3F11FB7F3F0000803F5E
:1005000011FB7F3F43EC7F3F97D37F3F0FB17F3F8E
:10051000AB847F3F6D4E7F3F580E7F3F6DC47E3F63
:10052000B0707E3F23137E3FCCAB7D3FAC3A7D3F26
:10053000C9BF7C3F283B7C3FCDAC7B3FBE147B3F9B
:1005400002737A3F9DC7793F9812793FF853783FFD
:10055000C58B773F07BA763FC6DE753F0BFA743F0F
:10056000DD0B743F4714733F5213723F0809713F0C
:1005700073F56F3F9ED86E3F93B26D3F5E836C3FC5
:100580000C4B6B3FA7096A3F3CBF683FD86B673F86
:10059000880F663F59AA643F5A3C633F97C5613F45
:1005A0002146603F05BE5E3F532D5D3F1A945B3F81
:1005B0006AF2593F5348583FE595563F31DB543F67
:1005C0004918533F3D4D513F207A4F3F029F4D3FC9
:1005D000F8BB4B3F12D1493F65DE473F03E4453F3F
:1005E00001E2433F70D8413F67C73F3FF9AE3D3F0F
:1005F0003B8F3B3F4268393F233A373FF304353F57
:10060000C9C8323FBB85303FDE3B2E3F4AEB2B3F14
:100610001594293F5636273F25D2243F9967223F1C
:10062000CBF61F3FD17F1D3FC6021B3FC07F183F47
:10063000D9F6153F2A68133FCDD3103FDA390E3F64
:100640006B9A0B3F9BF5083F824B063F3D9C033F57
:10065000E4E7003F275DFC3ECBE0F63EEA5AF13E80
:10066000BBCBEB3E7533E63E4F92E03E80E8DA3E90
:100670004136D53ECA7BCF3E53B9C93E15EFC33E86
:10068000491DBE3E2A44B83EEF63B23ED47CAC3E28
:10069000128FA63EE59AA03E86A09A3E32A0943ED6
:1006A000229A8E3E938E883EC07D823ECCCF783E8D
:1006B0007F9A6C3E135C603E0115543EC2C5473EB6
:1006C000CF6E3B3EA2102F3EB5AB223E8340163E7E
:1006D00087CF093E73B2FA3D2FBCE13D36BDC83D20
:1006E00080B6AF3D04A9963D752B7B3D2EFB483D62
:1006F0002BC3163DB10AC93C920E493C00000000D4
:10070000920E49BCB10AC9BC2BC316BD2EFB48BD15
:10071000752B7BBD04A996BD80B6AFBD36BDC8BDE7
:100720002FBCE1BD73B2FABD87CF09BE834016BEB0
:10073000B5AB22BEA2102FBECF6E3BBEC2C547BE18
:10074000011554BE135C60BE7F9A6CBECCCF78BEE0
:10075000C07D82BE938E88BE229A8EBE32A094BE89
:1007600086A09ABEE59AA0BE128FA6BED47CACBE6F
:10077000EF63B2BE2A44B8BE491DBEBE15EFC3BE6C
:1007800053B9C9BECA7BCFBE4136D5BE80E8DABEFA
:100790004F92E0BE7533E6BEBBCBEBBEEA5AF1BE6C
:1007A000CBE0F6BE275DFCBEE4E700BF3D9C03BF87
:1007B000824B06BF9BF508BF6B9A0BBFDA390EBFA1
:1007C000CDD310BF2A6813BFD9F615BFC07F18BF9D
:1007D000C6021BBFD17F1DBFCBF61FBF996722BFCB
:1007E00025D224BF563627BF159429BF4AEB2BBF0D
:1007F000DE3B2EBFBB8530BFC9C832BFF30435BF57
:10080000233A37BF426839BF3B8F3BBFF9AE3DBF8C
:1008100067C73FBF70D841BF01E243BF03E445BF94
:1008200065DE47BF12D149BFF8BB4BBF029F4DBF2A
:10083000207A4FBF3D4D51BF491853BF31DB54BFE4
:10084000E59556BF534858BF6AF259BF1A945BBF2B
:10085000532D5DBF05BE5EBF214660BF97C561BF1A
:100860005A3C63BF59AA64BF880F66BFD86B67BF85
:100870003CBF68BFA7096ABF0C4B6BBF5E836CBFF0
:1008800093B26DBF9ED86EBF73F56FBF080971BF7D
:10089000521372BF471473BFDD0B74BF0BFA74BFE2
:1008A000C6DE75BF07BA76BFC58B77BFF85378BF72
:1008B000981279BF9DC779BF02737ABFBE147BBF00
:1008C000CDAC7BBF283B7CBFC9BF7CBFAC3A7DBFF2
:1008D000CCAB7DBF23137EBFB0707EBF6DC47EBF27
:1008E000580E7FBF6D4E7FBFAB847FBF0FB17FBF00
:1008F00097D37FBF43EC7FBF11FB7FBF000080BF5A
:1009000011FB7FBF43EC7FBF97D37FBF0FB17FBF8A
:10091000AB847FBF6D4E7FBF580E7FBF6DC47EBF5F
:10092000B0707EBF23137EBFCCAB7DBFAC3A7DBF22
:10093000C9BF7CBF283B7CBFCDAC7BBFBE147BBF97
:1009400002737ABF9DC779BF981279BFF85378BFF9
:10095000C58B77BF07BA76BFC6DE75BF0BFA74BF0B
:10096000DD0B74BF471473BF521372BF080971BF08
:1009700073F56FBF9ED86EBF93B26DBF5E836CBFC1
:100980000C4B6BBFA7096ABF3CBF68BFD86B67BF82
:10099000880F66BF59AA64BF5A3C63BF97C561BF41
:1009A000214660BF05BE5EBF532D5DBF1A945BBF7D
:1009B0006AF259BF534858BFE59556BF31DB54BF63
:1009C000491853BF3D4D51BF207A4FBF029F4DBFC5
:1009D000F8BB4BBF12D149BF65DE47BF03E445BF3B
:1009E00001E243BF70D841BF67C73FBFF9AE3DBF0B
:1009F0003B8F3BBF426839BF233A37BFF30435BF53
:100A0000C9C832BFBB8530BFDE3B2EBF4AEB2BBF10
:100A1000159429BF563627BF25D224BF996722BF18
:100A2000CBF61FBFD17F1DBFC6021BBFC07F18BF43
:100A3000D9F615BF2A6813BFCDD310BFDA390EBF60
:100A40006B9A0BBF9BF508BF824B06BF3D9C03BF53
:100A5000E4E700BF275DFCBECBE0F6BEEA5AF1BE7C
:100A6000BBCBEBBE7533E6BE4F92E0BE80E8DABE8C
:100A70004136D5BECA7BCFBE53B9C9BE15EFC3BE82
:100A8000491DBEBE2A44B8BEEF63B2BED47CACBE24
:100A9000128FA6BEE59AA0BE86A09ABE32A094BED2
:100AA000229A8EBE938E88BEC07D82BECCCF78BE89
:100AB0007F9A6CBE135C60BE011554BEC2C547BEB2
:100AC000CF6E3BBEA2102FBEB5AB22BE834016BE7A
:100AD00087CF09BE73B2FABD2FBCE1BD36BDC8BD1C
:100AE00080B6AFBD04A996BD752B7BBD2EFB48BD5E
:100AF0002BC316BDB10AC9BC920E49BC00000080D0
:100B000000000000000000000102030406070809BD
:100B100000000000010203047D04017C000240ABE0
:100B2000034101055308065804070F000810810906
:100B300011000A15800B16000C18010D005EBCE2B6
:100B4000613FDD83C29C7E20A3FD1F419DC3217FA9
:100B5000FCA2401E5F01E3BD3E6082DC237D9FC19D
:100B6000421CFEA0E1BF5D0380DE3C62BEE0025C91
:100B7000DF81633D7C22C09E1D43A1FF4618FAA47D
:100B800027799BC584DA3866E5BB5907DB85673969
:100B9000BAE406581947A5FB7826C49A653BD9875D
:100BA000045AB8E6A7F91B45C6987A24F8A6441A51
:100BB00099C7257B3A6486D85B05E7B98CD2306E3D
:100BC000EDB3510F4E10F2AC2F7193CD114FADF329
:100BD000702ECC92D38D6F31B2EC0E50AFF1134D1D
:100BE000CE90722C6D33D18F0C52B0EE326C8ED011
:100BF000530DEFB1F0AE4C1291CF2D73CA947628FD
:100C0000ABF517490856B4EA6937D58B5709EBB5E8
:100C100036688AD495CB2977F4AA4816E9B7550BDC
:100C200088D6346A2B7597C94A14F6A8742AC896D0
:100C3000154BA9F7B6E80A54D7896B350000803FF9
:100C400000000000000000000000000000000000A4
:100C500000000000000000000000803F00000000D5
:100C60000000000000000000000000000000000084
:100C7000000000000000803F0000000000000000B5
:100C80000000000000000000000000000000000064
:100C90000000803F00000000000000000000000095
:100CA0000000000000000000000000000000803F85
:100CB0000000000000000000000000000000000034
:100CC00000000000000000000000803F240D01082B
:100CD0000000000000000000000000000000000014
:100CE00000100000180000000000000000000000DC
:100CF0002C0D0108000000000000000000000000B2
:100D000000000000002000000800000000000000BB
:100D1000000000000000803F000000000000000014
:100D200000000000494E535461736B00496E6974B2
:100D30005F5461736B000000891112239B322446BB
:100D4000AD573665BF74488CC19D5AAFD3BE6CCACF
:100D5000E5DB7EE9F7F88110080193331A22A556E6
:100D60002C47B7753E64C99C408DDBBF52AEEDDAAF
:100D700064CBFFF976E802218B30100299132667C5
:100D8000AF763444BD554AADC3BC588ED19F6EEB8F
:100D9000E7FA7CC8F5D983310A2091121803A777A6
:100DA0002E66B5543C45CBBD42ACD99E508FEFFB6F
:100DB00066EAFDD874C904428D5316619F70200401
:100DC000A9153227BB364CCEC5DF5EEDD7FC68884F
:100DD000E1997AABF3BA85520C4397711E60A11466
:100DE0002805B3373A26CDDE44CFDFFD56ECE9982F
:100DF0006089FBBB72AA06638F7214409D51222545
:100E0000AB343006B9174EEFC7FE5CCCD5DD6AA90E
:100E1000E3B8788AF19B87730E6295501C41A33525
:100E20002A24B1163807CFFF46EEDDDC54CDEBB9EE
:100E300062A8F99A708B088481951AA793B62CC280
:100E4000A5D33EE1B7F04008C919522BDB3A644EF6
:100E5000ED5F766DFF7C899400859BB712A6ADD2BD
:100E600024C3BFF136E0C1184809D33B5A2AE55ED6
:100E70006C4FF77D7E6C0AA583B4188691972EE39C
:100E8000A7F23CC0B5D14229CB38500AD91B666FB6
:100E9000EF7E744CFD5D8BB502A499961087AFF37D
:100EA00026E2BDD034C1C3394A28D11A580BE77F96
:100EB0006E6EF55C7C4D0CC685D71EE597F42880D8
:100EC000A1913AA3B3B2444ACD5B5669DF78600C76
:100ED000E91D722FFB3E8DD604C79FF516E4A9903D
:100EE0002081BBB332A2C55A4C4BD7795E68E11C56
:100EF000680DF33F7A2E0EE787F61CC495D52AA11C
:100F0000A3B03882B193466BCF7A5448DD59622D35
:100F1000EB3C700EF91F8FF706E69DD414C5ABB1FC
:100F200022A0B9923083C77B4E6AD5585C49E33D15
:100F30006A2CF11E780F0000600F010800000020ED
:100F400010060000DC1200089010010810060020B6
:100F5000801E01003402010855C2FFFF000000009E
:100F6000C1400B3333EB3A58A08B3AFFFF03127AA0
:100F70004415804639B51B0871041A81041AAD0462
:100F80001ADD041A15041A49041108081250C3473F
:100F9000CDCCCC3D0409531C110B1AC8421C214373
:100FA000F04115CDCC4CBF0416409C453A2024514D
:100FB000091724314A0402E30202125AD911D1540A
:100FC00080BFA52B4842083205292E290402FF04C0
:100FD00001FF01FF013204215A1F016DA55A0503CB
:100FE0000B21937041041A409C450925281324F4D1
:100FF000137DB11408D5AF1408D9B242081331B02B
:101000001B0825101A9904C11AD1181A7D041A292F
:10101000301A6D081409024313020125C032090475
:101020001B01020B130524161001052401100901F0
:10103000042402020524061701070582030815107F
:1010400009040133020A2E0705010240072A81071D
:1010500011130A062A02A232011A12231302021ED7
:101060004083044057591B0203151B71166C190469
:101070001A69041A9D041AB9040718040309041A0A
:10108000032B01084C19841132101AAA01291000EF
:040000050800018965
:00000001FF
