:020000040800F2
:10000000987000247103000869D10008E1C5000858
:1000100061D10008390C00087903010800000000D4
:10002000000000000000000000000000B1D900083E
:100030005122000800000000E1D10008E9D90008C1
:100040008F0300088F0300088F0300088F03000848
:100050008F0300088F0300088F0300088F03000838
:100060008F0300088F0300088F0300088F03000828
:10007000E11400088F0300088F0300088F030008B5
:10008000F1140008011500088F03000891220008F0
:10009000A12200088F0300088F0300088F030008C7
:1000A0008F0300088F0300088F0300088F030008E8
:1000B00041DC00088F0300088F0300088F0300084D
:1000C0008F0300088F0300088F0300088F030008C8
:1000D000C1D70008690301088F0300088F030008D7
:1000E0008F0300088F030008000000008F03000842
:1000F0008F0300088F0300088F0300081115000804
:100100008F0300088F0300088F0300088F03000887
:100110008F030008D1E400088F0300088F03000854
:100120002115000831150008411500088F0300084B
:100130008F0300088F0300088F0300088F03000857
:1001400000000000000000000000000000000000AF
:100150008F0300088F0300088F0300088F03000837
:100160008F0300088F0300088F0300088F03000827
:100170008F0300088F0300088F03000800000000B1
:100180008F0300088F0300088F0300088F03000807
:100190008F0300088F0300088F0300088F030008F7
:1001A0008F0300088F0300088F0300080000000081
:1001B0008F0300088F0300088F0300088F030008D7
:1001C0008F0300088F0300080000000000000000FB
:1001D00000000000000000008F0300080000000085
:1001E000000000000000000000000000000000000F
:1001F00000000000000000008F0300088F030008CB
:100200008F0300088F030008000000008F03000820
:100210008F0300088F0300088F0300088F03000876
:100220008F030008000000008F030008000000009A
:100230008F0300088F030008000000008F030008F0
:100240008F0300088F0300088F0300088F03000846
:100250008F0300088F0300088F0300088F03000836
:100260008F0300088F0300088F0300088F03000826
:100270008F0300088F0300088F03000800000000B0
:100280008F0300088F0300088F0300088F03000806
:10029000000000008F0300088F030008000000002A
:1002A000000000008F0300088F0300088F03000880
:1002B000590301088F0300088F030008B1220008CA
:1002C0008F0300088F0300088F03000800F002F876
:1002D00000F03EF80AA090E8000C82448344AAF1A2
:1002E0000107DA4501D100F033F8AFF2090EBAE8A0
:1002F0000F0013F0010F18BFFB1A43F0010318475A
:100300005C6301007C630100103A24BF78C878C1A7
:10031000FAD8520724BF30C830C144BF04680C600B
:10032000704700000023002400250026103A28BF53
:1003300078C1FBD8520728BF30C148BF0B60704757
:100340001FB515F04AFF00F07BF91FBD10B510BDB9
:1003500000F09CF91146FFF7F3FF12F061FD00F089
:10036000BAF903B4FFF7F2FF03BC00F0BDF90000D7
:100370000A4880470A4880470A480047FEE7FEE7E8
:10038000FEE7FEE7FEE7FEE7FEE7FEE7FEE7FEE745
:1003900005480649064A074B7047000069220008D5
:1003A000D9DA0008CD020008985B00249870002478
:1003B000986000249860002453EA020C00F06980E1
:1003C0002DE9F04B4FF00006002B1FBFB3FA83F569
:1003D00003FA05F424FA05F65E4012BF1643B2FA9A
:1003E00082F502FA05F4C5F120051EBF22FA05FCCC
:1003F00044EA0C04203556EA044C4FEA144418BF72
:10040000641C4FF000084FF00009904271EB030CA0
:1004100039D3002919BFB1FA81F701FA07F6B0FA0A
:1004200080F700FA07F6C7F120071EBF20FA07FC85
:1004300046EA0C062037B6FBF4FCA7EB0507103F95
:1004400007F01F0BCBF120062CFA06F60CFA0BFB7B
:1004500044BFB3460026202FA4BF5E464FF0000BDA
:100460005BEA060C08BF4FF0010B19EB0B0948EBD8
:100470000608ABFB027C06FB02CC0BFB03CCC01BCB
:1004800071EB0C01C1E70B46024641464846BDE808
:10049000F08B13B5084318BF4FF0FF300146AFF3A0
:1004A0000080BDE81C407047032A40F2308010F005
:1004B000030C00F0158011F8013BBCF1020F6244FF
:1004C00098BF11F801CB00F8013B38BF11F8013B90
:1004D000A2F1040298BF00F801CB38BF00F8013B3D
:1004E00011F0030300F02580083AC0F0088051F8AD
:1004F000043B083A51F804CBA0E80810F5E7121DB8
:100500005CBF51F8043B40F8043BAFF30080D207D6
:1005100024BF11F8013B11F801CB48BF11F8012BA2
:1005200024BF00F8013B00F801CB48BF00F8012BC5
:10053000704710B5203AC0F00B80B1E81850A0E821
:100540001850B1E81850A0E81850203ABFF4F5AFA1
:100550005FEA027C24BFB1E81850A0E8185044BFFD
:1005600018C918C0BDE810405FEA827C24BF51F86A
:10057000043B40F8043B08BF7047D20728BF31F85E
:10058000023B48BF11F8012B28BF20F8023B48BFAF
:1005900000F8012B704702F0FF0343EA032242EA0E
:1005A000024200F024B84FF000020429C0F012808B
:1005B00010F0030C00F01B80CCF1040CBCF1020F16
:1005C00018BF00F8012BA8BF20F8022BA1EB0C01EB
:1005D00000F00DB85FEAC17C24BF00F8012B00F8E1
:1005E000012B48BF00F8012B70474FF0000200B507
:1005F000134694469646203922BFA0E80C50A0E846
:100600000C50B1F12001BFF4F7AF090728BFA0E8F3
:100610000C5048BF0CC05DF804EB890028BF40F8BF
:10062000042B08BF704748BF20F8022B11F0804F01
:1006300018BF00F8012B70477047704770470000E3
:1006400070B5064C7C44064D7D4404E020460168AC
:1006500008448047241DAC42F8D170BD34600100CD
:100660003860010010B500F009F8006810BD10B541
:10067000044600F003F8046010BD00000048704715
:100680005000002400487047500000247546FFF7D2
:10069000F9FFAE4605006946534620F0070085463F
:1006A00018B020B5FFF774FEBDE820404FF00006FB
:1006B0004FF000074FF000084FF0000BAC46ACE8DD
:1006C000C009ACE8C009ACE8C009ACE8C00921F039
:1006D00007018D46704710B50446AFF300802046F1
:1006E000BDE81040FFF73DBE01491820ABBEFEE754
:1006F000260002007047000080B540F60000C5F6F5
:1007000002000122114606F093FD80BD00000000AA
:1007100080B540F60000C5F602000121002206F077
:1007200087FD80BD0000000080B540F60000C5F6E2
:1007300002000821012206F07BFD80BD00000000C0
:1007400080B540F60000C5F602000821002206F040
:100750006FFD80BD0000000080B584B00390FFF7FE
:10076000D7FF922000F040FA40F2FE01C2F20041B1
:100770001220062200F000FAFFF7BEFF40F21C0034
:10078000C2F200400078002854D0FFE740F2FE0398
:10079000C2F200431878597840EA012040F2FC0187
:1007A000C2F200410880B1F9000000EE100AB8EE74
:1007B000C00A40F20000C2F2004090ED001A20EEA4
:1007C000011A039A92ED082A92ED0C0A11EE020A20
:1007D00082ED000A9A7893F803C042EA0C220A805C
:1007E000B1F9002000EE102AB8EEC00A90ED001A10
:1007F00020EE011A039A92ED082A92ED0D0A11EEED
:10080000020A82ED010A1A795B7942EA03220A8020
:10081000B1F9001000EE101AB8EEC00A90ED001AFF
:1008200020EE010A039890ED081A20EE010A80EDEF
:10083000020A4FE040F2FE03C2F2004318785978F2
:1008400040EA012040F2FC01C2F200410880B1F907
:10085000000000EE100AB8EEC00A40F20000C2F23A
:10086000004090ED001A20EE010A039A92ED081A5A
:1008700020EE010A82ED000A9A7893F803C042EA5A
:100880000C220A80B1F9002000EE102AB8EEC00A4E
:1008900090ED001A20EE010A039A92ED081A20EE5C
:1008A000010A82ED010A1A795B7942EA03220A8081
:1008B000B1F9001000EE101AB8EEC00A90ED001A5F
:1008C00020EE010A039890ED081A20EE010A80ED4F
:1008D000020AFFE7FFF734FF40F2FE01C2F20041D7
:1008E00002910020082200F047F9FFF71DFF02984F
:1008F00000780F2840F09880FFE740F21C00C2F219
:100900000040007800284AD0FFE740F2FE03C2F220
:1009100000439878D97840EA012040F2FC01C2F205
:1009200000410880B1F9000000EE100AB8EEC01ACC
:1009300040F20400C2F2004090ED002A039A92EDCA
:10094000090A11EE020A82ED030A1A7993F805C02A
:1009500042EA0C220A80B1F9002000EE102AB8EE1B
:10096000C01A90ED002A039A92ED0A0A11EE020ACB
:1009700082ED040A9A79DB7942EA03220A80B1F90E
:10098000001000EE101AB8EEC01A90ED002A03987D
:1009900090ED0B0A11EE020A80ED050A43E040F2E9
:1009A000FE03C2F200439878D97840EA012040F271
:1009B000FC01C2F200410880B1F9000000EE100A0B
:1009C000B8EEC00A40F20400C2F2004090ED001AF6
:1009D00020EE010A039A82ED030A1A7993F805C002
:1009E00042EA0C220A80B1F9002000EE102AB8EE8B
:1009F000C00A90ED001A20EE010A039A82ED040A63
:100A00009A79DB7942EA03220A80B1F9001000EEFC
:100A1000101AB8EEC00A90ED001A20EE010A0398F1
:100A200080ED050AFFE7FFE7FFF772FEA22000F066
:100A3000DBF840F2FE01C2F20041019122200222C5
:100A400000F09AF8FFF758FE019908784978C0003D
:100A500040EA511140F2FC00C2F200400180B0F9BE
:100A60000000B0F5806F09DBFFE740F2FC01C2F245
:100A700000410888A0F500600880FFE740F2FC0014
:100A8000C2F20040B0F9000000EE100AB8EEC01A41
:100A9000B4EE002AB3EE070A01EE020A039880EDD5
:100AA000070A04B080BD000080B584B003908DF8C3
:100AB0000B10039840F20811C2F20041086040F2A6
:100AC000DC71C2F2004101910020087011F018FEA3
:100AD0000199024608781043087011F0F1FE01995F
:100AE00002460878104308709DF80B0038B1FFE704
:100AF00040F2BC00C2F2004000F0AAF831E040F23F
:100B0000BC01C2F2004100914AF2F000CBF6322063
:100B100048624FF2B930CBF6AF2088624EF6B17022
:100B2000CBF6BB20C86246F60B70C3F6996008632B
:100B300049F62A00C3F6935048630020886348F2C0
:100B40007A40C4F21D10C86391ED0F1A9FED080A98
:100B500080EE010A81ED080A0020C4F23420886189
:100B6000FFE740F2DC70C2F20040007804B080BDC4
:100B7000C3F51C410000000080B584B08DF80F0063
:100B800002918DF807209DF80F0040F0800000F0E2
:100B90002BF8FFE79DF8070070B1FFE7552000F044
:100BA00023F8029908700298013002909DF807001E
:100BB00001388DF80700EDE704B080BD00000000AB
:100BC00080B582B08DF8070000919DF8070040F0D5
:100BD000800000F009F8552000F006F80099087030
:100BE00002B080BD0000000080B582B08DF8070023
:100BF00040F20810C2F2004000686A464FF47A7171
:100C000011600DF107010DF10602012309F0BCFC92
:100C10009DF8060002B080BD80B582B08DF8070057
:100C20008DF806109DF80700FFF7DEFF9DF806001F
:100C3000FFF7DAFF02B080BDFFE7FEE7000000002B
:100C400080B582B00190FFE7012012F021F9FBE7A7
:100C500080B592B01190002010900F9001F00CFA26
:100C600040F21810C2F2004080ED000AFFE701F0E8
:100C700003FA40F21810C2F2004090ED001A30EE74
:100C8000410AB2EE041AB4EE410AF1EE10FA1EDD8A
:100C9000FFE711994AF2F000CBF632204862119931
:100CA0004FF2B930CBF6AF20886211994EF6B17091
:100CB000CBF6BB20C862119948F27A40C4F21D10ED
:100CC000C86311990020C4F234208861ECE29FEDE2
:100CD000E70A01F07DF911990020C8631199486273
:100CE000119988621199C862ADF81200FFE7BDF84A
:100CF000120040F20801C2F200410988884280F2E5
:100D0000DF81FFE7FFF704FD9220FFF76DFF122060
:100D10000FA902910622FFF72FFFFFF7EDFC9DF8C8
:100D20003C009DF83D1040EA0120ADF83A00BDF9C5
:100D30003A0000EE100AB8EEC00A40F20000C2F21B
:100D4000004090ED001A20EE010A119981ED000A91
:100D50009DF83E109DF83F2041EA0221ADF83A107F
:100D6000BDF93A1000EE101AB8EEC00A90ED001A64
:100D700020EE010A119981ED010A9DF840109DF8BD
:100D8000412041EA0221ADF83A10BDF93A1000EED7
:100D9000101AB8EEC00A90ED001A20EE010A119860
:100DA00080ED020A119890ED002A90ED010A90ED75
:100DB000021A20EE000A02EE020A01EE010A15F004
:100DC0008AF98DED070A9DED071A119890ED0F0A2B
:100DD00030EE010A80ED0F0AFFF7B2FC0299002005
:100DE0000822FFF7C9FEFFF79FFC9DF83C000F2883
:100DF0005FD1FFE79DF83E009DF83F1040EA0120DB
:100E0000ADF83A00BDF93A0000EE100AB8EEC00A9B
:100E100040F20400C2F2004090ED001A20EE010AF8
:100E2000119981ED030A119991ED031A91ED090AC7
:100E300030EE010A81ED090A9DF840109DF841202D
:100E400041EA0221ADF83A10BDF93A1000EE101A4D
:100E5000B8EEC00A90ED001A20EE010A119981ED5A
:100E6000040A119991ED041A91ED0A0A30EE010A73
:100E700081ED0A0A9DF842109DF8432041EA0221C3
:100E8000ADF83A10BDF93A1000EE101AB8EEC00AEB
:100E900090ED001A20EE010A119880ED050A1198D4
:100EA00090ED051A90ED0B0A30EE010A80ED0B0A69
:100EB000FFE7BDF8120038BBFFE7079806900798D8
:100EC000059000208DF81100FFE79DF81100022821
:100ED00019DCFFE711989DF8112000EB8200C06833
:100EE0000BA941F8220011989DF8112000EB820017
:100EF000C06808A941F82200FFE79DF81100013001
:100F00008DF81100E1E762E09DED070A9DED061AFC
:100F1000B4EE410AF1EE10FA03DDFFE70798069000
:100F2000FFE79DED070A9DED051AB4EE410AF1EECB
:100F300010FA03DAFFE707980590FFE700208DF825
:100F40001000FFE79DF8100002283FDCFFE7119832
:100F50009DF8101000EB810090ED030A0BA800EB48
:100F6000810090ED001AB4EE410AF1EE10FA0ADDAC
:100F7000FFE711989DF8102000EB8200C0680BA9D4
:100F800041F82200FFE711989DF8101000EB810056
:100F900090ED030A08A800EB810090ED001AB4EE72
:100FA000410AF1EE10FA0ADAFFE711989DF81020D5
:100FB00000EB8200C06808A941F82200FFE7FFE7C4
:100FC0009DF8100001308DF81000BBE7FFE79DEDA4
:100FD000060A9DED051A30EE410A40F2E070C2F2B9
:100FE000004080ED000A00208DF80F00FFE79DF81B
:100FF0000F0002281DDCFFE79DF80F100BA800EB87
:10100000810090ED000A08A800EB810090ED001A25
:1010100030EE410A40F6A400C2F2004000EB81002D
:1010200080ED000AFFE79DF80F0001308DF80F00FA
:10103000DDE740F2E070C2F2004090ED000AB6EE4B
:10104000001AB4EE410AF1EE10FA2DDCFFE740F68B
:10105000A400C2F2004090ED000A9FEDE61AB4EE43
:10106000410AF1EE10FA1FDC02E000BF0AD7A33BF1
:1010700040F6A400C2F2004090ED010A9FEDDD1A97
:10108000B4EE410AF1EE10FA0EDCFFE740F6A400E0
:10109000C2F2004090ED020A9FEDD61AB4EE410A6A
:1010A000F1EE10FA01DDFFE70AE09FEDD30A00F050
:1010B0008FFFFFE7BDF812000130ADF8120016E611
:1010C00040F20800C2F20040008800EE100AB8EEBC
:1010D000401A119890ED0F0A80EE010A80ED0F0A78
:1010E00000208DF80E00FFE79DF80E0002281BDCA3
:1010F000FFE740F20800C2F20040008800EE100A4C
:10110000B8EE401A11989DF80E1000EB810090ED9A
:10111000090A80EE010A80ED090AFFE79DF80E003A
:1011200001308DF80E00DFE7FFF7F2FAA220FFF79B
:101130005BFD22200FA90222FFF71EFDFFF7DCFA5C
:101140009DF83C009DF83D10C00040EA5110ADF8FC
:101150003A00BDF93A00B0F5806F07DBFFE7BDF854
:101160003A00A0F50060ADF83A00FFE7BDF93A009B
:1011700000EE100AB8EEC01AB4EE002AB3EE070A69
:1011800001EE020A119880ED060A40F28071C2F267
:101190000041088801300880FFE740F2E070C2F2A9
:1011A000004090ED000A0120B6EE001AB4EE410AAC
:1011B000F1EE10FA019071DCFFE7119890ED0F0A43
:1011C0009FED8E1A30EE010AB0EEC00A0120B6EE95
:1011D000001AB4EE410AF1EE10FA01905EDCFFE76E
:1011E00040F6A400C2F2004090ED000A01209FEDFD
:1011F000811AB4EE410AF1EE10FA01904EDCFFE7DD
:1012000040F6A400C2F2004090ED010A01209FEDDB
:10121000791AB4EE410AF1EE10FA01903EDCFFE7D4
:1012200040F6A400C2F2004090ED020A01209FEDBA
:10123000711AB4EE410AF1EE10FA01902EDCFFE7CC
:10124000119890ED090AB0EEC00A01209FED6C1ACA
:10125000B4EE410AF1EE10FA01901FDCFFE711989D
:1012600090ED0A0AB0EEC00A01209FED651AB4EEB7
:10127000410AF1EE10FA019010DCFFE7119890EDB1
:101280000B0AB0EEC00A9FED5E1A0020B4EE410AD0
:10129000F1EE10FAC8BF01200190FFE70198C007E6
:1012A00000287FF4E4ACFFE7119890ED0F1A9FED52
:1012B000550A80EE010A80ED080A0020ADF80C0006
:1012C000FFE7BDF80C0040F20A01C2F200410988B4
:1012D000884280F28C80FFE7FFF71AFA9220FFF72E
:1012E00083FC12200FA90622FFF746FCFFF704FA41
:1012F0009DF83C009DF83D1040EA0120ADF83A0011
:10130000BDF93A0000EE100AB8EEC00A40F2000043
:10131000C2F2004090ED001A20EE010A119991ED01
:10132000081A20EE010A81ED000A119991ED000AD8
:1013300091ED0C1A9FED343A20EE030A9FED332A0B
:1013400001EE020A81ED0C0A9DF83E109DF83F2047
:1013500041EA0221ADF83A10BDF93A1000EE101A38
:10136000B8EEC00A90ED001A20EE010A119991ED35
:10137000081A20EE010A81ED010A119991ED010A86
:1013800091ED0D1A20EE030A01EE020A81ED0D0A1D
:101390009DF840109DF8412041EA0221ADF83A1035
:1013A000BDF93A1000EE101AB8EEC00A90ED001A1E
:1013B00020EE010A119890ED081A20EE010A80ED46
:1013C000020A119890ED020A90ED0E1A20EE030A1F
:1013D00001EE020A80ED0E0A9FED070A00F0F8FD0B
:1013E000FFE7BDF80C000130ADF80C0069E712B062
:1013F00080BD00BF9A99193E6F12033ACDCC1CC133
:101400000AD7233CC3F51C41CDCC4C3ECDCC4C3F40
:1014100080B584B000200390FFE70398032812DC16
:10142000FFE7039800EB400140F28870C2F20040F1
:1014300000EB81010C31142210F09AFDFFE70398B4
:1014400001300390E9E740F28870C2F20040019059
:1014500000F13C011422029210F08AFD0198029AD8
:1014600000F1480110F084FD40F22010C2F200406B
:101470000FF082F9FFE714F0C3F840F25871C2F29E
:101480000041086040F28870C2F2004000780128F4
:1014900015D1FFE740F22010C2F2004000900FF09B
:1014A00087FA00980FF0B4FA009800F5B47100F5CF
:1014B000B0720FF089FC00980FF0BAF8FFE740F225
:1014C0002010C2F200400FF033FC40F25870C2F21C
:1014D0000040032113F020F9CDE7000000000000D8
:1014E00080B540F62810C2F2004002F0BDF880BD81
:1014F00080B540F6B000C2F2004002F0B5F880BD01
:1015000080B540F69020C2F2004002F0ADF880BDF8
:1015100080B540F6A010C2F2004002F0A5F880BDF0
:1015200080B540F61820C2F2004002F09DF880BD60
:1015300080B540F60830C2F2004002F095F880BD58
:1015400080B540F68030C2F2004002F08DF880BDD8
:1015500083B002900298016801201022C4F20202B6
:101560009142009000F0A380FFE7029801680120FB
:101570002822C4F202029142009000F09880FFE716
:101580000298016801204022C4F2020291420090B8
:1015900000F08D80FFE70298016801205822C4F214
:1015A00002029142009000F08280FFE702980168F9
:1015B00001207022C4F202029142009077D0FFE72E
:1015C0000298016801208822C4F202029142009030
:1015D0006DD0FFE7029801680120A022C4F2020248
:1015E0009142009063D0FFE7029801680120B82281
:1015F000C4F202029142009059D0FFE702980168BC
:10160000012040F21042C4F20202914200904ED0FA
:10161000FFE702980168012040F22842C4F202026A
:101620009142009043D0FFE702980168012040F208
:101630004042C4F202029142009038D0FFE7029883
:101640000168012040F25842C4F202029142009027
:101650002DD0FFE702980168012040F27042C4F2E9
:1016600002029142009022D0FFE702980168012017
:1016700040F28842C4F202029142009017D0FFE784
:1016800002980168012040F2A042C4F20202914295
:1016900000900CD0FFE7029800684FF64831CBF677
:1016A000FD710844B0FA80F040090090FFE700980F
:1016B000C00740B3FFE70298007810384AF6AB2124
:1016C000CAF6AA21A0FB011000090190019800F0C0
:1016D000070146F26020C0F60100405C0299C8652F
:1016E0000198042807D3FFE702990868042262F3EF
:1016F0000900886506E00299086840F2FF329043CD
:101700008865FFE705E00299086820F0FF0088651A
:10171000FFE70298806D03B07047000000000000F2
:1017200084B0039003980068019003980168012039
:1017300045F20842C5F60202914200904ED0FFE702
:1017400003980168012045F21C42C5F6020291424D
:10175000009043D0FFE703980168012045F2304232
:10176000C5F602029142009038D0FFE70398016865
:10177000012045F24442C5F60202914200902DD06C
:10178000FFE703980168012045F25842C5F60202BE
:101790009142009022D0FFE703980168012045F2B2
:1017A0006C42C5F602029142009017D0FFE7039801
:1017B0000168012045F28042C5F602029142009084
:1017C0000CD0FFE7039800684AF66C31CAF2FD714D
:1017D0000844B0FA80F040090090FFE70098C00785
:1017E00010B3FFE70398007808384CF6CD41CCF6EB
:1017F000CC41A0FB011000090290029945F60000BF
:10180000C5F6020000EB810003990866039945F6CE
:101810008000C5F602004866029800F01F01012012
:1018200088400399886635E00398007810384AF6B6
:10183000AB21CAF6AA21A0FB011000090290019871
:1018400040F2B841C4F2020188420CD8FFE7019887
:1018500040F21041C4F20201884204D3FFE702982B
:1018600008300290FFE7029940F60000C4F202003F
:1018700000EB810003990866039940F68000C4F2EA
:1018800002004866029800F01F0101208840039979
:101890008866FFE704B0704783B002900298007931
:1018A00001900198002800F08A80FFE7019808283D
:1018B00000F28580FFE702980168012045F20842A6
:1018C000C5F60202914200904ED0FFE702980168EF
:1018D000012045F21C42C5F602029142009043D01D
:1018E000FFE702980168012045F23042C5F6020286
:1018F0009142009038D0FFE702980168012045F23C
:101900004442C5F60202914200902DD0FFE70298B2
:101910000168012045F25842C5F60202914200904A
:1019200022D0FFE702980168012045F26C42C5F61B
:1019300002029142009017D0FFE70298016801204F
:1019400045F28042C5F60202914200900CD0FFE7BA
:10195000029800684AF66C31CAF2FD710844B0FA88
:1019600080F040090090FFE70098C00780B1FFE7D2
:10197000019945F6FC00C5F6020000EB81000299D2
:10198000C866029945F64010C5F6020008670FE0E8
:10199000019940F6FC00C4F2020000EB81000299BC
:1019A000C866029940F64010C4F202000867FFE7DB
:1019B0000198411E0120884002994867FFE703B063
:1019C000704700000000000085B0049000208DF8F2
:1019D0000F000498806918BBFFE70498806A0290A2
:1019E00003281BD80299DFE801F0020D02180498C1
:1019F00090F82F00C00720B1FFE701208DF80F00FD
:101A0000FFE70CE00498C06AB0F1C07F04D1FFE7A3
:101A100001208DF80F00FFE701E000E0FFE747E05D
:101A200004988069B0F5005F26D1FFE70498806ACA
:101A3000019003281ED80199DFE801F00206021187
:101A400001208DF80F0016E0049890F82F00C007D1
:101A500020B1FFE701208DF80F00FFE70BE00498AD
:101A6000C06AB0F1C07F04D1FFE701208DF80F00FC
:101A7000FFE700E0FFE71AE00498806A009003287F
:101A800004D3FFE70098032804D00EE001208DF86E
:101A90000F000BE0049890F82F00C00720B1FFE77B
:101AA00001208DF80F00FFE700E0FFE7FFE7FFE709
:101AB0009DF80F0005B0704789B008900791069215
:101AC00005930898806D04900898806D039008989D
:101AD000016801201022C4F202029142029000F03B
:101AE0000381FFE70898016801202822C4F202025E
:101AF0009142029000F0F880FFE708980168012009
:101B00004022C4F202029142029000F0ED80FFE711
:101B10000898016801205822C4F202029142029002
:101B200000F0E280FFE70898016801207022C4F20B
:101B300002029142029000F0D780FFE70898016806
:101B400001208822C4F202029142029000F0CC806F
:101B5000FFE7089801680120A022C4F20202914226
:101B6000029000F0C180FFE7089801680120B822C8
:101B7000C4F202029142029000F0B680FFE708989A
:101B80000168012040F21042C4F202029142029028
:101B900000F0AA80FFE708980168012040F228427F
:101BA000C4F202029142029000F09E80FFE7089882
:101BB0000168012040F24042C4F2020291420290C8
:101BC00000F09280FFE708980168012040F2584237
:101BD000C4F202029142029000F08680FFE708986A
:101BE0000168012040F27042C4F202029142029068
:101BF0007AD0FFE708980168012040F28842C4F2D9
:101C00000202914202906FD0FFE70898016801201C
:101C100040F2A042C4F202029142029064D0FFE777
:101C200008980168012040F2B842C4F202029142D1
:101C3000029059D0FFE708980168012045F2084258
:101C4000C5F60202914202904ED0FFE70898016863
:101C5000012045F21C42C5F602029142029043D097
:101C6000FFE708980168012045F23042C5F60202FC
:101C70009142029038D0FFE708980168012045F2B0
:101C80004442C5F60202914202902DD0FFE7089827
:101C90000168012045F25842C5F6020291420290C5
:101CA00022D0FFE708980168012045F26C42C5F692
:101CB00002029142029017D0FFE7089801680120C4
:101CC00045F28042C5F60202914202900CD0FFE735
:101CD000089800684AF66C31CAF2FD710844B0FAFF
:101CE00080F040090290FFE70298C00770B1FFE75B
:101CF0000898416E806E48600898C06E28B1FFE772
:101D00000898016F406F4860FFE7FFE70898016897
:101D100001201022C4F202029142019000F0A3803F
:101D2000FFE70898016801202822C4F202029142CC
:101D3000019000F09880FFE7089801680120402298
:101D4000C4F202029142019000F08D80FFE70898F2
:101D5000016801205822C4F202029142019000F071
:101D60008280FFE70898016801207022C4F2020215
:101D70009142019077D0FFE70898016801208822FE
:101D8000C4F20202914201906DD0FFE70898016809
:101D90000120A022C4F202029142019063D0FFE729
:101DA000089801680120B822C4F202029142019011
:101DB00059D0FFE708980168012040F21042C4F2B0
:101DC0000202914201904ED0FFE70898016801207D
:101DD00040F22842C4F202029142019043D0FFE750
:101DE00008980168012040F24042C4F20202914288
:101DF000019038D0FFE708980168012040F258426E
:101E0000C4F20202914201902DD0FFE708980168C8
:101E1000012040F27042C4F202029142019022D0AD
:101E2000FFE708980168012040F28842C4F20202EC
:101E30009142019017D0FFE708980168012040F215
:101E4000A042C4F20202914201900CD0FFE7089830
:101E500000684FF64831CBF6FD710844B0FA80F0C7
:101E600040090190FFE70198C00750B3FFE70898C9
:101E7000C06D00F01F013F208840049988600898D9
:101E80000168086820F480200860059808990968AE
:101E9000486008988068402809D1FFE706980899AB
:101EA00009688860079808990968C86008E0079879
:101EB000089909688860069808990968C860FFE76A
:101EC00082E008980168012045F20842C5F6020246
:101ED000914200904ED0FFE708980168012045F23A
:101EE0001C42C5F602029142009043D0FFE70898D9
:101EF0000168012045F23042C5F60202914200908D
:101F000038D0FFE708980168012045F24442C5F641
:101F10000202914200902DD0FFE70898016801204D
:101F200045F25842C5F602029142009022D0FFE7E6
:101F300008980168012045F26C42C5F60202914200
:101F4000009017D0FFE708980168012045F2804211
:101F5000C5F60202914200900CD0FFE70898006895
:101F60004AF66C31CAF2FD710844B0FA80F04009BB
:101F70000090FFE70098C00720B3FFE70898C06D06
:101F800000F01F01012088400399486005980899D6
:101F90000968486008988068402809D1FFE70698DA
:101FA000089909688860079808990968C86008E076
:101FB0000798089909688860069808990968C860B0
:101FC000FFE700E0FFE7FFE709B07047000000000F
:101FD00083B08DED020A41F20400CEF200000068E9
:101FE000019002980090FFE741F20400CEF2000059
:101FF00000680199401A00EE100AB8EE400A9DED03
:10200000001A40F21870C2F2004090ED002AB8EEBB
:10201000422A21EE021AB4EE410AF1EE10FA01DA78
:10202000FFE7E1E703B0704780B584B0039041F269
:102030000400CEF20000006802900298039909683B
:10204000401A00EE100AB8EE400A40F21870C2F2D0
:10205000004090ED001AB8EE411A80EE010A8DEDB5
:10206000010A0298039908600EF0C2FA9DED010A78
:1020700004B080BD0000000080B582B000F068F8B8
:1020800040F21070C2F2004090ED000AB8EE400A33
:10209000818801EE101AB8EEC11A9FED092A01EEEF
:1020A000020AC08801EE100AB8EEC11A9FED052A97
:1020B00001EE020A8DED010A9DED010A02B080BD1C
:1020C0006F12833ABD37863581B000904EF6FC51D1
:1020D000CEF20001086840F08070086041F204010F
:1020E000CEF200010020086041F20002CEF20002B0
:1020F000116841F001011160009944F24022C0F2E0
:102100000F024A4340F21871C2F200410A600A68A5
:1021100044F6D353C1F26203A2FB0332920940F2A8
:102120002073C2F200431A6009684DF68362C4F25C
:102130001B32A1FB0221890C40F22472C2F2004240
:10214000116040F22871C2F20041086001B070478E
:10215000B0B586B041F20400CEF2000000680590F0
:102160000EF046FA40F22870C2F20040016805986D
:10217000002302934FF0FF3C1A46E1FB0C0240F2B1
:102180001011C2F2004100914A6008600868496875
:1021900040F21874C2F200442268FEF70DF9029B67
:1021A00002468C46009940F26070C2F20040C0F8CE
:1021B00004C00260D1F800C04968D0F800E042686D
:1021C0002468AEFB04E502FB0452BCEB0E0C61EB91
:1021D000020240F26871C2F200410391C1F800C0EE
:1021E0004A60006840F21072C2F20042049210602D
:1021F0000868496840F22072C2F2004201921268F7
:10220000FEF7DAF8DDF804C0029B049A0146039851
:102210009180016840689288DCF800C002FB0CF2F3
:102220008A1A60F1000040F27071C2F200410A6047
:1022300048600868496840F22472C2F2004212689D
:10224000FEF7BAF80499C88006B0B0BD00000000DF
:10225000704700000000000081B0EFF3108072B6FC
:102260000090FFE7FEE7000044F60C01C5F602010E
:10227000086840F002000860FFE744F60400C5F675
:10228000020000688004002801D4FFE7F5E77047EA
:1022900080B540F6F830C2F2004003F059FE80BD30
:1022A00080B540F69840C2F2004003F051FE80BD78
:1022B00080B540F63850C2F2004003F049FE80BDC0
:1022C00084B002900298406B009002980068D0F8A9
:1022D00084004FF6FC718843009940EA810002991E
:1022E0000968C1F8840002980068D0F8840020F4DE
:1022F0007F00029A1168926B40EA0240C1F88400A4
:102300000298816B00980844009002980068D0F809
:1023100088006FF38F00009940EA810002990968F4
:10232000C1F8880002980068D0F8880020F4FE0008
:10233000029A1168D26B40EA0240C1F88800029804
:10234000C16B009800EB4100009002980068D0F843
:10235000A0006FF38F00009940EA8100029909689C
:10236000C1F8A00002980068D0F8A00020F4FE0098
:10237000029A1168126C40EA0240C1F8A00002996A
:10238000086C496C009A00FB0120009002980068DC
:10239000D0F8B0006FF38F00009940EA81000299F5
:1023A0000968C1F8B00002980068D0F8B00020F4C5
:1023B000FE00029A1168926C40EA0240C1F8B00037
:1023C0000299886CC96C009A00FB01200090029869
:1023D0000068D0F8AC006FF38F00009940EA8100EC
:1023E00002990968C1F8AC000299086D496D009A1C
:1023F00000FB0120009002980068D0F8F0006FF315
:102400008F00009940EA810002990968C1F8F00044
:1024100002980068D0F8F00020F47C10029A11684D
:10242000926D40EA0240C1F8F0000298816D009878
:1024300000EB4100009002980068D0F8C0006FF3F4
:102440008F00009940EA810002990968C1F8C00034
:1024500002980068D0F8C00020F47C10029A11683D
:10246000D26D40EA0240C1F8C00002980068D0F87E
:10247000C00020F07C50029A1168126E40EA02609F
:10248000C1F8C00002994A6B4AF60040C4F200004D
:1024900000EB8200C86602998A6BC86E00EB82006E
:1024A00008670299CA6B086F00EBC200486702997F
:1024B0000A6C4B6C486F5A4300EB820088670299A4
:1024C0008A6CCB6C886F5A4300EB8200C867029914
:1024D0000A6D4B6DC86F5A4300EB8200C1F8800053
:1024E00002998A6DD1F8800000EBC200C1F8840027
:1024F0000299CA6D8B6ED1F884005A4300EB8200BA
:10250000C1F8880002990A6E8B6ED1F888005A4390
:1025100000EB8200C1F890000298D0F890004DF2D4
:10252000FD31C4F2000188420FD3FFE70299D1F8D0
:102530009C0040F02000C1F89C000299032081F823
:10254000980001208DF80F0017E00298C06E0190EE
:10255000FFE701980299D1F89010884208D2FFE76E
:10256000019900200860FFE7019804300190F0E72E
:10257000FFE700208DF80F00FFE79DF80F0004B083
:10258000704700000000000088B007900691059297
:1025900004930698406848B9FFE706980168826886
:1025A0000069104340EA8140039009E00698016801
:1025B000826800691043084340F080400390FFE7C1
:1025C0000698D0F820C0C16842698369C06940EAB2
:1025D0000C601843104340EA014002900798826E55
:1025E000D0F884000499514300EB810001900398D6
:1025F00001990860019804300190029801990860DF
:1026000001980430019000200090FFE7009806999F
:10261000CA6846F25021C0F60101895C88420DD299
:10262000FFE7059800994058019908600198043027
:102630000190FFE7009804300090E7E708B070478A
:1026400080B58AB0089004F00BFE0490089828B971
:10265000FFE701208DF8270000F0AABC089890F849
:10266000350002280ED0FFE7089980204865FFE773
:102670000899002081F83400FFE701208DF8270039
:1026800000F096BC0898016801201022C4F20202F2
:102690009142039000F0A380FFE7089801680120B1
:1026A0002822C4F202029142039000F09880FFE7D2
:1026B0000898016801204022C4F20202914203906E
:1026C00000F08D80FFE70898016801205822C4F2CD
:1026D00002029142039000F08280FFE708980168AF
:1026E00001207022C4F202029142039077D0FFE7EA
:1026F0000898016801208822C4F2020291420390E6
:102700006DD0FFE7089801680120A022C4F2020200
:102710009142039063D0FFE7089801680120B82236
:10272000C4F202029142039059D0FFE70898016871
:10273000012040F21042C4F20202914203904ED0B6
:10274000FFE708980168012040F22842C4F2020223
:102750009142039043D0FFE708980168012040F2BE
:102760004042C4F202029142039038D0FFE7089839
:102770000168012040F25842C4F2020291420390E3
:102780002DD0FFE708980168012040F27042C4F2A2
:1027900002029142039022D0FFE7089801680120CD
:1027A00040F28842C4F202029142039017D0FFE740
:1027B00008980168012040F2A042C4F2020291424E
:1027C00003900CD0FFE7089800684FF64831CBF62D
:1027D000FD710844B0FA80F040090390FFE70398C8
:1027E000C00780B1FFE708980168086820F01E0064
:1027F000086008980168486920F0800048610898DE
:102800000068059009E008980168086820F00E004B
:102810000860089800680590FFE7089801680120A3
:102820001022C4F202029142029000F00381FFE7FD
:102830000898016801202822C4F202029142029005
:1028400000F0F880FFE70898016801204022C4F2F8
:1028500002029142029000F0ED80FFE708980168C3
:1028600001205822C4F202029142029000F0E2805C
:10287000FFE70898016801207022C4F20202914229
:10288000029000F0D780FFE70898016801208822B5
:10289000C4F202029142029000F0CC80FFE7089857
:1028A00001680120A022C4F202029142029000F0CD
:1028B000C180FFE7089801680120B822C4F2020233
:1028C0009142029000F0B680FFE70898016801206D
:1028D00040F21042C4F202029142029000F0AA803B
:1028E000FFE708980168012040F22842C4F2020282
:1028F0009142029000F09E80FFE708980168012055
:1029000040F24042C4F202029142029000F09280F2
:10291000FFE708980168012040F25842C4F2020221
:102920009142029000F08680FFE70898016801203C
:1029300040F27042C4F20202914202907AD0FFE764
:1029400008980168012040F28842C4F202029142D4
:1029500002906FD0FFE708980168012040F2A04282
:10296000C4F202029142029064D0FFE70898016825
:10297000012040F2B842C4F202029142029059D0C2
:10298000FFE708980168012045F20842C5F60202F7
:10299000914202904ED0FFE708980168012045F26D
:1029A0001C42C5F602029142029043D0FFE708980C
:1029B0000168012045F23042C5F6020291420290C0
:1029C00038D0FFE708980168012045F24442C5F677
:1029D0000202914202902DD0FFE708980168012081
:1029E00045F25842C5F602029142029022D0FFE71A
:1029F00008980168012045F26C42C5F60202914236
:102A0000029017D0FFE708980168012045F2804244
:102A1000C5F60202914202900CD0FFE708980068C8
:102A20004AF66C31CAF2FD710844B0FA80F04009F0
:102A30000290FFE70298C00738B1FFE70898016EDF
:102A4000086820F480700860FFE70898006810218B
:102A5000C4F20201884200F08180FFE70898006814
:102A60002821C4F20201884278D0FFE70898006864
:102A70004021C4F20201884270D0FFE70898006844
:102A80005821C4F20201884268D0FFE70898006824
:102A90007021C4F20201884260D0FFE70898006804
:102AA0008821C4F20201884258D0FFE708980068E4
:102AB000A021C4F20201884250D0FFE708980068C4
:102AC000B821C4F20201884248D0FFE708980068A4
:102AD00040F21041C4F2020188423FD0FFE708985B
:102AE000006840F22841C4F20201884236D0FFE774
:102AF0000898006840F24041C4F2020188422DD09B
:102B0000FFE70898006840F25841C4F20201884289
:102B100024D0FFE70898006840F27041C4F2020137
:102B200088421BD0FFE70898006840F28841C4F251
:102B30000201884212D0FFE70898006840F2A041E5
:102B4000C4F20201884209D0FFE70898006840F209
:102B5000B841C4F20201884207D1FFE70898016832
:102B6000086820F00100086006E00898016808681D
:102B700020F001000860FFE7FFE705980068C00744
:102B8000C8B1FFE704F06CFB0499401A062811D382
:102B9000FFE70899202048650899032081F835004F
:102BA000FFE70899002081F83400FFE701208DF845
:102BB0002700FDE1E1E70898016801201022C4F236
:102BC00002029142019000F0A380FFE7089801689B
:102BD00001202822C4F202029142019000F0988064
:102BE000FFE70898016801204022C4F202029142E6
:102BF000019000F08D80FFE70898016801205822BD
:102C0000C4F202029142019000F08280FFE708982E
:102C1000016801207022C4F202029142019077D033
:102C2000FFE70898016801208822C4F2020291425D
:102C300001906DD0FFE7089801680120A022C4F23E
:102C400002029142019063D0FFE7089801680120D9
:102C5000B822C4F202029142019059D0FFE70898CD
:102C60000168012040F21042C4F202029142019038
:102C70004ED0FFE708980168012040F22842C4F2D4
:102C800002029142019043D0FFE7089801680120B9
:102C900040F24042C4F202029142019038D0FFE774
:102CA00008980168012040F25842C4F202029142A1
:102CB00001902DD0FFE708980168012040F2704292
:102CC000C4F202029142019022D0FFE70898016805
:102CD000012040F28842C4F202029142019017D0D2
:102CE000FFE708980168012040F2A042C4F2020206
:102CF000914201900CD0FFE7089800684FF64831E8
:102D0000CBF6FD710844B0FA80F040090190FFE76E
:102D10000198C00760B1FFE70898806D0790089898
:102D2000C06D00F01F013F208840079988600BE0CC
:102D30000898806D06900898C06D00F01F01012072
:102D4000884006994860FFE7089801680120102232
:102D5000C4F202029142009000F00381FFE708985C
:102D6000016801202822C4F202029142009000F082
:102D7000F880FFE70898016801204022C4F20202AF
:102D80009142009000F0ED80FFE708980168012073
:102D90005822C4F202029142009000F0E280FFE764
:102DA0000898016801207022C4F20202914200904A
:102DB00000F0D780FFE70898016801208822C4F25C
:102DC00002029142009000F0CC80FFE70898016871
:102DD0000120A022C4F202029142009000F0C180C2
:102DE000FFE7089801680120B822C4F2020291426C
:102DF000009000F0B680FFE708980168012040F2DB
:102E00001042C4F202029142009000F0AA80FFE753
:102E100008980168012040F22842C4F2020291425F
:102E2000009000F09E80FFE708980168012040F2C2
:102E30004042C4F202029142009000F09280FFE70B
:102E400008980168012040F25842C4F202029142FF
:102E5000009000F08680FFE708980168012040F2AA
:102E60007042C4F20202914200907AD0FFE70898C3
:102E70000168012040F28842C4F2020291420090AF
:102E80006FD0FFE708980168012040F2A042C4F229
:102E900002029142009064D0FFE708980168012087
:102EA00040F2B842C4F202029142009059D0FFE7CA
:102EB00008980168012045F20842C5F602029142D5
:102EC00000904ED0FFE708980168012045F21C42AF
:102ED000C5F602029142009043D0FFE708980168CE
:102EE000012045F23042C5F602029142009038D0EE
:102EF000FFE708980168012045F24442C5F6020246
:102F0000914200902DD0FFE708980168012045F21A
:102F10005842C5F602029142009022D0FFE708987D
:102F20000168012045F26C42C5F602029142009010
:102F300017D0FFE708980168012045F28042C5F6E6
:102F40000202914200900CD0FFE7089800684AF610
:102F50006C31CAF2FD710844B0FA80F0400900906B
:102F6000FFE70098C007A0B1FFE70898416E806EA8
:102F700048600898C06E58B1FFE70898C16E0868AD
:102F800020F4807008600898016F406F4860FFE788
:102F9000FFE70899012081F83500FFE70899002034
:102FA00081F83400FFE7FFE700208DF82700FFE7F6
:102FB0009DF827000AB080BD80B586B004900498C3
:102FC00020B9FFE701208DF8170046E3049890F838
:102FD0003500022807D0FFE70499802048650120CA
:102FE0008DF8170039E30498016801201022C4F21B
:102FF00002029142029000F0A380FFE7049801686A
:1030000001202822C4F202029142029000F098802E
:10301000FFE70498016801204022C4F202029142B5
:10302000029000F08D80FFE704980168012058228B
:10303000C4F202029142029000F08280FFE70498FD
:10304000016801207022C4F202029142029077D0FE
:10305000FFE70498016801208822C4F2020291422D
:1030600002906DD0FFE7049801680120A022C4F20D
:1030700002029142029063D0FFE7049801680120A8
:10308000B822C4F202029142029059D0FFE704989C
:103090000168012040F21042C4F202029142029003
:1030A0004ED0FFE704980168012040F22842C4F2A4
:1030B00002029142029043D0FFE704980168012088
:1030C00040F24042C4F202029142029038D0FFE73F
:1030D00004980168012040F25842C4F20202914271
:1030E00002902DD0FFE704980168012040F2704261
:1030F000C4F202029142029022D0FFE704980168D4
:10310000012040F28842C4F202029142029017D09C
:10311000FFE704980168012040F2A042C4F20202D5
:10312000914202900CD0FFE7049800684FF64831B6
:10313000CBF6FD710844B0FA80F040090290FFE739
:103140000298C007002800F09D80FFE70499042042
:1031500081F83500049800681021C4F20201884209
:1031600000F08180FFE7049800682821C4F2020182
:10317000884278D0FFE7049800684021C4F2020139
:10318000884270D0FFE7049800685821C4F2020119
:10319000884268D0FFE7049800687021C4F20201F9
:1031A000884260D0FFE7049800688821C4F20201D9
:1031B000884258D0FFE704980068A021C4F20201B9
:1031C000884250D0FFE704980068B821C4F2020199
:1031D000884248D0FFE70498006840F21041C4F2EA
:1031E000020188423FD0FFE70498006840F228417E
:1031F000C4F20201884236D0FFE70498006840F22A
:103200004041C4F2020188422DD0FFE704980068D3
:1032100040F25841C4F20201884224D0FFE70498EA
:10322000006840F27041C4F2020188421BD0FFE7FF
:103230000498006840F28841C4F20201884212D02A
:10324000FFE70498006840F2A041C4F202018842FE
:1032500009D0FFE70498006840F2B841C4F20201C7
:10326000884207D1FFE704980168086820F0010050
:10327000086006E004980168086820F00100086012
:10328000FFE7E5E104980168086820F00E00086097
:10329000049800681021C4F20201884200F0818085
:1032A000FFE7049800682821C4F20201884278D020
:1032B000FFE7049800684021C4F20201884270D000
:1032C000FFE7049800685821C4F20201884268D0E0
:1032D000FFE7049800687021C4F20201884260D0C0
:1032E000FFE7049800688821C4F20201884258D0A0
:1032F000FFE704980068A021C4F20201884250D080
:10330000FFE704980068B821C4F20201884248D05F
:10331000FFE70498006840F21041C4F202018842BD
:103320003FD0FFE70498006840F22841C4F2020150
:10333000884236D0FFE70498006840F24041C4F26A
:10334000020188422DD0FFE70498006840F25841FE
:10335000C4F20201884224D0FFE70498006840F2DA
:103360007041C4F2020188421BD0FFE70498006854
:1033700040F28841C4F20201884212D0FFE704986B
:10338000006840F2A041C4F20201884209D0FFE780
:103390000498006840F2B841C4F20201884207D1A3
:1033A000FFE704980168086820F00100086006E063
:1033B00004980168086820F001000860FFE704989D
:1033C000016801201022C4F202029142019000F033
:1033D0000381FFE70498016801202822C4F2020259
:1033E0009142019000F0F880FFE704980168012005
:1033F0004022C4F202029142019000F0ED80FFE70A
:103400000498016801205822C4F2020291420190FE
:1034100000F0E280FFE70498016801207022C4F206
:1034200002029142019000F0D780FFE70498016802
:1034300001208822C4F202029142019000F0CC8067
:10344000FFE7049801680120A022C4F20202914221
:10345000019000F0C180FFE7049801680120B822C4
:10346000C4F202029142019000F0B680FFE7049896
:103470000168012040F21042C4F202029142019020
:1034800000F0AA80FFE704980168012040F228427A
:10349000C4F202029142019000F09E80FFE704987E
:1034A0000168012040F24042C4F2020291420190C0
:1034B00000F09280FFE704980168012040F2584232
:1034C000C4F202029142019000F08680FFE7049866
:1034D0000168012040F27042C4F202029142019060
:1034E0007AD0FFE704980168012040F28842C4F2D4
:1034F0000202914201906FD0FFE704980168012019
:1035000040F2A042C4F202029142019064D0FFE76F
:1035100004980168012040F2B842C4F202029142CC
:10352000019059D0FFE704980168012045F2084254
:10353000C5F60202914201904ED0FFE7049801685F
:10354000012045F21C42C5F602029142019043D08F
:10355000FFE704980168012045F23042C5F60202F7
:103560009142019038D0FFE704980168012045F2AC
:103570004442C5F60202914201902DD0FFE7049823
:103580000168012045F25842C5F6020291420190BD
:1035900022D0FFE704980168012045F26C42C5F68D
:1035A00002029142019017D0FFE7049801680120C0
:1035B00045F28042C5F60202914201900CD0FFE72D
:1035C000049800684AF66C31CAF2FD710844B0FAFA
:1035D00080F040090190FFE70198C00728B3FFE79A
:1035E0000498016E086820F4807008600498806D6B
:1035F00003900498C06D00F01F01012088400399DA
:1036000048600498416E806E48600498C06E58B15E
:10361000FFE70498C16E086820F480700860049881
:10362000016F406F4860FFE7FFE70499012081F8D0
:103630003500FFE70499002081F83400FFE7049883
:10364000006D20B1FFE70498016D8847FFE7FFE7B1
:10365000FFE700208DF81700FFE79DF8170006B080
:1036600080BD00000000000080B590B00F900020E9
:103670000B9040F21400C2F20040006848F2B5110D
:10368000C1F64E31A0FB0110800A0A900F98806DA0
:1036900009900F98806D0890099800680E9008981E
:1036A00000680D900F98016801201022C4F20202F8
:1036B0009142079000F0A380FFE70F980168012076
:1036C0002822C4F202029142079000F09880FFE79E
:1036D0000F98016801204022C4F202029142079033
:1036E00000F08D80FFE70F98016801205822C4F296
:1036F00002029142079000F08280FFE70F98016874
:1037000001207022C4F202029142079077D0FFE7B5
:103710000F98016801208822C4F2020291420790AA
:103720006DD0FFE70F9801680120A022C4F20202C9
:103730009142079063D0FFE70F9801680120B822FB
:10374000C4F202029142079059D0FFE70F98016836
:10375000012040F21042C4F20202914207904ED082
:10376000FFE70F980168012040F22842C4F20202EC
:103770009142079043D0FFE70F980168012040F283
:103780004042C4F202029142079038D0FFE70F98FE
:103790000168012040F25842C4F2020291420790AF
:1037A0002DD0FFE70F980168012040F27042C4F26B
:1037B00002029142079022D0FFE70F980168012092
:1037C00040F28842C4F202029142079017D0FFE70C
:1037D0000F980168012040F2A042C4F20202914217
:1037E00007900CD0FFE70F9800684FF64831CBF6F2
:1037F000FD710844B0FA80F040090790FFE7079890
:10380000C007002800F01385FFE70E980F99C96DD7
:1038100001F01F01C8400007002840F1B080FFE719
:103820000F9800681021C4F20201884200F08180E4
:10383000FFE70F9800682821C4F20201884278D07F
:10384000FFE70F9800684021C4F20201884270D05F
:10385000FFE70F9800685821C4F20201884268D03F
:10386000FFE70F9800687021C4F20201884260D01F
:10387000FFE70F9800688821C4F20201884258D0FF
:10388000FFE70F980068A021C4F20201884250D0DF
:10389000FFE70F980068B821C4F20201884248D0BF
:1038A000FFE70F98006840F21041C4F2020188421D
:1038B0003FD0FFE70F98006840F22841C4F20201B0
:1038C000884236D0FFE70F98006840F24041C4F2CA
:1038D000020188422DD0FFE70F98006840F258415E
:1038E000C4F20201884224D0FFE70F98006840F23A
:1038F0007041C4F2020188421BD0FFE70F980068B4
:1039000040F28841C4F20201884212D0FFE70F98CA
:10391000006840F2A041C4F20201884209D0FFE7EA
:103920000F98006840F2B841C4F20201884207D102
:10393000FFE70F980068006800F00400069006E0BA
:103940000F980068006800F008000690FFE70698EE
:10395000A0B1FFE70F980168086820F00400086034
:103960000F98C06D00F01F010820884009998860F9
:103970000F99486D40F001004865FFE7FFE70E989A
:103980000F99C96D01F01F01C840C007002800F061
:10399000A980FFE70F9800681021C4F20201884255
:1039A00000F08180FFE70F9800682821C4F202012F
:1039B000884278D0FFE70F9800684021C4F20201E6
:1039C000884270D0FFE70F9800685821C4F20201C6
:1039D000884268D0FFE70F9800687021C4F20201A6
:1039E000884260D0FFE70F9800688821C4F2020186
:1039F000884258D0FFE70F980068A021C4F2020166
:103A0000884250D0FFE70F980068B821C4F2020145
:103A1000884248D0FFE70F98006840F21041C4F296
:103A2000020188423FD0FFE70F98006840F228412A
:103A3000C4F20201884236D0FFE70F98006840F2D6
:103A40004041C4F2020188422DD0FFE70F98006880
:103A500040F25841C4F20201884224D0FFE70F9897
:103A6000006840F27041C4F2020188421BD0FFE7B7
:103A70000F98006840F28841C4F20201884212D0D7
:103A8000FFE70F98006840F2A041C4F202018842AB
:103A900009D0FFE70F98006840F2B841C4F2020174
:103AA000884207D1FFE70F980068406900F0800066
:103AB000059005E00F980068006800200590FFE77A
:103AC000059870B1FFE70F98C06D00F01F0101204D
:103AD0008840099988600F99486D40F00200486558
:103AE000FFE7FFE70E980F99C96D01F01F01C8406D
:103AF0004007002840F1A980FFE70F9800681021D7
:103B0000C4F20201884200F08180FFE70F9800684C
:103B10002821C4F20201884278D0FFE70F9800689C
:103B20004021C4F20201884270D0FFE70F9800687C
:103B30005821C4F20201884268D0FFE70F9800685C
:103B40007021C4F20201884260D0FFE70F9800683C
:103B50008821C4F20201884258D0FFE70F9800681C
:103B6000A021C4F20201884250D0FFE70F980068FC
:103B7000B821C4F20201884248D0FFE70F980068DC
:103B800040F21041C4F2020188423FD0FFE70F9893
:103B9000006840F22841C4F20201884236D0FFE7B3
:103BA0000F98006840F24041C4F2020188422DD0D3
:103BB000FFE70F98006840F25841C4F202018842C2
:103BC00024D0FFE70F98006840F27041C4F2020170
:103BD00088421BD0FFE70F98006840F28841C4F28A
:103BE0000201884212D0FFE70F98006840F2A0411E
:103BF000C4F20201884209D0FFE70F98006840F242
:103C0000B841C4F20201884207D1FFE70F9800686B
:103C1000006800F00200049005E00F98006800685A
:103C200000200490FFE7049870B1FFE70F98C06D83
:103C300000F01F0104208840099988600F99486DA1
:103C400040F004004865FFE7FFE70E980F99C96D43
:103C500001F01F01C840C006002840F1DE80FFE7E8
:103C60000F9800681021C4F20201884200F08180A0
:103C7000FFE70F9800682821C4F20201884278D03B
:103C8000FFE70F9800684021C4F20201884270D01B
:103C9000FFE70F9800685821C4F20201884268D0FB
:103CA000FFE70F9800687021C4F20201884260D0DB
:103CB000FFE70F9800688821C4F20201884258D0BB
:103CC000FFE70F980068A021C4F20201884250D09B
:103CD000FFE70F980068B821C4F20201884248D07B
:103CE000FFE70F98006840F21041C4F202018842D9
:103CF0003FD0FFE70F98006840F22841C4F202016C
:103D0000884236D0FFE70F98006840F24041C4F285
:103D1000020188422DD0FFE70F98006840F2584119
:103D2000C4F20201884224D0FFE70F98006840F2F5
:103D30007041C4F2020188421BD0FFE70F9800686F
:103D400040F28841C4F20201884212D0FFE70F9886
:103D5000006840F2A041C4F20201884209D0FFE7A6
:103D60000F98006840F2B841C4F20201884207D1BE
:103D7000FFE70F980068006800F00800039006E075
:103D80000F980068006800F004000390FFE70398B4
:103D9000002841D0FFE70F98C06D00F01F011020F0
:103DA0008840099988600F980068006840030028DF
:103DB0001AD5FFE70F98006800680003002809D4AF
:103DC000FFE70F98006C20B1FFE70F98016C884760
:103DD000FFE708E00F98806C20B1FFE70F98816C37
:103DE0008847FFE7FFE716E00F9800680068C00506
:103DF000002807D4FFE70F980168086820F0080042
:103E00000860FFE70F98006C20B1FFE70F98016C86
:103E10008847FFE7FFE7FFE7FFE70E980F99C96DB7
:103E200001F01F01C8408006002840F12681FFE70D
:103E30000F9800681021C4F20201884200F08180CE
:103E4000FFE70F9800682821C4F20201884278D069
:103E5000FFE70F9800684021C4F20201884270D049
:103E6000FFE70F9800685821C4F20201884268D029
:103E7000FFE70F9800687021C4F20201884260D009
:103E8000FFE70F9800688821C4F20201884258D0E9
:103E9000FFE70F980068A021C4F20201884250D0C9
:103EA000FFE70F980068B821C4F20201884248D0A9
:103EB000FFE70F98006840F21041C4F20201884207
:103EC0003FD0FFE70F98006840F22841C4F202019A
:103ED000884236D0FFE70F98006840F24041C4F2B4
:103EE000020188422DD0FFE70F98006840F2584148
:103EF000C4F20201884224D0FFE70F98006840F224
:103F00007041C4F2020188421BD0FFE70F9800689D
:103F100040F28841C4F20201884212D0FFE70F98B4
:103F2000006840F2A041C4F20201884209D0FFE7D4
:103F30000F98006840F2B841C4F20201884207D1EC
:103F4000FFE70F980068006800F01000029006E09C
:103F50000F980068006800F002000290FFE70298E6
:103F6000002800F08980FFE70F98C06D00F01F0166
:103F700020208840099988600F9890F8350004281F
:103F800037D1FFE70F980168086820F01600086035
:103F90000F980168486920F0800048610F98006C14
:103FA00020B9FFE70F98806C38B1FFE70F980168E0
:103FB000086820F008000860FFE70F98C06D00F067
:103FC0001F013F208840099988600F99012081F8DE
:103FD0003500FFE70F99002081F83400FFE70F98C4
:103FE000006D20B1FFE70F98016D8847FFE700F0F3
:103FF00019BC0F9800680068400300281AD5FFE735
:104000000F98006800680003002809D4FFE70F98A4
:10401000406C20B1FFE70F98416C8847FFE708E04C
:104020000F98C06B20B1FFE70F98C16B8847FFE77F
:10403000FFE720E00F9800680068C005002811D451
:10404000FFE70F980168086820F0100008600F99DA
:10405000012081F83500FFE70F99002081F8340036
:10406000FFE7FFE70F98C06B20B1FFE70F98C16B28
:104070008847FFE7FFE7FFE7FFE70F98406D00285D
:1040800000F0D480FFE70F98406DC007002800F0D3
:10409000C480FFE70F99042081F835000F9800686D
:1040A0001021C4F20201884200F08180FFE70F98DE
:1040B00000682821C4F20201884278D0FFE70F98F7
:1040C00000684021C4F20201884270D0FFE70F98D7
:1040D00000685821C4F20201884268D0FFE70F98B7
:1040E00000687021C4F20201884260D0FFE70F9897
:1040F00000688821C4F20201884258D0FFE70F9877
:104100000068A021C4F20201884250D0FFE70F9856
:104110000068B821C4F20201884248D0FFE70F9836
:10412000006840F21041C4F2020188423FD0FFE72C
:104130000F98006840F22841C4F20201884236D04C
:10414000FFE70F98006840F24041C4F20201884244
:104150002DD0FFE70F98006840F25841C4F20201E9
:10416000884224D0FFE70F98006840F27041C4F203
:10417000020188421BD0FFE70F98006840F2884197
:10418000C4F20201884212D0FFE70F98006840F2A3
:10419000A041C4F20201884209D0FFE70F980068ED
:1041A00040F2B841C4F20201884207D1FFE70F98FC
:1041B0000168086820F00100086006E00F980168B7
:1041C000086820F001000860FFE7FFE70B98013066
:1041D0000B900A99884201D9FFE707E0FFE70F98A3
:1041E00000680068C0070028F0D1FFE70F9800685A
:1041F0000068C00728B1FFE70F99032081F8350058
:1042000004E00F99012081F83500FFE7FFE70F99DF
:10421000002081F83400FFE7FFE70F98C06C20B161
:10422000FFE70F98C16C8847FFE7FFE7FAE20F98B6
:104230000168012045F20842C5F602029142019050
:104240004ED0FFE70F980168012045F21C42C5F6E9
:1042500002029142019043D0FFE70F9801680120CC
:1042600045F23042C5F602029142019038D0FFE794
:104270000F980168012045F24442C5F602029142BE
:1042800001902DD0FFE70F980168012045F25842B8
:10429000C5F602029142019022D0FFE70F98016813
:1042A000012045F26C42C5F602029142019017D0FE
:1042B000FFE70F980168012045F28042C5F602022F
:1042C000914201900CD0FFE70F9800684AF66C31DC
:1042D000CAF2FD710844B0FA80F040090190FFE78E
:1042E0000198C007002800F09B82FFE70F98006844
:1042F00000680C900D980F99C96D01F01F01C8401E
:104300004007002840F1D780FFE79DF830004007C4
:10431000002840F1D080FFE70F98C06D00F01F012A
:1043200004208840089948609DF831000006002864
:1043300018D5FFE79DF83200C00748B9FFE70F988E
:10434000806C20B1FFE70F98816C8847FFE708E099
:104350000F98006C20B1FFE70F98016C8847FFE7CA
:10436000FFE7A7E09DF830008006002800F1998063
:10437000FFE70F9800681021C4F20201884200F0A4
:104380008180FFE70F9800682821C4F2020188426B
:1043900078D0FFE70F9800684021C4F202018842FC
:1043A00070D0FFE70F9800685821C4F202018842DC
:1043B00068D0FFE70F9800687021C4F202018842BC
:1043C00060D0FFE70F9800688821C4F2020188429C
:1043D00058D0FFE70F980068A021C4F2020188427C
:1043E00050D0FFE70F980068B821C4F2020188425C
:1043F00048D0FFE70F98006840F21041C4F2020174
:1044000088423FD0FFE70F98006840F22841C4F28D
:104410000201884236D0FFE70F98006840F2404121
:10442000C4F2020188422DD0FFE70F98006840F2E5
:104430005841C4F20201884224D0FFE70F98006877
:1044400040F27041C4F2020188421BD0FFE70F988E
:10445000006840F28841C4F20201884212D0FFE7AE
:104460000F98006840F2A041C4F20201884209D0CE
:10447000FFE70F98006840F2B841C4F20201884299
:1044800007D1FFE70F980168086820F0080008606E
:1044900006E00F980168086820F004000860FFE754
:1044A000FFE70F98006C20B1FFE70F98016C884779
:1044B000FFE7FFE7B3E10D980F99C96D01F01F0108
:1044C000C8408007002840F1E180FFE79DF83000F8
:1044D0008007002840F1DA80FFE70F98C06D00F0F8
:1044E0001F0102208840089948609DF831000006AD
:1044F000002818D5FFE79DF83200C00748B9FFE74C
:104500000F98406C20B1FFE70F98416C8847FFE798
:1045100008E00F98C06B20B1FFE70F98C16B884788
:10452000FFE7FFE7B1E09DF830008006002800F1CA
:10453000A380FFE70F9800681021C4F202018842AF
:1045400000F08180FFE70F9800682821C4F2020183
:10455000884278D0FFE70F9800684021C4F202013A
:10456000884270D0FFE70F9800685821C4F202011A
:10457000884268D0FFE70F9800687021C4F20201FA
:10458000884260D0FFE70F9800688821C4F20201DA
:10459000884258D0FFE70F980068A021C4F20201BA
:1045A000884250D0FFE70F980068B821C4F202019A
:1045B000884248D0FFE70F98006840F21041C4F2EB
:1045C000020188423FD0FFE70F98006840F228417F
:1045D000C4F20201884236D0FFE70F98006840F22B
:1045E0004041C4F2020188422DD0FFE70F980068D5
:1045F00040F25841C4F20201884224D0FFE70F98EC
:10460000006840F27041C4F2020188421BD0FFE70B
:104610000F98006840F28841C4F20201884212D02B
:10462000FFE70F98006840F2A041C4F202018842FF
:1046300009D0FFE70F98006840F2B841C4F20201C8
:10464000884207D1FFE70F980168086820F014003E
:10465000086006E00F980168086820F00A0008600A
:10466000FFE70F99012081F83500FFE70F9900203F
:1046700081F83400FFE7FFE70F98C06B20B1FFE738
:104680000F98C16B8847FFE7FFE7C7E00D980F99C8
:10469000C96D01F01F01C8400007002840F1BC802F
:1046A000FFE79DF830000007002840F1B580FFE7E4
:1046B0000F9800681021C4F20201884200F0818046
:1046C000FFE70F9800682821C4F20201884278D0E1
:1046D000FFE70F9800684021C4F20201884270D0C1
:1046E000FFE70F9800685821C4F20201884268D0A1
:1046F000FFE70F9800687021C4F20201884260D081
:10470000FFE70F9800688821C4F20201884258D060
:10471000FFE70F980068A021C4F20201884250D040
:10472000FFE70F980068B821C4F20201884248D020
:10473000FFE70F98006840F21041C4F2020188427E
:104740003FD0FFE70F98006840F22841C4F2020111
:10475000884236D0FFE70F98006840F24041C4F22B
:10476000020188422DD0FFE70F98006840F25841BF
:10477000C4F20201884224D0FFE70F98006840F29B
:104780007041C4F2020188421BD0FFE70F98006815
:1047900040F28841C4F20201884212D0FFE70F982C
:1047A000006840F2A041C4F20201884209D0FFE74C
:1047B0000F98006840F2B841C4F20201884207D164
:1047C000FFE70F980168086820F01C00086006E009
:1047D0000F980168086820F00E000860FFE70F9846
:1047E000C06D00F01F01012000FA01F1089A51602C
:1047F0000F9948650F9981F83500FFE70F99002060
:1048000081F83400FFE70F98C06C20B1FFE70F98E4
:10481000C16C8847FFE700E0FFE7FFE7FFE700E044
:10482000FFE7FFE710B080BD80B58EB00C9002F0BE
:1048300017FD0A900C9828B9FFE701208DF8370082
:1048400000F09FBC0C98016801201022C4F2020203
:104850009142079000F0A380FFE70C9801680120C7
:104860002822C4F202029142079000F09880FFE7EC
:104870000C98016801204022C4F202029142079084
:1048800000F08D80FFE70C98016801205822C4F2E7
:1048900002029142079000F08280FFE70C980168C5
:1048A00001207022C4F202029142079077D0FFE704
:1048B0000C98016801208822C4F2020291420790FC
:1048C0006DD0FFE70C9801680120A022C4F202021B
:1048D0009142079063D0FFE70C9801680120B8224D
:1048E000C4F202029142079059D0FFE70C98016888
:1048F000012040F21042C4F20202914207904ED0D1
:10490000FFE70C980168012040F22842C4F202023D
:104910009142079043D0FFE70C980168012040F2D4
:104920004042C4F202029142079038D0FFE70C984F
:104930000168012040F25842C4F2020291420790FD
:104940002DD0FFE70C980168012040F27042C4F2BC
:1049500002029142079022D0FFE70C9801680120E3
:1049600040F28842C4F202029142079017D0FFE75A
:104970000C980168012040F2A042C4F20202914268
:1049800007900CD0FFE70C9800684FF64831CBF643
:10499000FD710844B0FA80F040090790FFE70798DE
:1049A000C007002800F07881FFE70C98406A08B142
:1049B000FFE7FFE70C99022081F83500FFE70C992B
:1049C000002081F83400FFE70C9800681021C4F241
:1049D0000201884200F08180FFE70C9800682821DE
:1049E000C4F20201884278D0FFE70C9800684021A9
:1049F000C4F20201884270D0FFE70C980068582189
:104A0000C4F20201884268D0FFE70C980068702168
:104A1000C4F20201884260D0FFE70C980068882148
:104A2000C4F20201884258D0FFE70C980068A02128
:104A3000C4F20201884250D0FFE70C980068B82108
:104A4000C4F20201884248D0FFE70C98006840F2A7
:104A50001041C4F2020188423FD0FFE70C98006881
:104A600040F22841C4F20201884236D0FFE70C9898
:104A7000006840F24041C4F2020188422DD0FFE7B5
:104A80000C98006840F25841C4F20201884224D0D8
:104A9000FFE70C98006840F27041C4F202018842BE
:104AA0001BD0FFE70C98006840F28841C4F2020175
:104AB000884212D0FFE70C98006840F2A041C4F28F
:104AC0000201884209D0FFE70C98006840F2B84123
:104AD000C4F20201884207D1FFE70C980168086818
:104AE00020F00100086006E00C980168086820F0DA
:104AF00001000860FFE7FFE70C9800680068C00746
:104B000098B1FFE702F0ACFB0A99401A06280BD3D4
:104B1000FFE70C99202048650C99032081F83500A7
:104B200001208DF837002CE3E6E70C980068006858
:104B30000B900B9848F23F01CFF6106108400B90A4
:104B40000C998868D1F80CC00B694A6940EA0C00DE
:104B5000184310438A691043CA691043096A014324
:104B60000B9808430B900C98406A042808D1FFE783
:104B70000C99C86A096B01430B9808430B90FFE737
:104B80000C984068292807D3FFE70C98416801205A
:104B90002F29069036D3FFE70C9840683F2807D3AB
:104BA000FFE70C9841680120432906902AD3FFE7CC
:104BB0000C984068472807D3FFE70C98416801200C
:104BC000492906901ED3FFE70C9840684F2807D369
:104BD000FFE70C98416801205329069012D3FFE7A4
:104BE0000C98416800207429059008D3FFE70C98C1
:104BF00041680020782938BF01200590FFE705981B
:104C00000690FFE70698C00728B1FFE70B9840F42D
:104C100080100B90FFE70B980C99096808600C98BE
:104C2000006840690B900B9820F007000B900C98DF
:104C3000416A0B9808430B900C98406A04281AD1DB
:104C4000FFE70C98816A0B9808430B900C98C06A98
:104C500080B1FFE70C98FCF7B7FE50B1FFE70C9965
:104C6000402048650C99012081F835008DF8370007
:104C700087E2FFE7FFE70B980C99096848610C98F9
:104C8000FCF766FC09900C98C06D00F01F013F20F6
:104C900088400999886027E10C980168012045F255
:104CA0000842C5F60202914204904ED0FFE70C98EC
:104CB0000168012045F21C42C5F6020291420490AF
:104CC00043D0FFE70C980168012045F23042C5F659
:104CD00002029142049038D0FFE70C98016801204D
:104CE00045F24442C5F60202914204902DD0FFE7FE
:104CF0000C980168012045F25842C5F60202914223
:104D0000049022D0FFE70C980168012045F26C4224
:104D1000C5F602029142049017D0FFE70C98016893
:104D2000012045F28042C5F60202914204900CD067
:104D3000FFE70C9800684AF66C31CAF2FD7108442E
:104D4000B0FA80F040090490FFE70498C0070028FB
:104D500000F0BE80FFE70C980168012045F2084290
:104D6000C5F60202914203904ED0FFE70C9801680D
:104D7000012045F21C42C5F602029142039043D045
:104D8000FFE70C980168012045F23042C5F60202A7
:104D90009142039038D0FFE70C980168012045F25A
:104DA0004442C5F60202914203902DD0FFE70C98D1
:104DB0000168012045F25842C5F602029142039073
:104DC00022D0FFE70C980168012045F26C42C5F63D
:104DD00002029142039017D0FFE70C98016801206E
:104DE00045F28042C5F60202914203900CD0FFE7E3
:104DF0000C9800684AF66C31CAF2FD710844B0FAAA
:104E000080F040090390FFE70398C00708B1FFE76F
:104E1000FFE70C99022081F83500FFE70C9900208C
:104E200081F83400FFE70C98006800680B900B983D
:104E30006FF310100B900C988068402803D1FFE7A7
:104E40001020029008E00C9880688038B0FA80F05A
:104E5000400980030290FFE702980C99D1F80CE01A
:104E6000D1F810C04B698A6940EADE0040EADC00F4
:104E700040EAD30040EAD200CA6940EAD200096A97
:104E800040EA11110B9808430B900B980C99096894
:104E900008600C9908684AF6F832CAF2FD721044AC
:104EA0004CF6CD42CCF6CC42A0FB02026FF00300E0
:104EB00000EA9200C8650C98FCF74AFB08900C9831
:104EC000C06D00F01F0101208840089948600AE089
:104ED0000C99402048650C99032081F83500012089
:104EE0008DF837004DE1FFE70C9801680120102292
:104EF000C4F202029142019000F00381FFE70C9896
:104F0000016801202822C4F202029142019000F0BF
:104F1000F880FFE70C98016801204022C4F20202E9
:104F20009142019000F0ED80FFE70C9801680120AC
:104F30005822C4F202029142019000F0E280FFE7A1
:104F40000C98016801207022C4F202029142019083
:104F500000F0D780FFE70C98016801208822C4F296
:104F600002029142019000F0CC80FFE70C980168AA
:104F70000120A022C4F202029142019000F0C180FF
:104F8000FFE70C9801680120B822C4F202029142A6
:104F9000019000F0B680FFE70C980168012040F214
:104FA0001042C4F202029142019000F0AA80FFE791
:104FB0000C980168012040F22842C4F2020291429A
:104FC000019000F09E80FFE70C980168012040F2FC
:104FD0004042C4F202029142019000F09280FFE749
:104FE0000C980168012040F25842C4F2020291423A
:104FF000019000F08680FFE70C980168012040F2E4
:105000007042C4F20202914201907AD0FFE70C98FC
:105010000168012040F28842C4F2020291420190EC
:105020006FD0FFE70C980168012040F2A042C4F263
:1050300002029142019064D0FFE70C9801680120C0
:1050400040F2B842C4F202029142019059D0FFE707
:105050000C980168012045F20842C5F6020291420F
:1050600001904ED0FFE70C980168012045F21C42E8
:10507000C5F602029142019043D0FFE70C98016807
:10508000012045F23042C5F602029142019038D02B
:10509000FFE70C980168012045F24442C5F6020280
:1050A000914201902DD0FFE70C980168012045F254
:1050B0005842C5F602029142019022D0FFE70C98B7
:1050C0000168012045F26C42C5F60202914201904E
:1050D00017D0FFE70C980168012045F28042C5F621
:1050E0000202914201900CD0FFE70C9800684AF64A
:1050F0006C31CAF2FD710844B0FA80F040090190A9
:10510000FFE70198C00790B3FFE70C98FCF708FB96
:105110000C988068802804D1FFE70C990020486033
:10512000FFE70C990879096E08600C98416E806E53
:1051300048600C98406888B1FFE70C9840680828E0
:105140000CD8FFE70C98FCF7A7FB0C98C16E002069
:1051500008600C98016F406F486007E00C990020D0
:10516000C8660C9908670C994867FFE7FFE70C9938
:10517000002048650C9A012182F835108DF837001F
:10518000FFE79DF837000EB080BD00000000000072
:1051900080B588B0069005910492039300208DF8A5
:1051A0000B00069820B9FFE701208DF81F006CE383
:1051B000FFE7069890F83400012804D1FFE70220A9
:1051C0008DF81F0061E30699012081F83400FFE7A4
:1051D000FFE7069890F83500012840F04383FFE789
:1051E0000699022081F83500069900204865069846
:1051F00000681021C4F20201884200F08180FFE7BC
:10520000069800682821C4F20201884278D0FFE79E
:10521000069800684021C4F20201884270D0FFE77E
:10522000069800685821C4F20201884268D0FFE75E
:10523000069800687021C4F20201884260D0FFE73E
:10524000069800688821C4F20201884258D0FFE71E
:1052500006980068A021C4F20201884250D0FFE7FE
:1052600006980068B821C4F20201884248D0FFE7DE
:105270000698006840F21041C4F2020188423FD013
:10528000FFE70698006840F22841C4F20201884214
:1052900036D0FFE70698006840F24041C4F20201B0
:1052A00088422DD0FFE70698006840F25841C4F2CA
:1052B0000201884224D0FFE70698006840F270415E
:1052C000C4F2020188421BD0FFE70698006840F252
:1052D0008841C4F20201884212D0FFE706980068B4
:1052E00040F2A041C4F20201884209D0FFE70698CB
:1052F000006840F2B841C4F20201884207D1FFE7DA
:1053000006980168086820F00100086006E0069829
:105310000168086820F001000860FFE70698059919
:10532000049A039BFCF7C8FB069801680120102231
:10533000C4F202029142019000F0A380FFE70698B8
:10534000016801202822C4F202029142019000F07B
:105350009880FFE70698016801204022C4F202020B
:105360009142019000F08D80FFE7069801680120CE
:105370005822C4F202029142019000F08280FFE7BD
:105380000698016801207022C4F202029142019045
:1053900077D0FFE70698016801208822C4F2020254
:1053A000914201906DD0FFE7069801680120A0228C
:1053B000C4F202029142019063D0FFE706980168AF
:1053C0000120B822C4F202029142019059D0FFE7B5
:1053D00006980168012040F21042C4F20202914294
:1053E00001904ED0FFE706980168012040F2284264
:1053F000C4F202029142019043D0FFE7069801688F
:10540000012040F24042C4F202029142019038D0A1
:10541000FFE706980168012040F25842C4F20202F8
:10542000914201902DD0FFE706980168012040F2DB
:105430007042C4F202029142019022D0FFE7069826
:105440000168012040F28842C4F2020291420190B8
:1054500017D0FFE706980168012040F2A042C4F28D
:105460000202914201900CD0FFE7069800684FF6C7
:105470004831CBF6FD710844B0FA80F04009019044
:10548000FFE70198C007A8B1FFE706980068006829
:105490000B2161F344000699096808600698006CC6
:1054A00038B1FFE706980168086840F00800086016
:1054B000FFE714E0069800680068052161F34300E7
:1054C0000699096808600698006C38B1FFE70698ED
:1054D0000168086840F004000860FFE7FFE70698ED
:1054E000016801201022C4F202029142009000F0F3
:1054F0000381FFE70698016801202822C4F2020216
:105500009142009000F0F880FFE7069801680120C2
:105510004022C4F202029142009000F0ED80FFE7C9
:105520000698016801205822C4F2020291420090BC
:1055300000F0E280FFE70698016801207022C4F2C3
:1055400002029142009000F0D780FFE706980168C0
:1055500001208822C4F202029142009000F0CC8027
:10556000FFE7069801680120A022C4F202029142DE
:10557000009000F0C180FFE7069801680120B82282
:10558000C4F202029142009000F0B680FFE7069854
:105590000168012040F21042C4F2020291420090E0
:1055A00000F0AA80FFE706980168012040F2284237
:1055B000C4F202029142009000F09E80FFE706983C
:1055C0000168012040F24042C4F202029142009080
:1055D00000F09280FFE706980168012040F25842EF
:1055E000C4F202029142009000F08680FFE7069824
:1055F0000168012040F27042C4F202029142009020
:105600007AD0FFE706980168012040F28842C4F290
:105610000202914200906FD0FFE7069801680120D6
:1056200040F2A042C4F202029142009064D0FFE72F
:1056300006980168012040F2B842C4F20202914289
:10564000009059D0FFE706980168012045F2084212
:10565000C5F60202914200904ED0FFE7069801681D
:10566000012045F21C42C5F602029142009043D04F
:10567000FFE706980168012045F23042C5F60202B4
:105680009142009038D0FFE706980168012045F26A
:105690004442C5F60202914200902DD0FFE70698E1
:1056A0000168012045F25842C5F60202914200907D
:1056B00022D0FFE706980168012045F26C42C5F64A
:1056C00002029142009017D0FFE70698016801207E
:1056D00045F28042C5F60202914200900CD0FFE7ED
:1056E000069800684AF66C31CAF2FD710844B0FAB7
:1056F00080F040090090FFE70098C007D0B1FFE7B5
:105700000698006E0068C003002807D5FFE70698DA
:10571000016E086840F480700860FFE70698C06E6C
:1057200038B1FFE70698C16E086840F480700860E1
:10573000FFE7FFE7069800681021C4F202018842E3
:1057400000F08180FFE7069800682821C4F202017A
:10575000884278D0FFE7069800684021C4F2020131
:10576000884270D0FFE7069800685821C4F2020111
:10577000884268D0FFE7069800687021C4F20201F1
:10578000884260D0FFE7069800688821C4F20201D1
:10579000884258D0FFE706980068A021C4F20201B1
:1057A000884250D0FFE706980068B821C4F2020191
:1057B000884248D0FFE70698006840F21041C4F2E2
:1057C000020188423FD0FFE70698006840F2284176
:1057D000C4F20201884236D0FFE70698006840F222
:1057E0004041C4F2020188422DD0FFE706980068CC
:1057F00040F25841C4F20201884224D0FFE70698E3
:10580000006840F27041C4F2020188421BD0FFE7F9
:105810000698006840F28841C4F20201884212D022
:10582000FFE70698006840F2A041C4F202018842F6
:1058300009D0FFE70698006840F2B841C4F20201BF
:10584000884207D1FFE706980168086840F0010028
:10585000086006E006980168086840F001000860EA
:10586000FFE70DE006994FF400604865FFE70699F1
:10587000002081F83400FFE701208DF80B00FFE7DE
:105880009DF80B008DF81F00FFE79DF81F0008B082
:1058900080BD00000000000080B584B0039001F0DE
:1058A000DFFC0290039801900198013048B1FFE7B6
:1058B00040F21D00C2F200400178019808440190B6
:1058C000FFE7FFE701F0CCFC0299401A01998842FA
:1058D00001D2FFE7F6E704B080BD00000000000041
:1058E00085B0039002910192039890F898008DF88A
:1058F00003009DF80300012805D0FFE79DF8030091
:1059000002285DD1FFE7029803990968896D084272
:1059100007D1FFE703980168C86D40F00100C86532
:1059200015E0029803990968896D08400299884238
:1059300007D1FFE703980168C86D40F00200C86511
:1059400004E0039801680320C865FFE7FFE79DF8BE
:1059500009008007002809D5FFE7019A039801682C
:10596000D1F8E0001043C1F8E000FFE79DF809001E
:105970004007002809D5FFE7019A03980168D1F88C
:10598000E4001043C1F8E400FFE7FFE702984FF698
:10599000FF71C3F6CF7100EA010203980168486DF8
:1059A00010434865029A4AF61401C4F200010868DF
:1059B00040EA92700860FFE700208DF813000AE0CB
:1059C0000399D1F89C0040F00200C1F89C0001202E
:1059D0008DF81300FFE79DF8130005B07047000035
:1059E00080B586B00490039102920398406808B98C
:1059F000FFE700E0FFE7049890F89800022845D1FF
:105A0000FFE704980068D0F8C00010F07C5F0BD16D
:105A1000FFE70499D1F89C0040F02000C1F89C00F9
:105A200001208DF817003CE004980068D0F8C4000D
:105A3000800200280BD5FFE70499D1F89C0040F4C0
:105A40000070C1F89C0001208DF8170029E004982F
:105A50000068D0F8C400C0F3044001900498039992
:105A6000029A019BFCF790FD0199012000FA01F1D7
:105A7000049A1268C2F8D010019988400499C1F8BC
:105A80009400FFE700208DF817000AE00499D1F890
:105A90009C0040F00800C1F89C0001208DF8170020
:105AA000FFE79DF8170006B080BD00000000000071
:105AB00082B00190009102B0704700000000000029
:105AC00087B005900491059890F898008DF8030030
:105AD0009DF80300012805D0FFE79DF80300022888
:105AE0006AD1FFE70498C068072801D1FFE7FFE704
:105AF0000498006878BBFFE70498C068072801D0C5
:105B0000FFE7FFE70498C06807280CD1FFE7049A75
:105B100010699169D269000440EA0220084340F00C
:105B2000605003900CE004998868CB680A69496961
:105B3000800740EAC36040EA024008430390FFE761
:105B40000598C06E0499496800EB810001900398A4
:105B5000019908602CE00498C068072801D0FFE78D
:105B6000FFE70498C168006940EA41700390049817
:105B7000C068072804D1FFE704988069029006E016
:105B800004988168406940EA81700290FFE70598B7
:105B9000006F0499496800EBC100019003980199D6
:105BA0000860019804300190029801990860FFE7AD
:105BB00000208DF81B000AE00599D1F89C0040F008
:105BC0000200C1F89C0001208DF81B00FFE79DF842
:105BD0001B0007B07047000085B0DDF814C00390CB
:105BE000029101920093039890F89800012812D135
:105BF000FFE702980001019940EA8100009940EA1C
:105C000041000599084303990968C1F88000002004
:105C10008DF813000AE00399D1F89C0040F00400CD
:105C2000C1F89C0001208DF81300FFE79DF81300D8
:105C300005B070470000000081B0009001B07047CF
:105C400082B00190009102B0704700000000000097
:105C50008AB0089007910692059300200190089859
:105C600090F898008DF803009DF80300022840F09A
:105C70005C81FFE70798402851D1FFE7089800684A
:105C8000D0F8A00010F4FE0F0BD1FFE70899D1F86F
:105C90009C0040F02000C1F89C0001208DF82700F6
:105CA0004EE108980068D0F8A400400658B9FFE714
:105CB0000899D1F89C0040F48070C1F89C00012044
:105CC0008DF827003CE108980068D0F8A40000F0A7
:105CD00080710120B0EB116F0DD1FFE708980068CB
:105CE000D0F8A0100120B0EBD17F03D1FFE7012055
:105CF0000190FFE7FFE708980068D0F8A40000F4DF
:105D00007C51019800EB112001900898426C406F83
:105D10000199514300EB81000490FFE770E0079880
:105D2000412851D1FFE708980068D0F8B00010F47E
:105D3000FE0F0BD1FFE70899D1F89C0040F020003E
:105D4000C1F89C0001208DF82700F9E00898006850
:105D5000D0F8B400400658B9FFE70899D1F89C0084
:105D600040F48070C1F89C0001208DF82700E7E026
:105D700008980068D0F8B40000F080710120B0EB02
:105D8000116F0DD1FFE708980068D0F8B01001201E
:105D9000B0EBD17F03D1FFE701200190FFE7FFE7E0
:105DA00008980068D0F8B40000F47C51019800EB2A
:105DB000112001900898C26C806F0199514300EB4B
:105DC00081000490FFE71AE007980899096D88425E
:105DD0000BD3FFE70899D1F89C0040F02000C1F8F0
:105DE0009C0001208DF82700AAE00898426DC06F42
:105DF0000799514300EB81000490FFE7FFE7FFE7BD
:105E00000498006800F08040069948600698406851
:105E100038B9FFE704980068C0F38A400699086023
:105E200006E00498006820F0604006990860FFE7EB
:105E30000498006800F00050069988600498006893
:105E400000F000400699086104980430049004981A
:105E500000880699C86104980068C0F30340069959
:105E6000C8600498006800F480100699486104989E
:105E7000006800F400100699886104980068C0F377
:105E800006600699086204980068C00F0699486287
:105E90000498043004900498039000200290FFE7D7
:105EA00002980699CA6846F25021C0F60101895C41
:105EB00088420AD2FFE70398029A805C05998854C9
:105EC000FFE7029801300290EAE70798402806D1E0
:105ED000FFE7019808990968C1F8A80021E0079830
:105EE000412806D1FFE7019808990968C1F8B80070
:105EF00016E007981F2808D8FFE707990120884077
:105F000008990968C1F8980009E0079800F01F0196
:105F10000120884008990968C1F89C00FFE7FFE765
:105F2000FFE700208DF827000AE00899D1F89C00CF
:105F300040F00800C1F89C0001208DF82700FFE721
:105F40009DF827000AB0704781B0009001B07047FB
:105F500080B594B013904AF61000C4F200000068B7
:105F6000800712904AF61400C4F2000001681298EB
:105F700000EA8170129013980068006D00F4704080
:105F8000119013980068416D119808401190139872
:105F90000068006D00F00F00109013980068416DCC
:105FA00010980840109013980068006D00F0F00001
:105FB0000F9013980068416D0F9808400F90139848
:105FC0000068006D00F071500E9013980068416DEC
:105FD0000E9808400E9013980068006D00F06070F5
:105FE0000D9013980068416D0D9808400D9013981E
:105FF0000068406D039013980068006D01909DF853
:106000000D00C007B8B1FFE79DF80500C00788B1D3
:10601000FFE7FFE7139801684FF4807008654AF6C0
:106020001001C4F2000100200860FFE71398FFF799
:106030008BFFFFE7FFE79DF80D0000F00401002053
:10604000B0EB910F28D0FFE79DF8050000F00401A8
:106050000020B0EB910F1ED0FFE713980068D0F836
:10606000DC000B9013980068D0F8E4100B980840FF
:106070000B90FFE7139801684FF4806008654AF6BB
:106080001001C4F2000100200860FFE713980B998B
:1060900000F0DEFEFFE7FFE71298B8B1FFE7FFE789
:1060A00012984FF6FF71C3F6CF7108401399096833
:1060B00008651298800F4AF61001C4F200010860CA
:1060C000FFE713981299FFF7F3FCFFE71198B8B1B7
:1060D000FFE7FFE711984FF6FF71C3F6CF71084055
:1060E0001399096808651198800F4AF61001C4F2E7
:1060F00000010860FFE71398119900F0B9FEFFE76F
:106100001098B8B1FFE7FFE710984FF6FF71C3F69C
:10611000CF7108401399096808651098800F4AF6F6
:106120001001C4F200010860FFE71398109900F015
:10613000F3FCFFE70F98B8B1FFE7FFE70F984FF6C2
:10614000FF71C3F6CF7108401399096808650F986D
:10615000800F4AF61001C4F200010860FFE71398AF
:106160000F9900F091FDFFE79DF80D0000F0080188
:106170000020B0EBD10F1BD0FFE79DF8050000F029
:1061800008010020B0EBD10F11D0FFE7FFE7139813
:1061900001684FF4006008654AF61001C4F200017E
:1061A00000200860FFE7139800F06AFEFFE7FFE7B2
:1061B0009DF80D0000F002010020B0EB510F28D037
:1061C000FFE79DF8050000F002010020B0EB510F41
:1061D0001ED0FFE713980068D0F8D8000C901398F1
:1061E0000068D0F8E0100C9808400C90FFE7139876
:1061F00001684FF4007008654AF61001C4F200010E
:1062000000200860FFE713980C9900F029FEFFE7D3
:10621000FFE79DF80E0000F008010020B0EBD10F61
:106220001BD0FFE79DF8060000F008010020B0EB4E
:10623000D10F11D0FFE7FFE7139801684FF400205A
:1062400008654AF61001C4F2000100200860FFE76B
:10625000139800F05DFCFFE7FFE79DF80E00C00714
:10626000B8B1FFE79DF80600C00788B1FFE7FFE778
:10627000139801684FF4803008654AF61001C4F2A3
:10628000000100200860FFE7139800F0DDFDFFE744
:10629000FFE79DF80E0000F004010020B0EB910F25
:1062A0001BD0FFE79DF8060000F004010020B0EBD2
:1062B000910F11D0FFE7FFE7139801684FF480209A
:1062C00008654AF61001C4F2000100200860FFE7EB
:1062D000139800F0B5FDFFE7FFE79DF80E0000F012
:1062E00002010020B0EB510F1FD0FFE79DF8060020
:1062F00000F002010020B0EB510F15D0FFE7FFE7DF
:10630000139801684FF4003008654AF61001C4F292
:10631000000100200860FFE71399D1F89C0040F0CD
:106320008000C1F89C00FFE7FFE70D98B8B1FFE7D8
:10633000FFE70D984FF6FF71C3F6CF710840139930
:10634000096808650D98800F4AF61001C4F2000133
:106350000860FFE713980D99FFF772FCFFE70E98AE
:10636000D0B1FFE7FFE70E984FF6FF71C3F6CF718C
:1063700008401399096808650E98800F4AF61001C5
:10638000C4F200010860FFE70E9A1399D1F89C004F
:106390001043C1F89C00FFE7139800684AF200011F
:1063A000C4F20001884240F0B980FFE713984068CA
:1063B00080688007002800F0B080FFE713984068ED
:1063C000006A00F00F000A9013984068416A0A982A
:1063D00008400A9013984068006A00F03000099065
:1063E00013984068416A09980840099013984068DA
:1063F000006A00F4C070089013984068416A0898D9
:106400000840089013984068006A00F4FC40079028
:1064100013984068416A07980840079013984068AD
:10642000006A00F4F020069013984068416A0698CC
:106430000840069013984068406A0290139840689C
:10644000006A00900A9848B1FFE70A9813994968D2
:10645000086213980A9900F0DBFCFFE7099848B13D
:10646000FFE709981399496808621398099900F0A1
:10647000DFFCFFE79DF8080000F040010020B0EBD2
:10648000911F1FD0FFE79DF8000000F040010020A1
:10649000B0EB911F15D0FFE713984068C06B000C5C
:1064A000059013984068C06B00F03F00049013986B
:1064B00041684020086213980599049A00F0B0FCE6
:1064C000FFE7FFE7089848B1FFE708981399496884
:1064D00008621398089900F093FCFFE7079860B1F1
:1064E000FFE70798139949680862079A1399D1F84A
:1064F0009C001043C1F89C00FFE7069860B1FFE7DD
:106500000698139949680862069A1399D1F89C0075
:106510001043C1F89C00FFE7FFE7FFE71398D0F8AE
:106520009C0020B1FFE71398FFF786FBFFE714B04C
:1065300080BD00000000000080B598B0169046F2C3
:10654000F411C0F6010101A84C22F9F7F2FF1698E8
:1065500020B9FFE701208DF85F00D9E116980068A7
:106560004AF20001C4F20001884206D1FFE7169901
:10657000086800F580704860FFE716988068B0F5FD
:10658000407F01D1FFE7FFE71698006C08B1FFE7F5
:10659000FFE71698806C08B1FFE7FFE71698006DDB
:1065A00008B1FFE7FFE71698006E08B1FFE7FFE7C5
:1065B0001699C86D096E084408B1FFE7FFE7169801
:1065C00090F8980040B9FFE71699002081F89900EB
:1065D000169800F0A1F9FFE716980168886920F085
:1065E0001000886100F03CFE1590FFE716980068E7
:1065F00080690007002817D5FFE700F031FE1599E4
:10660000401A0B280FD3FFE71699D1F89C0040F0F1
:106610000100C1F89C001699032081F89800012020
:106620008DF85F0074E1E1E716980168886940F031
:106630000100886100F014FE1590FFE716980068CD
:106640008069C007B8B9FFE700F00AFE1599401A43
:106650000B280FD3FFE71699D1F89C0040F00100FA
:10666000C1F89C001699032081F8980001208DF84C
:106670005F004DE1E2E716980168886940F002008A
:1066800088611698007C012807D1FFE716980168F9
:10669000886920F04000886106E0169801688869E2
:1066A00040F040008861FFE71698407C012807D140
:1066B000FFE716980168886940F48040886106E029
:1066C00016980168886920F480408861FFE7169871
:1066D000807C012807D1FFE716980168886920F4BB
:1066E0008050886106E016980168886940F48050FF
:1066F0008861FFE716980068806920F44070169A58
:10670000116892681043886116980168886920F0C2
:10671000A400886116980168086920F010000861DB
:106720001698C068012807D1FFE7169801688869A4
:1067300040F0040088612BE01698C06830B3FFE792
:106740001698C068022819D0FFE716980168886972
:1067500040F08000886116980168086940F01000D8
:1067600008611698C068032807D1FFE716980168EA
:10677000886940F020008861FFE706E0169801680C
:10678000886940F020008861FFE700E0FFE7FFE74D
:10679000169A116853699069D2F81CE0A0F1010CB7
:1067A0006FF0FF0000EB0E2040EA4C60126A013AE5
:1067B00010430022CFF6FF7202EB03421043C86180
:1067C00016988068B0F5407F1CD1FFE7169A1168D3
:1067D000536A906AD2F82CE001386FF0FF0C0CEB92
:1067E0000E2C40EA0C00D2F830C06FF00F0202EB22
:1067F0000C1210430022CFF6FF7202EB034210434B
:10680000C860FFE71698006E48B1FFE71698016868
:10681000426ED1F8C0001043C1F8C000FFE71699DE
:10682000C86D096E084480B1FFE716980068D0F87B
:10683000C80020F00700169A1168936E01AA52F85A
:1068400023201043C1F8C800FFE71698006C80B100
:10685000FFE716980068D0F8BC0020F00700169AF1
:106860001168536C01AA52F823201043C1F8BC00F0
:10687000FFE71698806C88B1FFE716980068D0F89B
:10688000BC0020F07000169A1168D36C01AA52F86F
:10689000232040EA0210C1F8BC00FFE71698006D03
:1068A00088B1FFE716980068D0F8BC0020F4E060DB
:1068B000169A1168536D01AA52F8232040EA02206B
:1068C000C1F8BC00FFE7169800684AF20001C4F264
:1068D0000001884207D1FFE716984168886820F0D8
:1068E00003008860FFE716990020C1F8940016990C
:1068F000C1F89C001699012081F898001698FBF7C2
:10690000DFFC8DF853009DF853008DF85F00FFE722
:106910009DF85F0018B080BD80B594B01390002042
:106920001290119010900F900E90139800684AF2F8
:106930000001C4F20001884245D1FFE740F29040D7
:10694000C2F200400168013101600068012810D1E5
:10695000FFE7FFE744F2EC40C5F60200016841F4AE
:1069600080710160006800F480700D900D98FFE761
:10697000FFE7FFE744F2E040C5F60200016841F09E
:1069800008010160006800F008000C900C98FFE717
:1069900003200E9002200F9000200690109011907E
:1069A0000920129040F60040C5F602000EA900F042
:1069B0006BFA069A13200790062100F03DFD079818
:1069C00000F02EFD9FE0139800684AF20041C4F2E7
:1069D0000001884245D1FFE740F29040C2F20040FA
:1069E0000168013101600068012810D1FFE7FFE76D
:1069F00044F2EC40C5F60200016841F48071016088
:106A0000006800F480700B900B98FFE7FFE7FFE74A
:106A100044F2E040C5F60200016841F00201016065
:106A2000006800F002000A900A98FFE760200E90CC
:106A300002200F90002004901090119009201290D5
:106A400040F20040C5F602000EA900F01DFA049ABB
:106A500014200590052100F0EFFC059800F0E0FC03
:106A600050E0139800684DF20041C4F200018842E2
:106A700047D1FFE740F29040C2F200400168013187
:106A800001600068012810D1FFE7FFE744F2EC4005
:106A9000C5F60200016841F480710160006800F4ED
:106AA000807009900998FFE7FFE7FFE744F2E040B4
:106AB000C5F60200016841F008010160006800F0BD
:106AC000080008900898FFE74FF440500E9002200D
:106AD0000F900020029010901190052001901290CC
:106AE00040F60040C5F602000EA900F0CDF901996C
:106AF000029A9F20039000F09FFC039800F090FC06
:106B0000FFE7FFE7FFE714B080BD000000000000D2
:106B100081B0009001B0704780B588B007900691B1
:106B20009DF81800C007002800F0AC80FFE7079828
:106B300000684AF20001C4F20001884240F08580FA
:106B4000FFE740F2E470C2F200400390402102915E
:106B5000F9F729FD0299039B079840F29862C2F267
:106B600000420492FFF774F804980068A0F2012034
:106B700001460591032866D80599DFE801F002195E
:106B8000324B40F20C00C2F2004040F22011C2F23F
:106B9000004140F2E472C2F200420AF0D5FD40F238
:106BA0008870C2F2004000F10C010BF0D1F94BE00B
:106BB00040F22010C2F2004000F1300140F20C001F
:106BC000C2F2004040F2E472C2F200420AF0BCFDA0
:106BD00040F28870C2F2004000F118010BF0B8F9E1
:106BE00032E040F22010C2F2004000F1600140F2B9
:106BF0000C00C2F2004040F2E472C2F200420AF01D
:106C0000A3FD40F28870C2F2004000F124010BF0B5
:106C10009FF919E040F22010C2F2004000F190010B
:106C200040F20C00C2F2004040F2E472C2F20042B4
:106C30000AF08AFD40F28870C2F2004000F1300193
:106C40000BF086F900E0FFE7FFE7079800684DF2D8
:106C50000041C4F20001884213D1FFE740F664000E
:106C6000C2F20040019040210091F9F79CFC00998C
:106C7000019B079840F2E862C2F20042FEF7E8FF8B
:106C8000FFE7FFE708B080BD80B586B005900491AE
:106C90009DF81000C006002840F18580FFE70598A8
:106CA00000684AF20041C4F2000188427AD1FFE74D
:106CB00040F62400C2F2004001904021F9F773FC35
:106CC000019B059840F2C062C2F20042029241214B
:106CD000FEF7BEFF029800680390012813D0FFE77B
:106CE000039802282DD0FFE70398B0F5887F46D09F
:106CF000FFE70398B0F5907F50D0FFE70398B0F519
:106D0000987F4CD04CE040F2C060C2F20040C368B3
:106D100040F22010C2F2004000F1C00140F2804079
:106D2000C2F2004040F62402C2F200420AF0D4FB54
:106D300040F28870C2F2004000F13C010BF008F90B
:106D40002FE040F2C060C2F20040C36840F2201061
:106D5000C2F2004000F5867140F28040C2F200406D
:106D600040F62402C2F200420AF0B6FB40F28870FC
:106D7000C2F2004000F148010BF0EAF811E040F6E1
:106D80002401C2F2004108684A6840F22011C2F2B0
:106D90000041C1F85C21C1F8580102E001E000E0C7
:106DA000FFE7FFE7FFE706B080BD0000000000003E
:106DB00082B00090009890F89800012811D1FFE768
:106DC0000099022081F8980000980168886920F0F5
:106DD0000100886100990020C1F89C008DF807002F
:106DE0000AE00099D1F89C0040F00400C1F89C0032
:106DF00001208DF80700FFE79DF8070002B07047FB
:106E000082B00190009102B07047000000000000C5
:106E100082B00190009102B07047000000000000B5
:106E200083B002900191009203B07047000000000F
:106E300082B00190009102B0704700000000000095
:106E400081B0009001B0704781B0009001B07047F0
:106E500082B00190009102B0704700000000000075
:106E600082B00190009102B0704700000000000065
:106E700082B00190009102B0704700000000000055
:106E800081B0009001B070478FB00E900D9100203E
:106E90000C908020C5F600000990FFE70D9800686F
:106EA0000C99C840002800F0C181FFE70D980068E8
:106EB0000C9A0121914008400B900B98002800F09B
:106EC000B181FFE70D98406800F00300012807D06A
:106ED000FFE70D98406800F0030002282FD1FFE77C
:106EE0000E9880680A900C984100032000FA01F186
:106EF0000A9888430A900D98C0680C99490000FAD6
:106F000001F10A9808430A900A980E9988600E9831
:106F100040680A900C99012000FA01F10A98884310
:106F20000A900D984068C0F300100C9900FA01F126
:106F30000A9808430A900A980E994860FFE70D984E
:106F4000406800F00300032818D0FFE70E98C068DF
:106F50000A900C984100032000FA01F10A98884336
:106F60000A900D9880680C99490000FA01F10A987E
:106F700008430A900A980E99C860FFE70D98406888
:106F800000F00300022826D1FFE70E980C996FF05D
:106F9000030202EA51010844006A0A900C9800F0CA
:106FA000070081000F2000FA01F10A9888430A9037
:106FB0000D9800690C9901F00701890000FA01F1B0
:106FC0000A9808430A900A980E990C9B02EA530209
:106FD00011440862FFE70E9800680A900C9841007F
:106FE000032000FA01F10A9888430A900D9840683E
:106FF00000F003000C99490000FA01F10A980843D7
:107000000A900A980E9908600D98807980070028E8
:1070100000F00781FFE7FFE744F2F440C5F6020005
:10702000016841F002010160006800F00200089070
:107030000898FFE70C9820F0030040F20841C5F6DD
:10704000000140580A900C9800F0030081000F20C6
:1070500000FA01F10A9888430A900E980021C5F6BB
:107060000201884203D1FFE7002007906CE00E98F0
:1070700040F20041C5F60201884203D1FFE701203A
:1070800006905EE00E9840F60001C5F602018842C7
:1070900003D1FFE70220059050E00E9840F6004132
:1070A000C5F60201884203D1FFE70320049042E0C5
:1070B0000E9841F20001C5F60201884203D1FFE7B4
:1070C0000420039034E00E9841F20041C5F602011D
:1070D000884203D1FFE70520029026E00E9841F692
:1070E0000001C5F60201884203D1FFE706200190A6
:1070F00018E00E9841F60041C5F60201884203D11E
:10710000FFE7072000900AE00E9942F20042C5F620
:1071100002020A20914208BF09200090FFE7009870
:107120000190FFE701980290FFE702980390FFE7C4
:1071300003980490FFE704980590FFE705980690F0
:10714000FFE706980790FFE707980C9901F0030105
:10715000890000FA01F10A9808430A900A980C99EC
:1071600021F0030140F20842C5F6000288504FF0BA
:10717000B04000680A900B990A9888430A900D98CD
:107180008079C006002805D5FFE70B990A980843C7
:107190000A90FFE70A984FF0B04108600420C5F656
:1071A000000000680A900B990A9888430A900D988D
:1071B00080798006002805D5FFE70B990A980843D7
:1071C0000A90FFE70A980421C5F6000108600998B3
:1071D00040680A900B990A9888430A900D98807924
:1071E0008007002805D5FFE70B990A9808430A9005
:1071F000FFE70A9809994860099800680A900B9976
:107200000A9888430A900D988079C00728B1FFE753
:107210000B990A9808430A90FFE70A9809990860B1
:10722000FFE7FFE70C9801300C9037E60FB070478E
:1072300082B00190ADF802108DF801209DF8010098
:1072400028B1FFE7BDF802000199886105E0BDF8AB
:107250000200000401998861FFE702B07047000056
:1072600045F2B430C2F200400068704700000000F0
:1072700040F21D00C2F20040027845F2B431C2F281
:1072800000410868104408607047000000000000DA
:1072900080B582B0032000F0E7F801F0E1FE44F28F
:1072A0001842C5F602021168C1F3032346F24021D9
:1072B000C0F60101CB5C03F01F03D840009000989A
:1072C000126802F00F02895C01F01F01C84040F211
:1072D0001801C2F200410860009840F21401C2F2A5
:1072E000004108600F2000F013F820B1FFE70120F3
:1072F0008DF8070005E000F077F800208DF8070012
:10730000FFE79DF8070002B080BD0000000000000C
:1073100080B590B00E900E980F2810D8FFE70E9908
:107320001C200090002200F087F8009800F078F808
:107330000E9840F22001C2F20041086003E00120F3
:107340008DF83F004CE0FFE744F2E840C5F602004C
:10735000016841F001010160006800F00100019046
:107360000198FFE706A802A901F0E2FD0B9804903E
:10737000049820B9FFE701F04BFE059004E001F00E
:1073800047FE40000590FFE705984DF68361C4F283
:107390001B31A0FB01014FF0FF3000EB9140039047
:1073A00040F6AC60C2F200404FF08041016040F214
:1073B000E731C1600399416000210161816003F000
:1073C0004BFD48B9FFE740F6AC60C2F2004003F065
:1073D0009BFD8DF83F0003E001208DF83F00FFE7A3
:1073E0009DF83F0010B080BD80B582B0FFE744F249
:1073F000F440C5F60200016841F002010160006836
:1074000000F0020001900198FFE76FF001000F21EA
:10741000002200F011F802B080BD00000000000062
:1074200080B582B0ADF80600BDF906000BF0C8F8D3
:1074300002B080BD0000000080B586B0ADF8160037
:10744000049103920BF0D4F80290BDF9160001905C
:1074500002980499039A05F08BFE014601980BF0FF
:10746000CFF806B080BD000080B582B001900198D1
:107470000BF00EF902B080BD80B584B0029044F6E6
:107480000C00C5F60200006800F004010020B0EB1B
:10749000910F13D1FFE744F60C00C5F60200006817
:1074A00000F007000299884204D0FFE701208DF820
:1074B0000F002EE000208DF80F002AE044F60C01AA
:1074C000C5F60201086820F00700029A1043086020
:1074D000FFF7C6FE0190FFE744F60400C5F6020080
:1074E000006800F400510020B0EB513F0DD1FFE7E0
:1074F000FFF7B6FE0199401AB0F57A7F04D9FFE78D
:1075000001208DF80F0004E0E6E700208DF80F0061
:10751000FFE79DF80F0004B080BD000000000000F0
:1075200080B501F049FD44F22041C5F60201096829
:10753000C1F3021246F24021C0F60101895C01F05C
:107540001F01C84080BD000088B0079044F2284069
:10755000C5F60200016801F0030106910068C0F35E
:107560000530059044F22C40C5F602000068C0F3D7
:1075700000100490049844F23C41C5F602010968E9
:1075800089B2C908484300EE100AB8EE400A8DEDF2
:10759000020A0598002800F01B81FFE7069800907A
:1075A00048B1FFE70098012869D0FFE7009802285A
:1075B00000F08980ABE044F20040C5F602000068AC
:1075C00000F020010020B0EB511F33D0FFE744F260
:1075D0000040C5F602000068C0F3C10149F2000096
:1075E000C0F2D030C84003909DED030AB8EE400AC7
:1075F0009DED051AB8EE411A80EE010A44F23840BA
:10760000C5F6020000686FF35F2001EE100AB8EEC5
:10761000411A9DED022A9FED743A82EE032A31EE63
:10762000021AB7EE002A31EE021A20EE010A8DEDA1
:10763000010A23E09DED050AB8EE401A9FED6C0AA1
:1076400080EE010A44F23840C5F6020000686FF38C
:107650005F2001EE100AB8EE411A9DED022A9FED5F
:10766000623A82EE032A31EE021AB7EE002A31EEB8
:10767000021A20EE010A8DED010AFFE76BE09DED95
:10768000050AB8EE401A9FED590A80EE010A44F24D
:107690003840C5F6020000686FF35F2001EE100A63
:1076A000B8EE411A9DED022A9FED4F3A82EE032A71
:1076B00031EE021AB7EE002A31EE021A20EE010A6C
:1076C0008DED010A47E09DED050AB8EE401A9FEDE9
:1076D000450A80EE010A44F23840C5F6020000680F
:1076E0006FF35F2001EE100AB8EE411A9DED022AF9
:1076F0009FED3D3A82EE032A31EE021AB7EE002AE0
:1077000031EE021A20EE010A8DED010A23E09DED13
:10771000050AB8EE401A9FED350A80EE010A44F2E0
:107720003840C5F6020000686FF35F2001EE100AD2
:10773000B8EE411A9DED022A9FED2B3A82EE032A04
:1077400031EE021AB7EE002A31EE021A20EE010ADB
:107750008DED010AFFE79DED010A44F23840C5F6C0
:107760000200016889B2490A01EE101AB8EE411A06
:10777000B7EE002A31EE021A80EE010A0799BCEE3C
:10778000C00A81ED000A9DED010A0168C1F30641BE
:1077900001EE101AB8EE411A31EE021A80EE010A1B
:1077A0000799BCEEC00A81ED010A9DED010A00684F
:1077B000C0F3066001EE100AB8EE411A31EE021A6B
:1077C00080EE010A0798BCEEC00A80ED020A07E0CD
:1077D0000799002008600799486007998860FFE7CB
:1077E00008B07047001BB74B000000460024744AE5
:1077F0000024744C0000000088B0079044F2284038
:10780000C5F60200016801F0030106910068C0F3AB
:107810000550059044F22C40C5F602000068C0F304
:1078200000200490049844F24441C5F6020109681E
:1078300089B2C908484300EE100AB8EE400A8DED3F
:10784000020A0598002800F01B81FFE706980090C7
:1078500048B1FFE70098012869D0FFE700980228A7
:1078600000F08980ABE044F20040C5F602000068F9
:1078700000F020010020B0EB511F33D0FFE744F2AD
:107880000040C5F602000068C0F3C10149F20000E3
:10789000C0F2D030C84003909DED030AB8EE400A14
:1078A0009DED051AB8EE411A80EE010A44F24040FF
:1078B000C5F6020000686FF35F2001EE100AB8EE13
:1078C000411A9DED022A9FED743A82EE032A31EEB1
:1078D000021AB7EE002A31EE021A20EE010A8DEDEF
:1078E000010A23E09DED050AB8EE401A9FED6C0AEF
:1078F00080EE010A44F24040C5F6020000686FF3D2
:107900005F2001EE100AB8EE411A9DED022A9FEDAC
:10791000623A82EE032A31EE021AB7EE002A31EE05
:10792000021A20EE010A8DED010AFFE76BE09DEDE2
:10793000050AB8EE401A9FED590A80EE010A44F29A
:107940004040C5F6020000686FF35F2001EE100AA8
:10795000B8EE411A9DED022A9FED4F3A82EE032ABE
:1079600031EE021AB7EE002A31EE021A20EE010AB9
:107970008DED010A47E09DED050AB8EE401A9FED36
:10798000450A80EE010A44F24040C5F60200006854
:107990006FF35F2001EE100AB8EE411A9DED022A46
:1079A0009FED3D3A82EE032A31EE021AB7EE002A2D
:1079B00031EE021A20EE010A8DED010A23E09DED61
:1079C000050AB8EE401A9FED350A80EE010A44F22E
:1079D0004040C5F6020000686FF35F2001EE100A18
:1079E000B8EE411A9DED022A9FED2B3A82EE032A52
:1079F00031EE021AB7EE002A31EE021A20EE010A29
:107A00008DED010AFFE79DED010A44F24040C5F605
:107A10000200016889B2490A01EE101AB8EE411A53
:107A2000B7EE002A31EE021A80EE010A0799BCEE89
:107A3000C00A81ED000A9DED010A0168C1F306410B
:107A400001EE101AB8EE411A31EE021A80EE010A68
:107A50000799BCEEC00A81ED010A9DED010A00689C
:107A6000C0F3066001EE100AB8EE411A31EE021AB8
:107A700080EE010A0798BCEEC00A80ED020A07E01A
:107A80000799002008600799486007998860FFE718
:107A900008B07047001BB74B000000460024744A32
:107AA0000024744C0000000080B59AB018900020AB
:107AB0008DF857008DF856001898C07800070028F8
:107AC00048D5FFE71898406E149078B1FFE71498F6
:107AD000B0F5801F13D0FFE71498B0F5001F16D043
:107AE000FFE71498B0F5401F19D019E044F22C417B
:107AF000C5F60201086840F40030086014E01898E8
:107B00000830022105F0C8FB8DF857000CE01898EA
:107B10002830022105F0A8FC8DF8570004E003E0AE
:107B200001208DF85700FFE79DF8570060B9FFE787
:107B300044F25041C5F60201086820F44010189A3A
:107B4000526E1043086004E09DF857008DF856000F
:107B5000FFE7FFE718984078C007002840D0FFE70C
:107B60001898806D1390042820D81399DFE801F04D
:107B7000030C141C1D0044F22C41C5F602010868D8
:107B800040F40030086015E018980830002105F036
:107B900083FB8DF857000DE018982830002105F080
:107BA00063FC8DF8570005E004E003E001208DF848
:107BB0005700FFE79DF8570060B9FFE744F25041D6
:107BC000C5F60201086820F00700189A926D10436C
:107BD000086004E09DF857008DF85600FFE7FFE7C6
:107BE000189840784007002856D5FFE71898D0F835
:107BF000A4001290C8B1FFE71298B0F5001F1DD085
:107C0000FFE71298B0F5800F20D0FFE71298B0F58B
:107C1000C00F23D0FFE71298B0F5000F1FD0FFE789
:107C20001298B0F5200F1BD01BE044F22C41C5F692
:107C30000201086840F40030086016E01898083027
:107C4000002105F029FB8DF857000EE01898283028
:107C5000002105F009FC8DF8570006E005E004E07E
:107C600003E001208DF85700FFE79DF8570068B941
:107C7000FFE744F25841C5F60201086820F46000AD
:107C8000189AD2F8A4201043086004E09DF8570029
:107C90008DF85600FFE7FFE71898407800070028A6
:107CA00056D5FFE71898D0F8A8001190C8B1FFE7A3
:107CB0001198B0F1807F1DD0FFE71198B0F1007FDF
:107CC00020D0FFE71198B0F1407F23D0FFE7119853
:107CD000B0F1806F1FD0FFE71198B0F1A06F1BD0FB
:107CE0001BE044F22C41C5F60201086840F4003064
:107CF000086016E018980830002105F0CDFA8DF8DC
:107D000057000EE018982830002105F0ADFB8DF8E3
:107D1000570006E005E004E003E001208DF857007D
:107D2000FFE79DF8570068B9FFE744F25841C5F6F0
:107D30000201086820F0E060189AD2F8A8201043E9
:107D4000086004E09DF857008DF85600FFE7FFE754
:107D50001898C078800700283ED5FFE71898C06CB7
:107D60001090F0B1FFE71098102808D0FFE71098A6
:107D700020280DD0FFE71098302811D012E044F2EF
:107D80002C41C5F60201086840F4003008600DE09F
:107D900018980830022105F07FFA8DF8570005E0A9
:107DA00004E003E001208DF85700FFE79DF857003D
:107DB00060B9FFE744F24C41C5F60201086820F0C3
:107DC0003000189AD26C1043086004E09DF8570008
:107DD0008DF85600FFE7FFE718984078C0060028A6
:107DE0004ED5FFE71898C06D0F90A0B1FFE70F9830
:107DF000B0F5805F18D0FFE70F98B0F5005F1BD09B
:107E0000FFE70F98B0F5405F1ED0FFE70F98B0F581
:107E1000804F1AD01AE044F22C41C5F602010868DE
:107E200040F40030086015E018980830002105F093
:107E300033FA8DF857000DE018982830002105F02E
:107E400013FB8DF8570005E004E003E001208DF8F6
:107E50005700FFE79DF8570060B9FFE744F2504133
:107E6000C5F60201086820F4E040189AD26D10436C
:107E7000086004E09DF857008DF85600FFE7FFE723
:107E800018984078800600284CD5FFE71898006EB7
:107E90000E90C8B1FFE70E98B0F5803F15D0FFE710
:107EA0000E98B0F5003F18D0FFE70E98B0F5403FB0
:107EB0001BD0FFE70E98B0F5802F17D0FFE70E9884
:107EC000B0F5A02F13D013E016E018980830012168
:107ED00005F0E2F98DF857000EE0189828300121DE
:107EE00005F0C2FA8DF8570006E005E004E003E073
:107EF00001208DF85700FFE79DF8570060B9FFE7B4
:107F000044F25041C5F60201086820F4E020189AB6
:107F1000126E1043086004E09DF857008DF856007B
:107F2000FFE7FFE718984078400600284ED5FFE7A6
:107F30001898D0F8AC000D90C8B1FFE70D98B0F1DB
:107F4000805F15D0FFE70D98B0F1005F18D0FFE714
:107F50000D98B0F1405F1BD0FFE70D98B0F1804F56
:107F600017D0FFE70D98B0F1A04F13D013E016E043
:107F700018980830012105F08FF98DF857000EE0B0
:107F800018982830012105F06FFA8DF8570006E0A7
:107F900005E004E003E001208DF85700FFE79DF8BD
:107FA000570068B9FFE744F25841C5F60201086876
:107FB00020F0E040189AD2F8AC201043086004E0AA
:107FC0009DF857008DF85600FFE7FFE718984078B6
:107FD000000600283BD5FFE71898C06E0C90D8B17A
:107FE000FFE70C98B0F1805F05D0FFE70C98B0F187
:107FF000005F09D011E044F22C41C5F60201086887
:1080000040F4003008600CE018980830012105F0B9
:1080100043F98DF8570004E003E001208DF8570084
:10802000FFE79DF8570060B9FFE744F25041C5F6FD
:108030000201086820F04050189AD26E1043086080
:1080400004E09DF857008DF85600FFE7FFE7189809
:10805000C078C007002837D0FFE71898806C0B90D5
:10806000032817D80B99DFE801F014020B1344F230
:108070002C41C5F60201086840F4003008600DE0AC
:1080800018980830022105F007F98DF8570005E02F
:1080900004E003E001208DF85700FFE79DF857004A
:1080A00060B9FFE744F24C41C5F60201086820F0D0
:1080B0000300189A926C1043086004E09DF8570082
:1080C0008DF85600FFE7FFE71898807840060028F3
:1080D00040F1B480FFE744F60001C5F602010868EC
:1080E00040F480700860FFF7BBF81690FFE744F695
:1080F0000000C5F602000068C00500280CD4FFE7A8
:10810000FFF7AEF81699401A652804D3FFE703205D
:108110008DF8570000E0EAE79DF85700002840F08E
:108120008780FFE744F27040C5F60200006800F463
:1081300040701899D1F8B01001F44071884213D002
:10814000FFE744F27041C5F60201086820F4407070
:108150001790086840F480300860086820F4803088
:10816000086017980860FFE71898D0F8B000B0F5DD
:10817000807F1FD1FFE7FFF773F81690FFE744F207
:108180007040C5F60200006800F002010020B0EB6C
:10819000510F0ED1FFE7FFF763F81699401A41F22D
:1081A0008931884204D3FFE703208DF8570000E0AF
:1081B000E5E7FFE79DF85700A0BBFFE7FFE718984A
:1081C000D0F8B00000F44070B0F5407F13D1FFE765
:1081D00044F21041C5F60201086820F47C50189A58
:1081E000D2F8B0204FF6F043C0F6FF731A4040EAD1
:1081F0001210086008E044F21041C5F60201086858
:1082000020F47C500860FFE71898D0F8B0206FF396
:108210001F3244F27041C5F602010868104308603D
:10822000FFE704E09DF857008DF85600FFE704E0F3
:108230009DF857008DF85600FFE7FFE71898006893
:10824000C007002800F04C80FFE71898806F0A9064
:1082500028282BD80A99DFE801F01529292929298E
:10826000292916292929292929291E29292929299C
:108270002929262929292929292927292929292973
:108280002929280016E018980830012105F004F883
:108290008DF857000EE018982830012105F0E4F819
:1082A0008DF8570006E005E004E003E001208DF8BA
:1082B0005700FFE79DF8570060B9FFE744F25441CB
:1082C000C5F60201086820F03800189A926F104332
:1082D000086004E09DF857008DF85600FFE7FFE7BF
:1082E000189800788007002839D5FFE71898406F64
:1082F0000990052819D80999DFE801F003040C1446
:10830000151616E018980830012104F0C5FF8DF805
:1083100057000EE018982830012105F0A5F88DF8D7
:10832000570006E005E004E003E001208DF8570067
:10833000FFE79DF8570060B9FFE744F25441C5F6E6
:108340000201086820F00700189A526F1043086075
:1083500004E09DF857008DF85600FFE7FFE71898F6
:108360000078400700283BD5FFE71898D0F8900028
:108370000890052819D80899DFE801F003040C14C7
:10838000151616E018980830012104F085FF8DF8C5
:1083900057000EE018982830012105F065F88DF897
:1083A000570006E005E004E003E001208DF85700E7
:1083B000FFE79DF8570068B9FFE744F25841C5F65A
:1083C0000201086820F00700189AD2F890201043A4
:1083D000086004E09DF857008DF85600FFE7FFE7BE
:1083E00018980078800600284ED5FFE71898D0F836
:1083F0008C000790C8B1FFE70798B0F1805F15D0F7
:10840000FFE70798B0F1005F18D0FFE70798B0F1D9
:10841000405F1BD0FFE70798B0F1804F17D0FFE710
:108420000798B0F1A04F13D013E016E01898083069
:10843000002104F031FF8DF857000EE01898283025
:10844000022105F011F88DF8570006E005E004E080
:1084500003E001208DF85700FFE79DF8570068B949
:10846000FFE744F25441C5F60201086820F0E040FD
:10847000189AD2F88C201043086004E09DF8570049
:108480008DF85600FFE7FFE71898007840060028AF
:108490004ED5FFE71898D0F898000690C8B1FFE7CE
:1084A0000698B0F5806F15D0FFE70698B0F5006F1D
:1084B00018D0FFE70698B0F5406F1BD0FFE706988D
:1084C000B0F5805F17D0FFE70698B0F5A05F13D036
:1084D00013E016E018980830002104F0DDFE8DF856
:1084E00057000EE018982830022104F0BDFF8DF8E7
:1084F000570006E005E004E003E001208DF8570096
:10850000FFE79DF8570068B9FFE744F25841C5F608
:108510000201086820F4E050189AD2F8982010431D
:10852000086004E09DF857008DF85600FFE7FFE76C
:1085300018980078000600284ED5FFE71898D0F864
:108540009C000590C8B1FFE70598B0F5005F15D015
:10855000FFE70598B0F5804F18D0FFE70598B0F514
:10856000C04F1BD0FFE70598B0F5004F17D0FFE7CD
:108570000598B0F5204F13D013E016E01898083096
:10858000002104F089FE8DF857000EE0189828307D
:10859000022104F069FF8DF8570006E005E004E0D1
:1085A00003E001208DF85700FFE79DF8570068B9F8
:1085B000FFE744F25841C5F60201086820F4604024
:1085C000189AD2F89C201043086004E09DF85700E8
:1085D0008DF85600FFE7FFE718980078000700289D
:1085E00020D5FFE71898D0F88000B0F5805F0CD157
:1085F000FFE718982830022104F036FF20B1FFE78A
:1086000001208DF85600FFE7FFE744F25441C5F61C
:108610000201086820F44050189AD2F880201043D4
:108620000860FFE718980078C006002820D5FFE70B
:108630001898D0F89400B0F5807F0CD1FFE7189817
:108640002830022104F010FF20B1FFE701208DF84F
:108650005600FFE7FFE744F25841C5F602010868FB
:1086600020F44070189AD2F8942010430860FFE775
:1086700018988078000700283CD5FFE71898D0F8B4
:10868000A000049050B1FFE70498B0F5803F0DD0F2
:10869000FFE70498B0F5003F10D010E018980830BC
:1086A000002104F0F9FD8DF857000CE018982830EF
:1086B000022104F0D9FE8DF8570004E003E0012008
:1086C0008DF85700FFE79DF8570068B9FFE744F2BF
:1086D0005841C5F60201086820F44030189AD2F8D3
:1086E000A0201043086004E09DF857008DF8560064
:1086F000FFE7FFE718988078400700283FD5FFE79D
:108700001898D0F884000390B0F5801F0AD0FFE7D6
:108710000398B0F5001F0ED0FFE70398B0F5401F97
:1087200011D011E044F22C41C5F60201086840F472
:10873000003008600CE018982830012104F094FE05
:108740008DF8570004E003E001208DF85700FFE7A3
:108750009DF8570068B9FFE744F25441C5F602019D
:10876000086820F44010189AD2F88420104308605A
:1087700004E09DF857008DF85600FFE7FFE71898D2
:108780008078C007A8B3FFE71898006D029028B161
:10879000FFE70298B0F5803F09D010E044F22C4189
:1087A000C5F60201086840F4003008600BE0189834
:1087B0000830022104F070FD8DF8570003E001201D
:1087C0008DF85700FFE79DF8570060B9FFE744F2C6
:1087D0004C41C5F60201086820F48030189A126DE9
:1087E0001043086004E09DF857008DF85600FFE73D
:1087F000FFE71898C078800600280CD5FFE7189886
:108800002830022104F030FE20B1FFE701208DF86E
:108810005600FFE7FFE718988078800700283AD5D0
:10882000FFE71898C06F0190D0B1FFE70198B0F54D
:10883000807F0AD0FFE70198B0F5007F0ED0FFE7F8
:108840000198B0F5407F0AD00BE044F22C41C5F608
:108850000201086840F40030086006E005E004E02A
:1088600003E001208DF85700FFE79DF8570060B93D
:10887000FFE744F25441C5F60201086820F4407055
:10888000189AD26F1043086004E09DF857008DF8E5
:108890005600FFE7FFE718988078C00600280CD53F
:1088A000FFE744F25041C5F60201086820F000409D
:1088B000189A126F10430860FFE7189880788006B6
:1088C00000280CD5FFE744F25041C5F602010868C4
:1088D00020F08070189A926E10430860FFE7189895
:1088E000C0784006002811D5FFE7FFE744F21041A9
:1088F000C5F60201086820F4004008601898D0F816
:10890000B420086810430860FFE7FFE71898C078B4
:10891000000600280CD5FFE744F24C41C5F60201E1
:10892000086820F04050189A526D10430860FFE725
:1089300018988078000600280DD5FFE744F25441CE
:10894000C5F60201086820F44000189AD2F8882081
:1089500010430860FFE718980079C00790B1FFE75F
:1089600018980830002104F097FC8DF857009DF806
:10897000570008B9FFE704E09DF857008DF856004E
:10898000FFE7FFE7189800798007002812D5FFE776
:1089900018980830012104F07FFC8DF857009DF8ED
:1089A000570008B9FFE704E09DF857008DF856001E
:1089B000FFE7FFE7189800794007002812D5FFE786
:1089C00018980830022104F067FC8DF857009DF8D4
:1089D000570008B9FFE704E09DF857008DF85600EE
:1089E000FFE7FFE7189800790007002812D5FFE796
:1089F00018982830002104F037FD8DF857009DF8B5
:108A0000570008B9FFE704E09DF857008DF85600BD
:108A1000FFE7FFE718980079C006002812D5FFE7A6
:108A200018982830012104F01FFD8DF857009DF89B
:108A3000570008B9FFE704E09DF857008DF856008D
:108A4000FFE7FFE7189800798006002812D5FFE7B6
:108A500018982830022104F007FD8DF857009DF882
:108A6000570008B9FFE704E09DF857008DF856005D
:108A7000FFE7FFE79DF8560020B9FFE700208DF8DB
:108A8000670003E001208DF86700FFE79DF86700AD
:108A90001AB080BD0000000080B586B0049003913C
:108AA000049820B9FFE701208DF817003CE20398F5
:108AB00042F20001C5F20021096801F00F0188426D
:108AC00016D9FFE742F20000C5F20020016821F04C
:108AD0000F01039A11430160006800F00F00039931
:108AE000884204D0FFE701208DF817001CE2FFE761
:108AF000049800784007002819D5FFE7049800691A
:108B000044F21841C5F60201096801F0700188427B
:108B10000CD9FFE744F21841C5F60201086820F0BD
:108B20007000049A126910430860FFE7FFE7049899
:108B300000780007002819D5FFE70498406944F23F
:108B40001C41C5F60201096801F0700188420CD988
:108B5000FFE744F21C41C5F60201086820F07000EE
:108B6000049A526910430860FFE7FFE70498007811
:108B7000C006002819D5FFE70498806944F21C411B
:108B8000C5F60201096801F4E06188420CD9FFE7EB
:108B900044F21C41C5F60201086820F4E060049A22
:108BA000926910430860FFE7FFE7049800788006A9
:108BB000002819D5FFE70498C06944F22041C5F6A2
:108BC0000201096801F0700188420CD9FFE744F204
:108BD0002041C5F60201086820F07000049AD269AD
:108BE00010430860FFE7FFE704980078800700283B
:108BF00019D5FFE70498C06844F21841C5F6020190
:108C0000096801F00F0188420CD9FFE744F21841CE
:108C1000C5F60201086820F00F00049AD2681043DC
:108C20000860FFE7FFE704980078C007002800F01D
:108C30008C80FFE744F21841C5F60201086820F471
:108C40007060049A92681043086004984068022893
:108C500011D1FFE744F20040C5F60200006800F4BD
:108C600000310020B0EB514F04D1FFE701208DF817
:108C7000170059E13EE004984068032811D1FFE74E
:108C800044F20040C5F60200006800F000710020C8
:108C9000B0EB516F04D1FFE701208DF8170043E1DD
:108CA00027E004984068012811D1FFE744F2004012
:108CB000C5F60200006800F480710020B0EB112FAF
:108CC00004D1FFE701208DF817002DE110E044F2F8
:108CD0000040C5F60200006800F004010020B0EB7F
:108CE000910F04D1FFE701208DF817001CE1FFE789
:108CF000FFE7FFE744F21041C5F60201086820F0E3
:108D00000700049A526810430860FEF7A9FA019020
:108D1000FFE744F21040C5F60200006800F038009A
:108D200004994968B0EBC10F0ED0FFE7FEF798FA3F
:108D30000199401A41F28931884204D3FFE70320A8
:108D40008DF81700F0E0E4E7FFE70498007880076B
:108D5000002819D5FFE70498C06844F21841C5F609
:108D60000201096801F00F0188420CD2FFE744F2CA
:108D70001841C5F60201086820F00F00049AD26875
:108D800010430860FFE7FFE7039842F20001C5F2D5
:108D90000021096801F00F01884216D2FFE742F274
:108DA0000000C5F20020016821F00F01039A114371
:108DB0000160006800F00F000399884204D0FFE7CB
:108DC00001208DF81700AFE0FFE704980078400716
:108DD000002819D5FFE70498006944F21841C5F648
:108DE0000201096801F0700188420CD2FFE744F2E9
:108DF0001841C5F60201086820F07000049A126953
:108E000010430860FFE7FFE7049800780007002898
:108E100019D5FFE70498406944F21C41C5F60201E8
:108E2000096801F0700188420CD2FFE744F21C414E
:108E3000C5F60201086820F07000049A52691043D8
:108E40000860FFE7FFE704980078C006002819D5FE
:108E5000FFE70498806944F21C41C5F602010968E5
:108E600001F4E06188420CD2FFE744F21C41C5F6F0
:108E70000201086820F4E060049A926910430860D7
:108E8000FFE7FFE7049800788006002819D5FFE780
:108E90000498C06944F22041C5F60201096801F056
:108EA000700188420CD2FFE744F22041C5F602016E
:108EB000086820F07000049AD26910430860FFE748
:108EC000FFE700F0CDF844F21842C5F6020211683F
:108ED000C1F3032346F24021C0F60101CB5C03F04D
:108EE0001F03D84000900098126802F00F02895CBE
:108EF00001F01F01C84040F21801C2F200410860B1
:108F0000009840F21401C2F20041086040F22000D3
:108F1000C2F200400068FEF7FBF98DF80B009DF8E7
:108F20000B008DF81700FFE79DF8170006B080BD15
:108F300082B00190009101993F20086044F21040F6
:108F4000C5F60200006800F007000199486044F28D
:108F50001840C5F60200016801F47061019A916041
:108F6000016801F00F01019AD160006800F0700003
:108F70000199086144F21C40C5F60200016801F045
:108F80007001019A5161006800F4E0600199886104
:108F900044F22040C5F60200006800F0700001991C
:108FA000C86142F20000C5F20020006800F00F0026
:108FB0000099086002B0704780B582B000F050F8A8
:108FC00044F21842C5F602021168C1F3032346F2C7
:108FD0004021C0F60101CB5C03F01F03D840019093
:108FE0000198126802F00F02895C01F01F0120FA5B
:108FF00001F140F21800C2F200400160019940F214
:109000001402C2F200421160006802B080BD00008C
:1090100080B5FFF7D1FF44F21C41C5F60201096893
:10902000C1F3021246F24021C0F60101895C01F051
:109030001F01C84080BD000080B5FFF7BDFF44F2AE
:109040001C41C5F602010968C1F3022246F2402123
:10905000C0F60101895C01F01F01C84080BD00001D
:109060008AB044F21040C5F60200006800F03800F3
:1090700001460191182800F269810199DFE811F099
:1090800019006601660166016601660166016601F6
:109090003A006601660166016601660166016601C5
:1090A00040006601660166016601660166016601AF
:1090B000460044F20040C5F60200006800F02001BE
:1090C0000020B0EB511F0ED0FFE744F20040C5F680
:1090D00002000068C0F3C10149F20000C0F2D030C4
:1090E000C840029005E049F20000C0F2D030029082
:1090F000FFE731E140F60010C0F23D0002902BE1A5
:1091000043F20060C0F26E10029025E144F2284064
:10911000C5F60200016801F0030108910068C0F380
:109120000510079044F22C40C5F60200006800F0DC
:1091300001000690069844F23441C5F60201096820
:1091400089B2C908484300EE100AB8EE400A8DED16
:10915000040A0798002800F0F580FFE708980090BF
:1091600048B1FFE70098012869D0FFE7009802287E
:1091700000F08980ABE044F20040C5F602000068D0
:1091800000F020010020B0EB511F33D0FFE744F284
:109190000040C5F602000068C0F3C10149F20000BA
:1091A000C0F2D030C84005909DED050AB8EE400AE7
:1091B0009DED071AB8EE411A80EE010A44F23040E4
:1091C000C5F6020000686FF35F2001EE100AB8EEEA
:1091D000411A9DED042A9FED633A82EE032A31EE97
:1091E000021AB7EE002A31EE021A20EE010A8DEDC6
:1091F000030A23E09DED070AB8EE401A9FED5B0AD3
:1092000080EE010A44F23040C5F6020000686FF3B8
:109210005F2001EE100AB8EE411A9DED042A9FED81
:10922000513A82EE032A31EE021AB7EE002A31EEED
:10923000021A20EE010A8DED030AFFE76BE09DEDB7
:10924000070AB8EE401A9FED480A80EE010A44F280
:109250003040C5F6020000686FF35F2001EE100A8F
:10926000B8EE411A9DED042A9FED3E3A82EE032AA4
:1092700031EE021AB7EE002A31EE021A20EE010A90
:109280008DED030A47E09DED070AB8EE401A9FED09
:10929000340A80EE010A44F23040C5F6020000684C
:1092A0006FF35F2001EE100AB8EE411A9DED042A1B
:1092B0009FED2C3A82EE032A31EE021AB7EE002A15
:1092C00031EE021A20EE010A8DED030A23E09DED36
:1092D000070AB8EE401A9FED240A80EE010A44F214
:1092E0003040C5F6020000686FF35F2001EE100AFF
:1092F000B8EE411A9DED042A9FED1A3A82EE032A38
:1093000031EE021AB7EE002A31EE021A20EE010AFF
:109310008DED030AFFE744F23040C5F60200006815
:1093200081B2012000EB512009909DED030A9DEDD3
:10933000091AB8EE411A80EE010ABCEEC00A8DEDA2
:10934000020A02E000200290FFE705E040F600106C
:10935000C0F23D000290FFE702980AB0704700BFDC
:10936000001BB74B000000460024744A0024744CD4
:1093700080B58CB00A900A9828B9FFE701208DF8D3
:109380002F0000F001BD0A980078C007002800F007
:10939000B980FFE744F21040C5F60200006800F013
:1093A0003800069044F22840C5F602000068059097
:1093B000069810280AD0FFE7069818281CD1FFE766
:1093C000059800F00300022816D1FFE744F20040A0
:1093D000C5F60200006800F400310020B0EB514FE8
:1093E00009D0FFE70A98406828B9FFE701208DF807
:1093F0002F0000F0C9BC84E0FFE70A984068B0F590
:10940000803F09D1FFE744F20041C5F60201086838
:1094100040F48030086032E00A98406868B9FFE79D
:1094200044F20041C5F60201086820F4803008606B
:10943000086820F48020086020E00A984068B0F5B1
:10944000A02F0DD1FFE744F20041C5F602010868E4
:1094500040F480200860086840F4803008600CE028
:1094600044F20041C5F60201086820F4803008602B
:10947000086820F480200860FFE7FFE7FFE7FFE7C8
:109480000A984068F0B1FFE7FDF7EAFE0990FFE7B0
:1094900044F20040C5F60200006800F400310020EC
:1094A000B0EB514F0DD1FFE7FDF7DAFE0999401AF5
:1094B000652805D3FFE703208DF82F0000F064BC7A
:1094C000E6E71DE0FDF7CCFE0990FFE744F200401F
:1094D000C5F60200006800F400310020B0EB514FE7
:1094E0000DD0FFE7FDF7BCFE0999401A652805D3AA
:1094F000FFE703208DF82F0000F046BCE6E7FFE70A
:10950000FFE7FFE70A9800788007002840F1C58050
:10951000FFE744F21040C5F60200006800F0380092
:10952000049044F22840C5F60200006803900498B5
:1095300050B1FFE70498182850D1FFE79DF80C00C0
:10954000800700284AD1FFE744F20040C5F6020038
:10955000006800F004010020B0EB910F09D0FFE794
:109560000A98C06828B9FFE701208DF82F0000F0A5
:109570000BBC44F20041C5F60201086820F0190056
:109580000A9AD26810430860FDF76AFE0990FFE767
:1095900044F20040C5F60200006800F0040100201B
:1095A000B0EB910F0CD1FFE7FDF75AFE0999401A75
:1095B000032804D3FFE703208DF82F00E4E3E7E757
:1095C00044F20441C5F60201086820F0FE400A9A00
:1095D000126940EA02600860FFE75DE00A98C0682F
:1095E000A0B3FFE744F20041C5F60201086820F08D
:1095F00019000A9AD26810430860FDF731FE0990FD
:10960000FFE744F20040C5F60200006800F00401E4
:109610000020B0EB910F0CD1FFE7FDF721FE099977
:10962000401A032804D3FFE703208DF82F00ABE393
:10963000E7E744F20441C5F60201086820F0FE4065
:109640000A9A126940EA0260086024E044F200418C
:10965000C5F60201086820F001000860FDF700FE71
:109660000990FFE744F20040C5F60200006800F0F0
:1096700004010020B0EB910F0CD0FFE7FDF7F0FDE7
:109680000999401A032804D3FFE703208DF82F001F
:109690007AE3E7E7FFE7FFE7FFE70A980078C0060D
:1096A000002840F1A080FFE744F21040C5F6020018
:1096B000006800F03800029044F22840C5F602002D
:1096C00000680190029808280AD0FFE7029818283D
:1096D0002BD1FFE7019800F00300012825D1FFE717
:1096E00044F20040C5F60200006800F480710020DA
:1096F000B0EB112F09D0FFE70A98C069802804D089
:10970000FFE701208DF82F003EE3FFE744F20C4114
:10971000C5F60201086820F07C500A9A126A40EAF5
:1097200002600860FFE7FFE75CE00A98C06998B351
:10973000FFE744F20041C5F60201086840F08000EE
:109740000860FDF78DFD0990FFE744F20040C5F683
:109750000200006800F480710020B0EB112F0CD1E2
:10976000FFE7FDF77DFD0999401A032804D3FFE7C1
:1097700003208DF82F0007E3E7E7FFE744F20C41F1
:10978000C5F60201086820F07C500A9A126A40EA85
:1097900002600860FFE724E044F20041C5F60201E0
:1097A000086820F080000860FDF75AFD0990FFE787
:1097B00044F20040C5F60200006800F48071002009
:1097C000B0EB112F0CD0FFE7FDF74AFD0999401AC5
:1097D000032804D3FFE703208DF82F00D4E2E7E746
:1097E000FFE7FFE7FFE70A980078000700284FD55A
:1097F000FFE70A98406928B3FFE744F27441C5F6D1
:109800000201086840F001000860FDF729FD099099
:10981000FFE744F27440C5F60200006800F0020160
:109820000020B0EB510F0CD1FFE7FDF719FD0999AE
:10983000401A032804D3FFE703208DF82F00A3E28A
:10984000E7E724E044F27441C5F60201086820F01D
:1098500001000860FDF704FD0990FFE744F2744041
:10986000C5F60200006800F002010020B0EB510FC5
:109870000CD0FFE7FDF7F4FC0999401A032804D344
:10988000FFE703208DF82F007EE2E7E7FFE7FFE721
:109890000A980078800600284FD5FFE70A9880696B
:1098A00028B3FFE744F20041C5F60201086840F41E
:1098B00080500860FDF7D4FC0990FFE744F20040B7
:1098C000C5F60200006800F400510020B0EB513FE3
:1098D0000CD1FFE7FDF7C4FC0999401A032804D313
:1098E000FFE703208DF82F004EE2E7E724E044F283
:1098F0000041C5F60201086820F480500860FDF7B9
:10990000AFFC0990FFE744F20040C5F60200006892
:1099100000F400510020B0EB513F0CD0FFE7FDF701
:109920009FFC0999401A032804D3FFE703208DF810
:109930002F0029E2E7E7FFE7FFE70A9800784007F2
:10994000002840F1A780FFE744F60001C5F60201B8
:10995000086840F480700860FDF782FC0990FFE71A
:1099600044F60000C5F602000068C00500280CD4CB
:10997000FFE7FDF775FC0999401A652804D3FFE756
:1099800003208DF82F00FFE1EAE7FFE70A988068DF
:10999000012809D1FFE744F27041C5F602010868C9
:1099A00040F00100086031E00A98806868B9FFE77C
:1099B00044F27041C5F60201086820F00100086019
:1099C000086820F0040008601FE00A9880680528F5
:1099D0000DD1FFE744F27041C5F60201086840F07E
:1099E00004000860086840F0010008600CE044F2E0
:1099F0007041C5F60201086820F00100086008689F
:109A000020F004000860FFE7FFE7FFE7FFE70A98A0
:109A10008068F8B1FFE7FDF723FC0990FFE744F207
:109A20007040C5F60200006800F002010020B0EBB3
:109A3000510F0ED1FFE7FDF713FC0999401A41F2CF
:109A40008931884204D3FFE703208DF82F009BE182
:109A5000E5E71EE0FDF704FC0990FFE744F27040E3
:109A6000C5F60200006800F002010020B0EB510FC3
:109A70000ED0FFE7FDF7F4FB0999401A41F2893156
:109A8000884204D3FFE703208DF82F007CE1E5E74F
:109A9000FFE7FFE70A98406A002800F07181FFE7BE
:109AA00044F21040C5F60200006800F038001828A3
:109AB00000F0E080FFE70A98406A022840F0B48096
:109AC000FFE744F20041C5F60201086820F080700B
:109AD0000860FDF7C5FB0990FFE744F20040C5F6BA
:109AE0000200006800F000710020B0EB516F0CD054
:109AF000FFE7FDF7B5FB0999401A032804D3FFE7F8
:109B000003208DF82F003FE1E7E7FFE744F228410B
:109B1000C5F60201086840F2F33290430A9B9A6A44
:109B2000DB6A42EA0312104308600A99086BD1F815
:109B300034C08B6BCA6B01386FF35F204FF6006146
:109B4000CFF6FF7101EB4C2189B208440021CFF61A
:109B5000FF7101EB034101F4FE0108444FF07F4126
:109B600001EB026101F0FE41084444F23041C5F6C8
:109B700002010860FFE744F22C41C5F602010091A2
:109B8000086820F00100086044F23442C5F6020281
:109B900010684FF6F87398430A9B9B6C40EAC30029
:109BA0001060086820F00C000A9A126C10430860DC
:109BB000086820F002000A9A526C10430860086896
:109BC00040F480300860086840F40030086008689D
:109BD00040F480200860086840F00100086044F20A
:109BE0000041C5F60201086840F080700860FDF78A
:109BF00037FB0990FFE744F20040C5F60200006819
:109C000000F000710020B0EB516F0CD1FFE7FDF7C1
:109C100027FB0999401A032804D3FFE703208DF896
:109C20002F00B1E0E7E724E044F20041C5F602016D
:109C3000086820F080700860FDF712FB0990FFE7CC
:109C400044F20040C5F60200006800F000710020F8
:109C5000B0EB516F0CD0FFE7FDF702FB0999401AFA
:109C6000032804D3FFE703208DF82F008CE0E7E7FB
:109C7000FFE784E044F22840C5F60200006808903F
:109C800044F23040C5F60200006807900A98406A26
:109C9000012837D0FFE7089800F003000A99896A85
:109CA00088422FD1FFE7089800F47C710A98C06AB7
:109CB000B0EB111F26D1FFE707986FF35F200A99D9
:109CC000096B013988421DD1FFE7BDF81C100A98C5
:109CD000406B0138B0EB512F14D1FFE7079800F427
:109CE000FE010A98806B0138B0EB114F0AD1FFE7F3
:109CF000079800F0FE410A98C06B0138B0EB116F75
:109D000004D0FFE701208DF82F003DE044F23440FD
:109D1000C5F60200006880B2C00808900A98806CFE
:109D20000899884229D0FFE744F22C41C5F6020188
:109D3000086820F001000860FDF792FA0990FFE73B
:109D4000FDF78EFA0999401A08B9FFE7F8E744F2DF
:109D50003441C5F6020108684FF6F87290430A9A3A
:109D6000926C40EAC200086044F22C41C5F6020140
:109D7000086840F001000860FFE7FFE7FFE7FFE742
:109D800000208DF82F00FFE79DF82F000CB080BD5C
:109D900081B0009001B0704780B588B007900798F7
:109DA0000068006906900798006840690590069869
:109DB0000599084004900798006880680390002087
:109DC0000290079890F881008DF8070007980068C6
:109DD000303000909DF815000007002810D5FFE7EF
:109DE0009DF81800000700280AD5FFE707980168CA
:109DF000886940F400608861079800F0C1FB91E138
:109E00009DF810004006002815D4FFE79DF81000CB
:109E1000800600280FD4FFE79DF8100040070028B7
:109E200009D5FFE70798416F88470798016F884772
:109E300001200290FFE79DF810004006002811D491
:109E4000FFE79DF81000C00760B1FFE79DF8100024
:109E50004007002806D4FFE70798016F88470120D4
:109E60000290FFE79DF810008006002812D4FFE75B
:109E70009DF81000800700280CD5FFE79DF8100022
:109E80004007002806D4FFE70798416F8847012064
:109E90000290FFE7029808B1FFE743E19DF8100048
:109EA0000007002840F18980FFE70798016888696A
:109EB00040F00800886107980168886940F0100048
:109EC000886107980168886940F400608861079894
:109ED0000168086920F00800086107980068806838
:109EE00010F4404F3AD1FFE7FFE70798B0F86A0057
:109EF00098B3FFE70798C06810280BD3FFE70798CF
:109F00000068006B0799496E08600799486E043035
:109F100048661BE00798C06808280AD3FFE7009846
:109F200000880799496E08800799486E0230486694
:109F30000BE00798006890F830000799496E0870A8
:109F40000799486E01304866FFE7FFE70799B1F8C7
:109F50006A000138A1F86A00C7E7FFE7079803F035
:109F600037FC0799012081F881000798D0F8840018
:109F700020B1FFE70798FFF70BFFD3E09DF807003C
:109F8000052804D1FFE7079800F086FE14E09DF84D
:109F90000700042804D1FFE7079800F0EDFA0AE073
:109FA0009DF80700032804D1FFE7079800F070FE32
:109FB00000E0FFE7FFE7FFE7B4E0BDF8100010F4B2
:109FC000587F00F0AF80FFE79DF8100040060028A2
:109FD0000ED5FFE70799D1F8840040F00400C1F8DE
:109FE000840007980168886940F040008861FFE7B5
:109FF0009DF81100800700280ED5FFE70799D1F8DA
:10A00000840040F00100C1F8840007980168886965
:10A0100040F400708861FFE79DF81100C00770B13F
:10A02000FFE70799D1F8840040F00800C1F88400E8
:10A0300007980168886940F480708861FFE79DF89F
:10A040001000800600280ED5FFE70799D1F884009C
:10A0500040F08000C1F8840007980168886940F0EA
:10A0600020008861FFE70798D0F88400002858D0C6
:10A07000FFE707980168086820F00100086007986A
:10A080000168086940F26B3290430861039800F45C
:10A090004040B0F5404F3BD1FFE707980168886822
:10A0A00020F4404088600798C06FB0B1FFE7079880
:10A0B000C16F4DF6E900C0F6000008650798C06F53
:10A0C000F8F77AFF40B1FFE70799D1F8840040F034
:10A0D0004000C1F88400FFE7FFE70798806FB0B148
:10A0E000FFE70798816F4DF6E900C0F600000865AC
:10A0F0000798806FF8F760FF40B1FFE70799D1F844
:10A10000840040F04000C1F88400FFE7FFE707E06B
:10A110000799012081F881000798FFF739FEFFE7D2
:10A12000FFE7FFE708B080BD80B586B004900498D3
:10A1300020B9FFE701208DF817003AE10498406A42
:10A1400008B9FFE7FFE704990020886204980068D7
:10A1500043F20001C4F2010188421BD0FFE70498DA
:10A16000006843F60001C4F20001884212D0FFE704
:10A170000498006843F60041C4F20001884209D007
:10A18000FFE70498C068102804D3FFE701208DF88A
:10A1900017000EE1049803F0BFFB029004980068DA
:10A1A00043F20001C4F20101884216D0FFE704988F
:10A1B000006843F60001C4F2000188420DD0FFE7B9
:10A1C0000498006843F60041C4F20001884204D0BC
:10A1D000FFE7029808281FD8FFE70498006843F2B9
:10A1E0000001C4F20101884212D0FFE70498006820
:10A1F00043F60001C4F20001884209D0FFE7049849
:10A20000006843F60041C4F20001884208D1FFE72C
:10A210000298112804D3FFE701208DF81700C8E049
:10A22000049890F8810040B9FFE70499002081F874
:10A230008000049800F0C4F8FFE70499022081F838
:10A24000810004980168086820F001000860049803
:10A250000068806800F4F810039004988069B0F1F9
:10A26000806F1BD1FFE704984068B0F5800F04D1E0
:10A27000FFE70498806B50B1FFE70498406868B925
:10A28000FFE70498806BB0F1805F07D1FFE7049887
:10A290000168086840F480500860FFE704988079FE
:10A2A0004006002810D5FFE70498C06807280BD3A4
:10A2B000FFE704980068006820F48070049A116831
:10A2C000126D1043086006E004980168086820F4E5
:10A2D00080700860FFE7049B1968DA68D869D3F8D2
:10A2E00028C040EA0C00DDF80CC040EA0C00DB6B33
:10A2F000184310438860049A0192506B516A0843D6
:10A30000916B0843916908431168D2F804C09368BF
:10A31000D2F810E040EA0E00D2F814E040EA0E0055
:10A32000D2F820E040EA0E0040EA0C00D2F84CC01F
:10A3300040EA0C001843936C1843926D1043C860B8
:10A340000498406898B9FFE7049800688068012184
:10A3500061F3CC20049909688860049800688068DB
:10A36000022161F34A20049909688860FFE7049894
:10A370000168086D20F001000865049880794006A6
:10A3800000280BD5FFE704980068C06820F0004063
:10A39000049A1168526D1043C860FFE704990020C9
:10A3A000C1F88400049A012182F881108DF8170009
:10A3B000FFE79DF8170006B080BD00000000000018
:10A3C00080B5C0B03F9000203E903D903C903B90C7
:10A3D0003A900CA8B821F6F708F93F98006843F6C0
:10A3E0000001C4F20001884240F0C480FFE7002071
:10A3F0000D904FF480510C9123900CA8FDF754FB65
:10A4000018B1FFE7F7F728FFFFE7FFE744F2E8405E
:10A41000C5F60200016841F480410160006800F463
:10A4200080400B900B98FFE7FFE744F2E040C5F651
:10A430000200016841F004010160006800F00400BE
:10A440000A900A98FFE7FFE744F2E040C5F60200F1
:10A45000016841F002010160006800F0020009900B
:10A460000998FFE706203A90022003903B900020D5
:10A4700007903C90032004903D90052005903E906D
:10A4800040F60000C5F602003AA90691FCF7FCFC74
:10A49000DDF80CC0049A05980699079B4FF4005EFE
:10A4A000CDF8E8E0CDF8ECC03C933D923E9040F210
:10A4B0000040C5F60200FCF7E7FC079940F6B00043
:10A4C000C2F2004008908822C4F2020202602722F1
:10A4D00042608160C1604FF48062026141618161CC
:10A4E000C1614FF4403202624162FAF79DF918B13E
:10A4F000FFE7F7F7B1FEFFE7FFE73F9840F6B0014F
:10A50000C2F20041C1673F988863FFE740F6281018
:10A51000C2F2004002902821C4F202010160282109
:10A520004160402181600021C1604FF4806202617E
:10A5300041618161C1614FF4003202624162FAF708
:10A5400073F918B1FFE7F7F787FEFFE7FFE73F98DA
:10A5500040F62811C2F2004181673F988863FFE707
:10A560002420019005210022FCF766FF0198FCF7EA
:10A5700057FFFFE740B080BD81B0009001B0704749
:10A5800081B0009001B0704780B590B0DDF848C050
:10A590000E900D910C92ADF82E300E980068203080
:10A5A0000A900E980068303009900E98C16B012017
:10A5B00000EB5110ADF81200FCF752FE0890BDF808
:10A5C0002E00ADF81600BDF82E00ADF814000E9860
:10A5D00090F88100012804D0FFE702208DF83F00A9
:10A5E00050E30D9838B1FFE70C9820B1FFE7BDF8B4
:10A5F0002E0020B9FFE701208DF83F0042E3FFE77E
:10A600000E9890F88000012804D1FFE702208DF811
:10A610003F0037E30E99012081F88000FFE7FFE754
:10A620000E99052081F881000E990020C1F8840060
:10A630000C990E9A5166BDF82E100E9AA2F86A1067
:10A64000BDF82E100E9AA2F868100D990E9AD165D9
:10A65000BDF82E100E9AA2F86210BDF82E100E9AB8
:10A66000A2F860100E9908670E9948670E98006866
:10A67000C06820F4C0200E990968C8600E98006870
:10A6800043F20001C4F20101884212D0FFE70E98A4
:10A69000006843F60001C4F20001884209D0FFE7D8
:10A6A0000E98006843F60041C4F20001884203D1CD
:10A6B000FFE71020079002E008200790FFE70E98C0
:10A6C000006840684FF6FF718843BDF82E100844BB
:10A6D0000E99096848600E980168086840F001000A
:10A6E00008600E984068B0F5800F07D1FFE70E981C
:10A6F0000168086840F400700860FFE70E98C068C1
:10A700001028C0F0B580FFE7079880080790FFE7A2
:10A71000BDF816100120039039B9FFE7BDF8140009
:10A72000002818BF01200390FFE70398C007002806
:10A7300000F09D80FFE70E980068406980070028C0
:10A7400022D5FFE7BDF81600F0B1FFE7BDF8140011
:10A75000BDF81610079A1144884215D2FFE70E98EB
:10A760000168C06D006808620E99C86D0430C86544
:10A770000E99B1F862000138A1F862000E98B0F8A5
:10A780006200ADF81600FFE70E9800684069069079
:10A79000BDF81400002869D0FFE70E9800684069F2
:10A7A000C007B0B1FFE70E980068006B0E99496EC4
:10A7B00008600E99486E043048660E99B1F86A0038
:10A7C0000138A1F86A000E98B0F86A00ADF81400DC
:10A7D0004BE0BDF81400BDF8121088421CDAFFE708
:10A7E0009DF819000006002816D5FFE70E980068AE
:10A7F000006B0E99496E08600E99486E04304866E9
:10A800000E99B1F86A000138A1F86A000E98B0F804
:10A810006A00ADF8140027E0FCF722FD0899401A01
:10A820001299884204D3FFE71298013018B9FFE764
:10A830001298C0B9FFE70E9802F0CAFF0E99D1F83E
:10A84000840040F48070C1F884000E99012081F8E2
:10A850008100FFE70E99002081F88000FFE70320C8
:10A860008DF83F000EE2FFE7FFE7FFE750E7DCE18E
:10A870000E98C0680828C0F0DE80FFE707984008FF
:10A880000790FFE7BDF816100120029039B9FFE7E5
:10A89000BDF81400002818BF01200290FFE70298BD
:10A8A000C007002800F0C680FFE70E9800684069E6
:10A8B0008007002822D5FFE7BDF81600F0B1FFE7BA
:10A8C000BDF81400BDF81610079A1144884215D23D
:10A8D000FFE70E98C06D00880A9908800E99C86D30
:10A8E0000230C8650E99B1F862000138A1F8620023
:10A8F0000E98B0F86200ADF81600FFE70E980068F9
:10A9000040690690BDF81400002800F09280FFE72F
:10A910000E9800684069C007A8B1FFE70998008851
:10A920000E99496E08800E99486E023048660E995D
:10A93000B1F86A000138A1F86A000E98B0F86A0010
:10A94000ADF8140074E0BDF81400BDF81210884290
:10A9500024DAFFE79DF81900000600281ED5FFE75E
:10A96000099800880E99496E08800E99486E023049
:10A970004866099800880E99496E08800E99486EBD
:10A98000023048660E99B1F86A000238A1F86A00F0
:10A990000E98B0F86A00ADF8140048E0BDF8140055
:10A9A00001281BD1FFE79DF819008006002815D566
:10A9B000FFE7099800880E99496E08800E99486E45
:10A9C000023048660E99B1F86A000138A1F86A00B1
:10A9D0000E98B0F86A00ADF8140027E0FCF740FCD0
:10A9E0000899401A1299884204D3FFE7129801305F
:10A9F00018B9FFE71298C0B9FFE70E9802F0E8FE19
:10AA00000E99D1F8840040F48070C1F884000E994A
:10AA1000012081F88100FFE70E99002081F8800075
:10AA2000FFE703208DF83F002CE1FFE7FFE7FFE79A
:10AA3000FFE727E7F8E0FFE7BDF8161001200190D7
:10AA400039B9FFE7BDF81400002818BF01200190B4
:10AA5000FFE70198C007002800F0E580FFE70E98A7
:10AA6000006840698007002823D5FFE7BDF816007D
:10AA7000F8B1FFE7BDF81400BDF81610079A1144AD
:10AA8000884216D2FFE70E980168C06D007881F801
:10AA900020000E99C86D0130C8650E99B1F86200AA
:10AAA0000138A1F862000E98B0F86200ADF8160007
:10AAB000FFE70E98006840690690BDF81400002872
:10AAC00000F0B080FFE70E9800684069C007B8B199
:10AAD000FFE70E98006890F830000E99496E0870F4
:10AAE0000E99486E013048660E99B1F86A00013837
:10AAF000A1F86A000E98B0F86A00ADF8140090E072
:10AB0000BDF81400BDF8121088423EDAFFE79DF848
:10AB100019000006002838D5FFE70E98006890F865
:10AB200030000E99496E08700E99486E01304866E3
:10AB30000E98006890F830000E99496E08700E99D2
:10AB4000486E013048660E98006890F830000E9903
:10AB5000496E08700E99486E013048660E9800687C
:10AB600090F830000E99496E08700E99486E0130C9
:10AB700048660E99B1F86A000438A1F86A000E9888
:10AB8000B0F86A00ADF814004AE0BDF814000328DC
:10AB90001DD8FFE79DF8190010F0600F17D0FFE7F0
:10ABA0000E98006890F830000E99496E08700E9962
:10ABB000486E013048660E99B1F86A000138A1F874
:10ABC0006A000E98B0F86A00ADF8140027E0FCF7B0
:10ABD00047FB0899401A1299884204D3FFE712985C
:10ABE000013018B9FFE71298C0B9FFE70E9802F0DC
:10ABF000EFFD0E99D1F8840040F48070C1F8840014
:10AC00000E99012081F88100FFE70E99002081F85C
:10AC10008000FFE703208DF83F0033E0FFE7FFE708
:10AC2000FFE7FFE708E7FFE7FFE70E98129B0899A9
:10AC30006A4611600821002202F086FE40B1FFE75B
:10AC40000E99D1F8840040F02000C1F88400FFE79D
:10AC50000E9802F0BDFD0E99012081F88100FFE7FA
:10AC60000E99002081F88000FFE70E98D0F884004C
:10AC700020B1FFE701208DF83F0003E000208DF8B0
:10AC80003F00FFE79DF83F0010B080BD00000000CE
:10AC900081B0009001B0704781B0009001B0704762
:10ACA00082B00190009140F20441C5F600010868AD
:10ACB000019A9043009A1043086002B07047000068
:10ACC00081B0009001B0704781B0009001B0704732
:10ACD00081B0009001B0704785B003900291FFE70A
:10ACE000039890F83C00012804D1FFE702208DF87A
:10ACF0001300ABE00399012081F83C00FFE7FFE778
:10AD00000399022081F83D00039800684068019093
:10AD10000398006880680090039800680021C4F2DE
:10AD20000101884209D0FFE70398006840F2004122
:10AD3000C4F2010188420AD1FFE7019820F47000B3
:10AD4000019002984168019808430190FFE701983B
:10AD500020F070000190029801680198084301906A
:10AD60000198039909684860039800680021C4F2BB
:10AD7000010188424ED0FFE703980068B0F1804F90
:10AD800048D0FFE70398006840F20041C4F2000198
:10AD900088423FD0FFE70398006840F60001C4F204
:10ADA0000001884236D0FFE70398006840F6004172
:10ADB000C4F2000188422DD0FFE70398006840F2FA
:10ADC0000041C4F20101884224D0FFE703980068E3
:10ADD00041F60001C4F2000188421BD0FFE703984E
:10ADE000006844F20001C4F20101884212D0FFE77A
:10ADF000039800684EF20001C4F20001884209D0B5
:10AE0000FFE7039800684EF20041C4F20001884257
:10AE10000ED1FFE7009820F0800000900298816832
:10AE20000098084300900098039909688860FFE73C
:10AE30000399012081F83D00FFE70399002081F884
:10AE40003C00FFE700208DF81300FFE79DF813009A
:10AE500005B070470000000080B582B000900098F7
:10AE600020B9FFE701208DF8070045E0009890F831
:10AE70003D0040B9FFE70099002081F83C000098B0
:10AE800000F03EF8FFE70099022081F83D000099AC
:10AE900051F8040B02F0DCFE0099012081F8480013
:10AEA000FFE70099012081F83E00009981F83F00FA
:10AEB000009981F84000009981F84100009981F8DB
:10AEC0004200009981F84300FFE7FFE70099012065
:10AED00081F84400009981F84500009981F8460006
:10AEE000009981F84700FFE70099012081F83D00B3
:10AEF00000208DF80700FFE79DF8070002B080BD35
:10AF000081B0009001B0704783B00190019890F833
:10AF10003D00012804D0FFE701208DF80B0083E0FD
:10AF20000199022081F83D0001980168C86840F04D
:10AF30000100C860019800680021C4F20101884244
:10AF40004ED0FFE701980068B0F1804F48D0FFE78E
:10AF50000198006840F20041C4F2000188423FD0ED
:10AF6000FFE70198006840F60001C4F20001884242
:10AF700036D0FFE70198006840F60041C4F20001B6
:10AF800088422DD0FFE70198006840F20041C4F2EA
:10AF90000101884224D0FFE70198006841F60001D2
:10AFA000C4F2000188421BD0FFE70198006844F218
:10AFB0000001C4F20101884212D0FFE70198006845
:10AFC0004EF20001C4F20001884209D0FFE7019867
:10AFD00000684EF20041C4F20001884219D1FFE737
:10AFE0000198006880680721C0F2010108400090C4
:10AFF000009806280CD0FFE70098B0F5803F07D0F6
:10B00000FFE701980168086840F001000860FFE769
:10B0100006E001980168086840F001000860FFE759
:10B0200000208DF80B00FFE79DF80B0003B0704780
:10B0300081B0009001B0704780B584B00390039850
:10B040000068C068029003980068006901909DF84C
:10B0500004008007002824D5FFE79DF8080080073A
:10B0600000281DD5FFE7039801686FF00200086112
:10B07000039901200877039800688069800720B150
:10B08000FFE70398FFF7D4FF06E0039800F058F9B4
:10B09000039800F0BDFAFFE7039900200877FFE767
:10B0A000FFE79DF804004007002825D5FFE79DF83D
:10B0B0000800400700281ED5FFE7039801686FF0DD
:10B0C00004000861039902200877039800688069EA
:10B0D00010F4407F04D0FFE70398FFF7A9FF06E0D4
:10B0E000039800F02DF9039800F092FAFFE7039916
:10B0F00000200877FFE7FFE79DF80400000700281D
:10B1000024D5FFE79DF80800000700281DD5FFE7BC
:10B11000039801686FF0080008610399042008771C
:10B1200003980068C069800720B1FFE70398FFF724
:10B130007FFF06E0039800F003F9039800F068FA37
:10B14000FFE7039900200877FFE7FFE79DF8040079
:10B15000C006002825D5FFE79DF80800C006002896
:10B160001ED5FFE7039801686FF01000086103998E
:10B170000820087703980068C06910F4407F04D065
:10B18000FFE70398FFF754FF06E0039800F0D8F8B4
:10B19000039800F03DFAFFE7039900200877FFE7E6
:10B1A000FFE79DF80400C00778B1FFE79DF80800AD
:10B1B000C00748B1FFE7039801686FF0010008611C
:10B1C000039800F029FAFFE7FFE7019800F08000FC
:10B1D000802806D0FFE79DF805008006002810D5DE
:10B1E000FFE79DF808000006002809D5FFE703984F
:10B1F00001686FF4025008610398FFF765FDFFE7EF
:10B20000FFE79DF80500C00780B1FFE79DF8080043
:10B210000006002809D5FFE7039801686FF48070E5
:10B2200008610398FFF74CFDFFE7FFE79DF8040076
:10B230004006002810D5FFE79DF8080040060028CA
:10B2400009D5FFE7039801686FF040000861039893
:10B2500000F0F2F9FFE7FFE79DF804008006002800
:10B2600010D5FFE79DF808008006002809D5FFE704
:10B27000039801686FF0200008610398FFF728FD2C
:10B28000FFE7FFE704B080BD80B588B007900020DD
:10B29000069005900490039002900798006840F291
:10B2A0000041C4F2000188421ED1FFE7FFE744F2EB
:10B2B000E040C5F60200016841F00201016000684B
:10B2C00000F0020001900198FFE702200290039035
:10B2D000002104910591069040F20040C5F602005D
:10B2E00002A9FBF7D1FD29E00798006841F60001AB
:10B2F000C4F20001884220D1FFE7FFE744F2E040BA
:10B30000C5F60200016841F002010160006800F02A
:10B31000020000900098FFE74FF4004002900220E6
:10B320000390002104910591069040F20040C5F67B
:10B33000020002A9FBF7A8FDFFE7FFE708B080BD08
:10B3400081B0009001B0704780B586B00490039141
:10B35000029200208DF80700FFE7049890F83C0067
:10B36000012804D1FFE702208DF81700C0E00499FE
:10B37000012081F83C00FFE7FFE7029800901428C5
:10B3800000F2A7800099DFE801F00BA4A4A424A494
:10B39000A4A43EA4A4A457A4A4A471A4A4A48A0011
:10B3A00004980068039902F037FD049801688869E1
:10B3B00040F00800886104980168886920F0040062
:10B3C000886103980269049801688869104388615C
:10B3D00083E004980068039902F0C6FD04980168B0
:10B3E000886940F40060886104980168886920F4E5
:10B3F000806088610398026904980168886940EA5E
:10B400000220886169E004980068039902F064FEF4
:10B4100004980168C86940F00800C8610498016890
:10B42000C86920F00400C8610398026904980168A3
:10B43000C8691043C86150E004980068039902F09D
:10B4400003FF04980168C86940F40060C86104986B
:10B450000168C86920F48060C86103980269049893
:10B460000168C86940EA0220C86136E004980068B3
:10B47000039902F059FF04980168486D40F00800F4
:10B48000486504980168486D20F0040048650398F9
:10B49000026904980168486D104348651DE00498EE
:10B4A0000068039902F0A8FF04980168486D40F411
:10B4B0000060486504980168486D20F48060486524
:10B4C0000398026904980168486D40EA02204865C3
:10B4D00003E001208DF80700FFE7FFE70499002053
:10B4E00081F83C00FFE79DF807008DF81700FFE7A3
:10B4F0009DF8170006B080BD80B582B0009000981E
:10B5000020B9FFE701208DF8070045E0009890F88A
:10B510003D0040B9FFE70099002081F83C00009809
:10B5200000F03EF8FFE70099022081F83D00009905
:10B5300051F8040B02F08CFB0099012081F84800BF
:10B54000FFE70099012081F83E00009981F83F0053
:10B55000009981F84000009981F84100009981F834
:10B560004200009981F84300FFE7FFE700990120BE
:10B5700081F84400009981F84500009981F846005F
:10B58000009981F84700FFE70099012081F83D000C
:10B5900000208DF80700FFE79DF8070002B080BD8E
:10B5A00083B002900298006840F20041C4F20001AA
:10B5B000884210D1FFE7FFE744F2E840C5F60200F9
:10B5C000016841F002010160006800F00200019092
:10B5D0000198FFE719E00298006841F60001C4F203
:10B5E0000001884210D1FFE7FFE744F2E840C5F6CA
:10B5F0000200016841F040010160006800F0400075
:10B6000000900098FFE7FFE7FFE703B070470000F6
:10B6100081B0009001B0704780B582B00190019870
:10B620000068B0F1804F03D1FFE7FBF721FEFFE791
:10B6300002B080BD0000000081B0009001B07047F2
:10B6400083B00190FFE7019890F88400012804D1AD
:10B65000FFE702208DF80B002CE00199012081F812
:10B660008400FFE7FFE701992420C1F888000198D2
:10B6700000680068009001980168086820F00100E7
:10B680000860009820F00050009001990020486662
:10B69000009801990968086001992020C1F8880084
:10B6A000FFE70199002081F88400FFE700208DF872
:10B6B0000B00FFE79DF80B0003B07047000000008F
:10B6C00080B586B004900391ADF80A200498D0F8B4
:10B6D0008C00202844D1FFE7039820B1FFE7BDF894
:10B6E0000A0020B9FFE701208DF817003CE004991B
:10B6F0000120C86604990020086704980399BDF8E2
:10B700000A2004F0B9FB8DF809009DF8090010BB70
:10B71000FFE70498C06E012818D1FFE7049801687C
:10B7200010200862FFE7FFE70498006850E8000F68
:10B7300040F010000190FFE701990498026842E888
:10B7400000100028F0D1FFE7FFE703E001208DF8AB
:10B750000900FFE7FFE79DF809008DF8170003E0F7
:10B7600002208DF81700FFE79DF8170006B080BD96
:10B7700080B586B004900391ADF80A2000208DF8C2
:10B7800009000498D0F88C0020283DD1FFE70398E9
:10B7900020B1FFE7BDF80A0020B9FFE701208DF8CE
:10B7A000170035E004990120C86604990020086755
:10B7B00004980399BDF80A2004F0F6FB0498C06EC3
:10B7C000012818D1FFE70498016810200862FFE7FC
:10B7D000FFE70498006850E8000F40F01000019067
:10B7E000FFE701990498026842E800100028F0D1B0
:10B7F000FFE7FFE703E001208DF80900FFE79DF870
:10B8000009008DF8170003E002208DF81700FFE70C
:10B810009DF8170006B080BD80B584B00390ADF8E8
:10B820000A10039841F26C01C2F20041884212D121
:10B83000FFE741F23870C2F20040019006F010F8C4
:10B8400040F28871C2F20041084606F081FB01987F
:10B8500006F05EFAFFE7039840F64471C2F2004139
:10B8600088420DD1FFE7BDF80A1040F2E440C2F271
:10B870000040009005F060FC009805F06DFCFFE7CB
:10B8800004B080BD0000000081B0009001B070479E
:10B8900080B584B002900191FFE7029890F884008F
:10B8A000012804D1FFE702208DF80F0032E0029951
:10B8B000012081F88400FFE7FFE702992420C1F806
:10B8C0008800029800680068009002980168086883
:10B8D00020F00100086002980068806820F0606035
:10B8E00001990843029909688860029802F0F8FDFE
:10B8F000009802990968086002992020C1F8880020
:10B90000FFE70299002081F88400FFE700208DF80E
:10B910000F00FFE79DF80F0004B080BD000000009D
:10B9200080B584B002900191FFE7029890F88400FE
:10B93000012804D1FFE702208DF80F0032E00299C0
:10B94000012081F88400FFE7FFE702992420C1F875
:10B9500088000298006800680090029801680868F2
:10B9600020F00100086002980068806820F06040C4
:10B9700001990843029909688860029802F0B0FDB5
:10B98000009802990968086002992020C1F888008F
:10B99000FFE70299002081F88400FFE700208DF87E
:10B9A0000F00FFE79DF80F0004B080BD000000000D
:10B9B00081B0009001B0704781B0009001B0704735
:10B9C00080B582B00190019841F26C01C2F2004151
:10B9D000884207D1FFE741F23870C2F2004006F01A
:10B9E00097F9FFE7019840F64471C2F2004188429E
:10B9F00007D1FFE740F2E440C2F2004005F0ACFBA3
:10BA0000FFE702B080BD000080B592B011901198A0
:10BA10000068C06910901198006800680F90119834
:10BA2000006880680E90109840F60F0108400D9055
:10BA30000D98E0B9FFE79DF840008006002815D575
:10BA4000FFE79DF83C008006002806D4FFE79DF83C
:10BA50003B00C006002809D5FFE71198406F20B1D0
:10BA6000FFE71198416F8847FFE74AE3FFE70D982A
:10BA7000002800F00C81FFE70E980121C1F20001BF
:10BA8000084209D1FFE70F9840F22011C0F20041AF
:10BA9000084200F0FC80FFE79DF84000C00788B135
:10BAA000FFE79DF83D00C00760B1FFE7119801680E
:10BAB000012008621199D1F8900040F00100C1F80E
:10BAC0009000FFE79DF840008007002811D5FFE7B0
:10BAD0009DF83800C00760B1FFE7119801680220A7
:10BAE00008621199D1F8900040F00400C1F890006C
:10BAF000FFE79DF840004007002811D5FFE79DF8BB
:10BB00003800C00760B1FFE711980168042008629F
:10BB10001199D1F8900040F00200C1F89000FFE7C1
:10BB20009DF840000007002819D5FFE79DF83C006C
:10BB30008006002807D4FFE70E980121C1F200011A
:10BB400008420CD0FFE7119801680820086211999B
:10BB5000D1F8900040F00800C1F89000FFE79DF890
:10BB600041000007002813D5FFE79DF83F0040077C
:10BB700000280DD5FFE7119801684FF400600862B6
:10BB80001199D1F8900040F02000C1F89000FFE733
:10BB90001198D0F89000002878D0FFE79DF8400079
:10BBA0008006002815D5FFE79DF83C008006002898
:10BBB00006D4FFE79DF83B00C006002809D5FFE743
:10BBC0001198406F20B1FFE71198416F8847FFE758
:10BBD000FFE71198D0F890000C90119800688068E9
:10BBE00000F04000402806D0FFE79DF8300010F03C
:10BBF000280F42D0FFE7119802F0E6FE1198006886
:10BC000080684006002833D5FFE7FFE7FFE711987B
:10BC1000006850E8020F20F040000B90FFE70B99FE
:10BC20001198026842E802100028F0D1FFE7FFE710
:10BC30001198D0F88000B0B1FFE71198D0F88010CB
:10BC40004EF2F970C0F6000008651198D0F8800037
:10BC5000F7F7B2F930B1FFE71198D0F88000016D25
:10BC60008847FFE703E01198FFF7AAFEFFE703E02C
:10BC70001198FFF7A5FEFFE707E01198FFF7A0FE78
:10BC800011990020C1F89000FFE7FFE739E2119811
:10BC9000C06E012840F0D681FFE79DF84000C00645
:10BCA000002840F1CF81FFE79DF83C00C006002846
:10BCB00040F1C881FFE711980168102008621198CF
:10BCC000006880684006002840F15A81FFE711981B
:10BCD000D0F8800000681021C4F20201884200F010
:10BCE000A280FFE71198D0F8800000682821C4F2F4
:10BCF0000201884200F09780FFE71198D0F8800099
:10BD000000684021C4F20201884200F08C80FFE705
:10BD10001198D0F8800000685821C4F202018842CE
:10BD200000F08180FFE71198D0F880000068702152
:10BD3000C4F20201884276D0FFE71198D0F8800063
:10BD400000688821C4F2020188426CD0FFE7119894
:10BD5000D0F880000068A021C4F20201884262D0BD
:10BD6000FFE71198D0F880000068B821C4F2020102
:10BD7000884258D0FFE71198D0F88000006840F260
:10BD80001041C4F2020188424DD0FFE71198D0F86B
:10BD90008000006840F22841C4F20201884242D08B
:10BDA000FFE71198D0F88000006840F24041C4F2EB
:10BDB0000201884237D0FFE71198D0F88000006870
:10BDC00040F25841C4F2020188422CD0FFE711989A
:10BDD000D0F88000006840F27041C4F2020188424D
:10BDE00021D0FFE71198D0F88000006840F2884128
:10BDF000C4F20201884216D0FFE71198D0F8800003
:10BE0000006840F2A041C4F2020188420BD0FFE773
:10BE10001198D0F88000006840F2B841C4F20201E5
:10BE2000884207D1FFE71198D0F880000068406889
:10BE3000019006E01198D0F88000006840680190F9
:10BE4000FFE70198ADF82A00BDF82A0000287BD052
:10BE5000FFE7BDF82A001199B1F85C10884273DA47
:10BE6000FFE7BDF82A001199A1F85E001198D0F8FB
:10BE70008000C069B0F5807F59D0FFE7FFE7FFE79A
:10BE80001198006850E8000F20F480700990FFE7D7
:10BE900009991198026842E800100028F0D1FFE7E4
:10BEA000FFE7FFE7FFE71198006850E8020F20F076
:10BEB00001000890FFE708991198026842E8021013
:10BEC0000028F0D1FFE7FFE7FFE7FFE711980068E0
:10BED00050E8020F20F040000790FFE70799119803
:10BEE000026842E802100028F0D1FFE7FFE711994D
:10BEF0002020C1F88C0011990020C866FFE7FFE7F9
:10BF00001198006850E8000F20F010000690FFE73D
:10BF100006991198026842E800100028F0D1FFE766
:10BF2000FFE71198D0F88000F6F78AFBFFE7119938
:10BF3000022008671198B0F85C10B0F85E20891AEA
:10BF400089B2FFF769FC1AE0BDF82A001199B1F82F
:10BF50005C10884212D1FFE71198D0F88000C069C8
:10BF6000B0F5807F09D1FFE7119902200867119889
:10BF7000B0F85C10FFF750FCFFE7FFE7FFE7C0E019
:10BF80001199B1F85C00B1F85E10401AADF81600D6
:10BF90001198B0F85E00002853D0FFE7BDF81600F6
:10BFA00000284ED0FFE7FFE7FFE71198006850E850
:10BFB000000F20F490700490FFE704991198026834
:10BFC00042E800100028F0D1FFE7FFE7FFE7FFE7B6
:10BFD0001198006850E8020F4FF6FE71CEF6FF711F
:10BFE00008400390FFE703991198026842E80210A5
:10BFF0000028EDD1FFE7FFE711992020C1F88C0060
:10C0000011990020C86611994867FFE7FFE711986A
:10C01000006850E8000F20F010000290FFE702993E
:10C020001198026842E800100028F0D1FFE7FFE70E
:10C030001199022008671198BDF81610FFF7ECFB64
:10C04000FFE75EE09DF84200C00600280FD5FFE73D
:10C050009DF83A004006002809D5FFE711980168CD
:10C060004FF4801008621198FFF7A6FC49E09DF894
:10C0700040000006002815D5FFE79DF83C000006AB
:10C08000002806D4FFE79DF83A000006002809D5ED
:10C09000FFE71198806F20B1FFE71198816F884703
:10C0A000FFE72EE09DF84000400600280AD5FFE794
:10C0B0009DF83C004006002804D5FFE7119802F0E7
:10C0C000D3FC1EE09DF84200000600280AD5FFE7D9
:10C0D0009DF83F004006002804D5FFE71198FFF7C0
:10C0E00067FC0EE09DF84300C00750B1FFE79DF8E4
:10C0F0003F000006002804D5FFE71198FFF7C4FBB6
:10C10000FFE712B080BD000080B582B000900098BB
:10C1100020B9FFE701208DF8070046E0009880690C
:10C1200008B1FFE700E0FFE70098D0F8880040B9C9
:10C13000FFE70099002081F88400009800F03CF8A7
:10C14000FFE700992420C1F888000098016808687A
:10C1500020F0010008600098806A20B1FFE7009895
:10C1600002F002FAFFE7009803F05EF9012804D11B
:10C17000FFE701208DF8070017E000980168486884
:10C1800020F49040486000980168886820F02A00F8
:10C19000886000980168086840F001000860009815
:10C1A00002F086FA8DF80700FFE79DF8070002B05D
:10C1B00080BD00000000000080B5CCB04B90002096
:10C1C0004A90499048904790469018A8B821F4F7B3
:10C1D0000CFA4B98006845F20001C4F20001884255
:10C1E00040F09880FFE700201990022118913590C7
:10C1F00018A8FBF759FC18B1FFE7F6F72DF8FFE791
:10C20000FFE744F2E840C5F60200016841F48011FE
:10C210000160006800F4801017901798FFE7FFE7AF
:10C2200044F2E040C5F60200016841F004010160FB
:10C23000006800F0040016901698FFE7FFE744F24C
:10C24000E040C5F60200016841F0080101600068A5
:10C2500000F0080015901598FFE74FF480504690C5
:10C2600002200C90479000200F90489049900820A1
:10C270000D904A9040F60000C5F6020046A90E91C6
:10C28000FAF702FE0C9B0D980E990F9A4FF0040CD2
:10C29000CDF818C14793489249924A9040F6004021
:10C2A000C5F60200FAF7F0FD0F9940F6A010C2F2B1
:10C2B00000401090B822C4F20202026041224260A3
:10C2C0008160C1604FF480620261416181614FF41D
:10C2D0008072C2614FF4403202624162F8F7A4FA00
:10C2E00018B1FFE7F5F7B8FFFFE7FFE74B9840F617
:10C2F000A011C2F20041C0F880104B988863FFE79C
:10C3000035200B9005210022FBF796F80B98FBF7E0
:10C3100087F855E14B98006841F20001C4F2010131
:10C32000884240F09980FFE7002019900121189180
:10C33000369018A8FBF7B8FB18B1FFE7F5F78CFFAC
:10C34000FFE7FFE744F2F040C5F60200016841F064
:10C3500010010160006800F0100014901498FFE7CD
:10C36000FFE744F2E040C5F60200016841F0010138
:10C370000160006800F0010013901398FFE74FF48C
:10C38000C060469002204790002009904890499054
:10C3900007204A900020C5F6020046A9FAF774FD6E
:10C3A000099940F60830C2F200400A9040F2284253
:10C3B000C4F202020260292242608160C1604FF42F
:10C3C0008062026141618161C16101624162F8F78D
:10C3D0002BFA18B1FFE7F5F73FFFFFE7FFE74B98B0
:10C3E00040F60831C2F20041C0F880104B988863D3
:10C3F000FFE740F68030C2F20040089040F2404132
:10C40000C4F2020101602A214160402181600021C3
:10C41000C1604FF48062026141618161C16101626A
:10C420004162F8F701FA18B1FFE7F5F715FFFFE7EA
:10C43000FFE74B9840F68031C2F20041C1674B984C
:10C440008863FFE72520079005210022FAF7F4FF13
:10C450000798FAF7E5FFB2E04B98006841F6004113
:10C46000C4F20101884240F0A980FFE70020199042
:10C4700001211891369018A8FBF716FB18B1FFE7B9
:10C48000F5F7EAFEFFE7FFE744F2F040C5F60200E9
:10C49000016841F080010160006800F080001290A6
:10C4A0001298FFE7FFE744F2E040C5F6020001689A
:10C4B00041F010010160006800F010001190119827
:10C4C000FFE7042046900221029147910021059147
:10C4D000489149914A9041F20000C5F6020003904C
:10C4E00046A90491FAF7D0FC029B03980499059A97
:10C4F0004FF0080CCDF818C14793489249920B228F
:10C500004A92FAF7C1FC059940F61820C2F20040A1
:10C51000069040F21042C4F20202026076224260AB
:10C520008160C1604FF48062026141618161C161DB
:10C5300001624162F8F778F918B1FFE7F5F78CFE70
:10C54000FFE7FFE74B9840F61821C2F20041C0F820
:10C5500080104B988863FFE740F69020C2F20040BD
:10C560000190A021C4F202010160772141604021C5
:10C5700081600021C1604FF480620261416181618C
:10C58000C16101624162F8F74FF918B1FFE7F5F7B1
:10C5900063FEFFE7FFE74B9840F69021C2F20041AF
:10C5A000C1674B988863FFE79C200090052100221B
:10C5B000FAF742FF0098FAF733FFFFE7FFE7FFE7DC
:10C5C0004CB080BD0000000081B0009001B0704709
:10C5D00081B0009001B0704781B0009001B0704709
:10C5E000FFE7FEE70000000080B584B041F20C10C8
:10C5F000C2F20040B7EE000ADFED770A9FED771A2E
:10C6000006F01AFAFFE740F2D840C2F20040F5F710
:10C610000BFD41F20010C2F2004080ED000A0068FC
:10C6200041F20C11C2F200410291886040F2BC005C
:10C63000C2F200400190F4F78FF8019B029819684C
:10C6400040F2944CC2F2004CCDF80CC0CCF81C1057
:10C650005968CCF820109968CCF824101A6840F278
:10C66000B001C2F200410A605A684A609A688A6062
:10C67000DA68CCF810201A69CCF814205A69CCF882
:10C680001820D3F80CC040F28442C2F20042C2F833
:10C6900000C0D3F810C0C2F804C05B69936092ED8B
:10C6A000000AD2ED010A92ED021AD1ED001A91EDC5
:10C6B000012AD1ED022A06F0EFF9029806F030FACD
:10C6C000029806F009FA029800F0B6FF0298039962
:10C6D000026B0A60426B4A60826B8A60C06BC86002
:10C6E00041F20410C2F2004090ED000A9FED3C1AA6
:10C6F000B4EE410AF1EE10FA5DDDFFE740F294403E
:10C70000C2F20040012180F8401041F20C11C2F247
:10C7100000418A6E82624A6EC262C96E016390ED08
:10C720000C0A90ED0E1A30EE410A9FED2E1AB4EE6F
:10C73000410AF1EE10FA0DDDFFE740F29440C2F23B
:10C74000004090ED0F0ABFEE001A30EE010A80EDB6
:10C750000F0A1FE040F29440C2F2004090ED0C0A34
:10C7600090ED0E1A30EE410A9FED1F1AB4EE410A09
:10C77000F1EE10FA0DDAFFE740F29440C2F2004009
:10C7800090ED0F0AB7EE001A30EE010A80ED0F0AA5
:10C79000FFE7FFE740F29441C2F2004191ED0C0A3D
:10C7A00091ED0F1A9FED112A01EE020A81ED0D0A9B
:10C7B000086B88630CE041F20410C2F2004090ED77
:10C7C000000AB7EE001A30EE010A80ED000AFFE71A
:10C7D000012006F05DFB16E7000000006F12833AAF
:10C7E00000803B45DA0F4940DA0F49C0DB0FC940F2
:10C7F00080B58CB0FFE744F2D840C5F6020001686E
:10C8000041F001010160006800F001000B900B98FD
:10C81000FFE7FFE744F2D840C5F60200016841F0A7
:10C8200002010160006800F002000A900A98FFE728
:10C830000C2001900521079100220892FAF7FCFDD7
:10C840000198FAF7EDFD0799089A10200290FAF77F
:10C85000F3FD0298FAF7E4FD0799089A1120039076
:10C86000FAF7EAFD0398FAF7DBFD0799089A2F20FB
:10C870000490FAF7E1FD0498FAF7D2FD0799089AB7
:10C8800038200590FAF7D8FD0598FAF7C9FD079901
:10C89000089A39200690FAF7CFFD0698FAF7C0FDFE
:10C8A0000799089A3A200990FAF7C6FD0998FAF70D
:10C8B000B7FD0CB080BD000080B58EB040F6F830FA
:10C8C000C2F2004004904AF20001C4F2000101608B
:10C8D000002205928260C2604FF0010E80F810E0E5
:10C8E0004274827404234361C0F818E04FF0130CC3
:10C8F000C0F81CC0052101624362C0F828E0C0F8FE
:10C900002CC0016342638163C163036408214164F5
:10C910008264C164026543658265C26501664266E0
:10C920008166F9F709FE18B1FFE7F5F795FCFFE717
:10C9300000200690079002210891012109910A9098
:10C940000B9040F6F830C2F2004006A9F9F7B8F8AB
:10C9500018B1FFE7F5F780FCFFE740F6F830C2F2C8
:10C9600000400390FAF724FA0398694600230293E3
:10C970000B6002221146F9F72FF9029A0398012160
:10C98000F8F7AEFF0EB080BD80B58CB040F6984091
:10C99000C2F2004002904AF20041C4F2000101607C
:10C9A000002103918160C1604FF0010C80F810C03C
:10C9B0004174817405224261C0F818C00E23C3611E
:10C9C00002624262C0F828C0C362026340F256337A
:10C9D00043638263C1630164042242648264082366
:10C9E000C364016542658165C165026641660621D1
:10C9F0008166F9F7A1FD18B1FFE7F5F72DFCFFE718
:10CA000000200490012105910221069107910890D0
:10CA1000099040F69840C2F2004004A9F9F750F896
:10CA200018B1FFE7F5F718FCFFE76846002303603D
:10CA300040F69840C2F2004002221146F9F7CCF8C5
:10CA400018B1FFE7F5F708FCFFE740F69840C2F29F
:10CA5000004010210022F8F743FF18B1FFE7F5F777
:10CA6000FBFBFFE740F69840C2F20040FAF7A0F95E
:10CA700018B1FFE7F5F7F0FBFFE70CB080BD000051
:10CA800080B58CB040F63850C2F2004002904DF2B2
:10CA90000041C4F200010160002203928260C26082
:10CAA00001230374427482740521416183610E2362
:10CAB000C361016241628162C362016340F2AD639E
:10CAC00043638163C1631021016404214164826472
:10CAD000C164026541658265C265082303664266DA
:10CAE0008166F9F729FD18B1FFE7F5F7B5FBFFE718
:10CAF00000200490059002210691012107910890E1
:10CB0000099040F63850C2F2004004A9F8F7D8FF67
:10CB100018B1FFE7F5F7A0FBFFE740F63850C2F287
:10CB200000400190FAF744F9019801210022F8F73A
:10CB3000D7FE0CB080BD000080B582B040F2D110AD
:10CB4000C0F6010046F23862C0F6010200210191F0
:10CB500006F00AFA019941F2A872C2F2004210608E
:10CB60004CF2E950C0F6000046F2D852C0F601027D
:10CB700006F0FAF9019941F20812C2F2004210607F
:10CB800041F21140C0F6000046F2B452C0F6010274
:10CB900006F0EAF9019940F28472C2F20042106094
:10CBA00040F64140C0F6000046F29052C0F6010245
:10CBB00006F0DAF940F27C71C2F20041086002B07E
:10CBC00080BD00000000000080B59AB000201990E0
:10CBD0001890179016901590FFE744F2E040C5F6C4
:10CBE0000200016841F010010160006800F01000CF
:10CBF00014901498FFE7FFE744F2E040C5F6020006
:10CC0000016841F004010160006800F00400139025
:10CC10001398FFE7FFE744F2E040C5F60200016821
:10CC200041F080010160006800F0800012901298CD
:10CC3000FFE7FFE744F2E040C5F60200016841F07B
:10CC400001010160006800F0010011901198FFE7F8
:10CC5000FFE744F2E040C5F60200016841F002013E
:10CC60000160006800F0020010901098FFE7FFE7F5
:10CC700044F2E040C5F60200016841F0080101609D
:10CC8000006800F008000F900F98FFE740F60000E2
:10CC9000C5F6020003904FF4C041019100220E92AC
:10CCA000FAF7C6FA03980921029101220792FAF7CE
:10CCB000BFFA079A0020C5F60200059004210491EE
:10CCC000FAF7B6FA079A41F20000C5F60200099099
:10CCD0004FF408510691FAF7ABFA019B0398079AB3
:10CCE0000E99159316921791189115A90D91FAF7AF
:10CCF000CBF8DDF808C00398079B0D990E9ACDF884
:10CD000054C016931792032208921892FAF7BCF8AF
:10CD10000598079A0D990E9B159216931792FAF79C
:10CD2000B3F8DDF810C00598079B089A0D99CDF867
:10CD300054C0169317931892FAF7A6F8DDF818C0A6
:10CD4000079B089A09980D99CDF854C0169317932C
:10CD50001892FAF799F809980D990E9A4FF4A05382
:10CD600015934FF4881316931792FAF78DF80D99CF
:10CD70000E984FF48052159202220A921692179042
:10CD800018900F20199040F20040C5F60200FAF703
:10CD90007BF80A9A0D990E984FF4407315931692EA
:10CDA0001790189007200B90199040F60040C5F698
:10CDB00002000C90FAF768F8DDF828C00B9A0C987E
:10CDC0000D990E9B4FF0500ECDF854E0CDF858C0A1
:10CDD000179318931992FAF757F80E994FF00060CD
:10CDE000FDF75EFF1AB080BD80B582B040F6D85026
:10CDF000C2F20040009043F60001C4F2000101605D
:10CE00004FF4800141600021019181600722C260DE
:10CE10004FF0007202614FF0807242614FF0806209
:10CE200082614FF08042C261016241628162C162EF
:10CE300042638163C163016441648164C1640165CB
:10CE400041658165FDF770F918B1FFE7F5F704FA60
:10CE5000FFE702B080BD000080B58CB000210191D9
:10CE60000B910A91099108910791069105910491FE
:10CE70000391029140F66060C2F2004041F6000268
:10CE8000C4F200020260416081604FF6FF72C2602E
:10CE900001618161FEF730FB18B1FFE7F5F7DCF9BE
:10CEA000FFE7002009900B9040F66060C2F200405E
:10CEB00009A9FDF711FF18B1FFE7F5F7CDF9FFE775
:10CEC00060200290002003900490069040F660607D
:10CED000C2F2004002A90422FEF736FA18B1FFE7B9
:10CEE000F5F7BAF9FFE740F66060C2F20040FEF7DE
:10CEF000CBF90CB080BD000080B58CB00021019151
:10CF00000B910A910991089107910691059104915D
:10CF10000391029140F6F860C2F2004040F20042F4
:10CF2000C4F20002026017224260816042F2117274
:10CF3000C260016180218161FEF7DEFA18B1FFE76E
:10CF4000F5F78AF9FFE7002009900B9040F6F860AA
:10CF5000C2F2004009A9FDF7BFFE18B1FFE7F5F7DF
:10CF60007BF9FFE760200290002003900490069078
:10CF700040F6F860C2F2004002A90C22FEF7E4F984
:10CF800018B1FFE7F5F768F9FFE740F6F860C2F27D
:10CF90000040FEF779F90CB080BD000000000000F1
:10CFA00080B582B041F26C00C2F20040019045F2BF
:10CFB0000001C4F20001016048F2A061C0F2010169
:10CFC00041604FF4805181604FF40051C1604FF4D3
:10CFD000806101610421416100218161C1610162BF
:10CFE00041628162FFF790F818B1FFE7F5F734F975
:10CFF000FFE741F26C00C2F200400021FEF790FC16
:10D0000018B1FFE7F5F728F9FFE741F26C00C2F22B
:10D0100000400021FEF73CFC18B1FFE7F5F71CF9D2
:10D02000FFE741F26C00C2F20040FEF709FB18B1C5
:10D03000FFE7F5F711F9FFE702B080BD000000003F
:10D0400080B582B040F6D870C2F20040009041F640
:10D050000041C4F2010101604FF4E131416000215F
:10D0600001918160C16001610C2242618161C161F5
:10D07000016241628162FFF747F818B1FFE7F5F7F7
:10D08000EBF8FFE740F6D870C2F200400021FEF74F
:10D0900047FC18B1FFE7F5F7DFF8FFE740F6D87077
:10D0A000C2F200400021FEF7F3FB18B1FFE7F5F7ED
:10D0B000D3F8FFE740F6D870C2F20040FEF7C0FA9E
:10D0C00018B1FFE7F5F7C8F8FFE702B080BD000030
:10D0D00080B582B040F64470C2F20040009041F248
:10D0E0000001C4F2010101604FF4E131416000210F
:10D0F00001918160C16001610C2242618161C16165
:10D10000016241628162FEF7FFFF18B1FFE7F5F7A8
:10D11000A3F8FFE740F64470C2F200400021FEF79A
:10D12000FFFB18B1FFE7F5F797F8FFE740F644700B
:10D13000C2F200400021FEF7ABFB18B1FFE7F5F7A4
:10D140008BF8FFE740F64470C2F20040FEF778FA31
:10D1500018B1FFE7F5F780F8FFE702B080BD0000E7
:10D16000FFE7FEE700000000FFE7FEE70000000029
:10D1700088B0079006910592079800F00700049088
:10D180000498C0F10700052803D3FFE704200190AD
:10D1900004E00498C0F107000190FFE701980390B4
:10D1A00004980430062803D8FFE70020009003E02D
:10D1B000049803380090FFE70098029006980399BE
:10D1C000012202FA01F101390840029B98400599B9
:10D1D0009A40013A1140084308B07047000000002F
:10D1E000EFF30980BFF36F8F154B1A681EF0100F15
:10D1F00008BF20ED108A20E9F04F10602DE90900EA
:10D200004FF0500080F31188BFF34F8FBFF36F8F43
:10D2100007F0F2FB4FF0000080F31188BDE8090031
:10D2200019680868B0E8F04F1EF0100F08BFB0ECA6
:10D23000108A80F30988BFF36F8F704700BF00BF6B
:10D24000C01200240000000080B5B0B002A8019018
:10D25000B821F3F7CAF90198002103914FF4004275
:10D26000029218220492C822059202220692079284
:10D270000892099120220A920B914FF000511D91C2
:10D28000FAF712FC18B1FFE7F4F7E6FFFFE730B05A
:10D2900080BD00000000000080B586B004900391BE
:10D2A00000208DF8070044F22840C5F6020000680F
:10D2B00000F00300032804D1FFE701208DF81700D8
:10D2C000CBE044F20041C5F60201086820F080601E
:10D2D0000860F9F7C5FF0290FFE744F20040C5F689
:10D2E0000200006800F000610020B0EBD16F0CD0AC
:10D2F000FFE7F9F7B5FF0299401A032804D3FFE7C7
:10D3000003208DF81700A8E0E7E7FFE744F2284183
:10D31000C5F60201086820F47C30049A126840EADD
:10D320000230086004994868D1F808C0CB680A69DF
:10D3300001386FF35F204FF60061CFF6FF7101EB0C
:10D340004C2189B208440021CFF6FF7101EB034163
:10D3500001F4FE0108444FF07F4101EB026101F04E
:10D36000FE41084444F23841C5F602010860FFE777
:10D3700044F22C41C5F602010091086820F0C0007B
:10D38000049A526910430860086820F02000049A4B
:10D39000926910430860086820F01000086044F2A9
:10D3A0003C42C5F6020210684FF6F8739843049B9E
:10D3B000DB6940EAC3001060086840F010000860B4
:10D3C000039848B9FFE744F22C41C5F6020108680A
:10D3D00040F40020086016E00398012809D1FFE717
:10D3E00044F22C41C5F60201086840F48010086040
:10D3F00008E044F22C41C5F60201086840F4001030
:10D400000860FFE7FFE744F20041C5F60201086843
:10D4100040F080600860F9F723FF0290FFE744F2D4
:10D420000040C5F60200006800F000610020B0EB8B
:10D43000D16F0CD1FFE7F9F713FF0299401A0328C7
:10D4400004D3FFE703208DF8170006E0E7E7FFE7C6
:10D450009DF807008DF81700FFE79DF8170006B04C
:10D4600080BD00000000000080B586B004900391EC
:10D4700000208DF8070044F22840C5F6020000683D
:10D4800000F00300032804D1FFE701208DF8170006
:10D49000CBE044F20041C5F60201086820F080505C
:10D4A0000860F9F7DDFE0290FFE744F20040C5F6A0
:10D4B0000200006800F000510020B0EB517F0CD05A
:10D4C000FFE7F9F7CDFE0299401A032804D3FFE7DE
:10D4D00003208DF81700A8E0E7E7FFE744F22841B2
:10D4E000C5F60201086820F07C70049A126840EAD0
:10D4F0000250086004994868D1F808C0CB680A69EE
:10D5000001386FF35F204FF60061CFF6FF7101EB3A
:10D510004C2189B208440021CFF6FF7101EB034191
:10D5200001F4FE0108444FF07F4101EB026101F07C
:10D53000FE41084444F24041C5F602010860FFE79D
:10D5400044F22C41C5F602010091086820F44060C5
:10D55000049A526910430860086820F40070049A25
:10D56000926910430860086820F48070086044F2F3
:10D570004442C5F6020210684FF6F8739843049BC4
:10D58000DB6940EAC3001060086840F480700860FE
:10D59000039848B9FFE744F22C41C5F60201086838
:10D5A00040F48000086016E00398012809D1FFE7E5
:10D5B00044F22C41C5F60201086840F400000860FE
:10D5C00008E044F22C41C5F60201086840F0807082
:10D5D0000860FFE7FFE744F20041C5F60201086872
:10D5E00040F080500860F9F73BFE0290FFE744F2FC
:10D5F0000040C5F60200006800F000510020B0EBCA
:10D60000517F0CD1FFE7F9F72BFE0299401A03284E
:10D6100004D3FFE703208DF8170006E0E7E7FFE7F4
:10D620009DF807008DF81700FFE79DF8170006B07A
:10D6300080BD0000000000008BB00A900A9890EDB9
:10D640000C0A20EE000A8DED090A0A9890ED0C0AEA
:10D6500090ED0D1A20EE010A8DED080A0A9890ED62
:10D660000C0A90ED0E1A20EE010A8DED070A0A98B9
:10D6700090ED0C0A90ED0F1A20EE010A8DED060ACE
:10D680000A9890ED0D0A20EE000A8DED050A0A9821
:10D6900090ED0D0A90ED0E1A20EE010A8DED040AB0
:10D6A0000A9890ED0D0A90ED0F1A20EE010A8DED0B
:10D6B000030A0A9890ED0E0A20EE000A8DED020A88
:10D6C0000A9890ED0E0A90ED0F1A20EE010A8DEDEA
:10D6D000010A0A9890ED0F0A20EE000A8DED000A6B
:10D6E0009DED021A9DED000A30EE410A30EE001A5F
:10D6F000B7EE000A31EE001A0A9880ED101A9DED7F
:10D70000041A9DED062A31EE421A31EE011A0A98EA
:10D7100080ED111A9DED031A9DED072A31EE021AD4
:10D7200031EE011A0A9880ED121A9DED041A9DED52
:10D73000062A31EE021A31EE011A0A9880ED131A08
:10D740009DED051A9DED002A31EE021A31EE011A07
:10D7500030EE411A0A9880ED141A9DED011A9DEDE4
:10D76000082A31EE421A31EE011A0A9880ED151A94
:10D770009DED031A9DED072A31EE421A31EE011A92
:10D780000A9880ED161A9DED011A9DED082A31EEDA
:10D79000021A31EE011A0A9880ED171A9DED051A4A
:10D7A0009DED022A31EE021A31EE011A30EE410AE5
:10D7B0000A9880ED180A0BB07047000000000000C6
:10D7C00080B540F6D850C2F20040FCF7E5FA80BDC3
:10D7D00082B001900198006840690090019801684A
:10D7E000886940F00800886101980168886940F004
:10D7F0001000886101980168086820F00100086045
:10D8000001980168086940F26F32904308610198FD
:10D810000168886820F440408860019890F8810091
:10D82000042815D0FFE79DF80000800600280ED5DB
:10D83000FFE70199D1F8840040F08000C1F884002E
:10D8400001980168886940F020008861FFE7FFE7E0
:10D85000019890F88100032815D0FFE79DF800009B
:10D86000400600280ED5FFE70199D1F8840040F06A
:10D870000400C1F8840001980168886940F0400004
:10D880008861FFE7FFE79DF80100800700280ED5BB
:10D89000FFE70199D1F8840040F00100C1F884004D
:10D8A00001980168886940F400708861FFE79DF87D
:10D8B0000100C00770B1FFE70199D1F8840040F082
:10D8C0000800C1F8840001980168886940F48070FC
:10D8D0008861FFE701990020A1F862000199A1F891
:10D8E0006A0002B07047000080B582B001900198D4
:10D8F000806B009000990020A1F86A000099A1F8BF
:10D9000062000099012081F881000098FCF740FA3C
:10D9100002B080BD0000000083B002900298C16B8D
:10D92000012000EB511001900298C0680130009076
:10D9300000980730C008009000980199484303B050
:10D94000704700000000000080B586B0DDF820C000
:10D95000049003918DF80B200193FFE70498006871
:10D96000406903990840401AB0FA80F040099DF8D8
:10D970000B10884214D1FFE7F9F772FC0899401A9E
:10D980000199884204D3FFE70198013018B9FFE7F5
:10D99000019820B9FFE703208DF8170004E0DDE7C8
:10D9A00000208DF81700FFE79DF8170006B080BD36
:10D9B000074B19680868B0E8F04F80F30988BFF397
:10D9C0006F8F4FF0000080F31188704700BF00BFD9
:10D9D000C01200240000000080B56FF00400002198
:10D9E00004F032FE80BD000080B54EF21000CEF291
:10D9F0000000006807F0E8FD012803D0FFE707F00A
:10DA00000BF9FFE780BD000080B59EB00BA84C214C
:10DA1000F2F7EBFD002001900A9009900890079022
:10DA200006900590049003900220F9F725FDFFE78A
:10DA30000020029044F61800C5F60200016821F4A7
:10DA400040410160006800F4404002900298FFE706
:10DA5000FFE744F61800C5F60200006800F4005025
:10DA6000B0F5005F01D0FFE7F3E701210B914FF420
:10DA700080300C9002201490159016902822179256
:10DA80001891042119911A900C201B9000201C90D1
:10DA90001D900BA8FBF76CFC18B1FFE7F4F7DCFB5B
:10DAA000FFE73F2003900321049100200590082008
:10DAB00006904020079008904FF4806209920A90E7
:10DAC00003A8FAF7E9FF18B1FFE7F4F7C5FBFFE792
:10DAD0001EB080BD000000004EF68851CEF200015D
:10DAE000086840F47000086042F20000C5F20020AF
:10DAF000006800F00F0006280AD8FFE742F2000194
:10DB0000C5F200210868072262F303000860FFE7FE
:10DB100044F20041C5F60201086840F001000860C7
:10DB200044F21042C5F602020020106008684EF66A
:10DB30007F52CEF6F6221040086042F20000C5F295
:10DB40000020006800F00F0008280AD3FFE742F227
:10DB50000001C5F200210868072262F30300086093
:10DB6000FFE744F21841C5F602010020086044F2C4
:10DB70001C41C5F60201086044F22041C5F60201CD
:10DB8000086044F22842C5F6020240F20021C0F2C9
:10DB90000221116044F22C42C5F602020021C0F2BB
:10DBA000FF11116044F23042C5F6020240F28021BA
:10DBB000C0F20111116044F23442C5F60202106055
:10DBC00044F23842C5F60202116044F23C42C5F606
:10DBD0000202106044F24042C5F60202116044F2B3
:10DBE0004441C5F60201086044F20042C5F6020253
:10DBF000116821F48021116044F26041C5F60201F0
:10DC0000086044F2D440C5F602000068C004002851
:10DC100014D4FFE744F2D441C5F60201086840F489
:10DC20008050086044F20002C5F2002243F2D200A4
:10DC30001060086820F480500860FFE7704700001B
:10DC400080B540F6AC60C2F20040FDF7F5F980BD4A
:10DC500083B0029001910298006800900298002120
:10DC6000C4F20101884225D0FFE70298B0F1804F4D
:10DC700020D0FFE7029840F20041C4F20001884240
:10DC800018D0FFE7029840F60001C4F20001884274
:10DC900010D0FFE7029840F60041C4F2000188422C
:10DCA00008D0FFE7029840F20041C4F20101884227
:10DCB0000AD1FFE7009820F07000009001984168B9
:10DCC000009808430090FFE702980021C4F2010188
:10DCD00088424DD0FFE70298B0F1804F48D0FFE76F
:10DCE000029840F20041C4F20001884240D0FFE7B0
:10DCF000029840F60001C4F20001884238D0FFE7E4
:10DD0000029840F60041C4F20001884230D0FFE79B
:10DD1000029840F20041C4F20101884228D0FFE796
:10DD2000029844F20001C4F20101884220D0FFE7CA
:10DD3000029844F20041C4F20101884218D0FFE782
:10DD4000029844F60001C4F20101884210D0FFE7B6
:10DD500002984EF20001C4F20001884208D0FFE7A9
:10DD600002984EF20041C4F2000188420AD1FFE756
:10DD7000009820F4407000900198C1680098084312
:10DD80000090FFE7009820F080000199496908435E
:10DD90000090019880680299C86201980068029911
:10DDA000886202980021C4F20101884220D0FFE776
:10DDB000029840F20041C4F20101884218D0FFE706
:10DDC000029844F20001C4F20101884210D0FFE73A
:10DDD000029844F20041C4F20101884208D0FFE7F2
:10DDE000029844F60001C4F20101884205D1FFE720
:10DDF0000198006902990863FFE70299086840F0FA
:10DE000004000860029901204861009802990860A6
:10DE100003B070470000000085B00490039104989F
:10DE2000006A01900499086A20F0010008620498D1
:10DE30004068009004988069029002984FF68F71B4
:10DE4000CFF6FE7108400290029820F00300029085
:10DE500003980168029808430290019820F002009C
:10DE6000019003988168019808430190049800216B
:10DE7000C4F20101884220D0FFE7049840F200413B
:10DE8000C4F20101884218D0FFE7049844F200016F
:10DE9000C4F20101884210D0FFE7049844F2004127
:10DEA000C4F20101884208D0FFE7049844F600015B
:10DEB000C4F2010188420ED1FFE7019820F008006A
:10DEC00001900398C168019808430190019820F0DF
:10DED00004000190FFE704980021C4F20101884288
:10DEE00020D0FFE7049840F20041C4F201018842CB
:10DEF00018D0FFE7049844F20001C4F201018842FF
:10DF000010D0FFE7049844F20041C4F201018842B6
:10DF100008D0FFE7049844F60001C4F201018842EA
:10DF200013D1FFE7009820F480700090009820F44F
:10DF3000007000900398416900980843009003988E
:10DF40008169009808430090FFE7009804994860B1
:10DF5000029804998861039840680499486301987D
:10DF60000499086205B0704785B004900391049845
:10DF7000006A01900499086A20F010000862049871
:10DF800040680090049880690290029848F6FF71FA
:10DF9000CFF6FF6108400290029820F44070029092
:10DFA00003980168029840EA01200290019820F04D
:10DFB0002000019003988168019840EA01100190C7
:10DFC00004980021C4F20101884229D0FFE7049897
:10DFD00040F20041C4F20101884221D0FFE70498D9
:10DFE00044F20001C4F20101884203D1FFE700209E
:10DFF000B0B9FFE7049844F20041C4F2010188423D
:10E0000003D1FFE7002058B9FFE7049844F6000168
:10E01000C4F20101884212D1FFE7012078B9FFE77D
:10E02000019820F0800001900398C168019840EAAF
:10E0300001100190019820F040000190FFE7049842
:10E040000021C4F20101884220D0FFE7049840F289
:10E050000041C4F20101884218D0FFE7049844F25D
:10E060000001C4F20101884210D0FFE7049844F295
:10E070000041C4F20101884208D0FFE7049844F649
:10E080000001C4F20101884215D1FFE7009820F495
:10E0900080600090009820F400600090039841692F
:10E0A000009840EA8100009003988169009840EA56
:10E0B00081000090FFE70098049948600298049955
:10E0C00088610398406804998863019804990862FC
:10E0D00005B070470000000085B0049003910498DB
:10E0E000006A01900499086A20F48070086204981C
:10E0F000406800900498C069029002984FF68F71B2
:10E10000CFF6FE7108400290029820F003000290C2
:10E1100003980168029808430290019820F4007067
:10E12000019003988168019840EA012001900498C9
:10E130000021C4F20101884229D0FFE7049840F28F
:10E140000041C4F20101884221D0FFE7049844F263
:10E150000001C4F20101884203D1FFE70020B0B9F9
:10E16000FFE7049844F20041C4F20101884203D160
:10E17000FFE7002058B9FFE7049844F60001C4F215
:10E180000101884212D1FFE7012078B9FFE7019829
:10E1900020F4006001900398C168019840EA0120D2
:10E1A0000190019820F480600190FFE7049800211D
:10E1B000C4F20101884220D0FFE7049840F20041F8
:10E1C000C4F20101884218D0FFE7049844F200012C
:10E1D000C4F20101884210D0FFE7049844F20041E4
:10E1E000C4F20101884208D0FFE7049844F6000118
:10E1F000C4F20101884215D1FFE7009820F4805055
:10E200000090009820F40050009003984169009815
:10E2100040EA0110009003988169009840EA0110DB
:10E220000090FFE700980499486002980499C8613B
:10E23000039840680499C86301980499086205B07E
:10E24000704700000000000085B00490039104981E
:10E25000006A01900499086A20F4805008620498CA
:10E26000406800900498C0690290029848F6FF71D7
:10E27000CFF6FF6108400290029820F440700290AF
:10E2800003980168029840EA01200290019820F466
:10E290000050019003988168019840EA0130019094
:10E2A00004980021C4F20101884220D0FFE70498BD
:10E2B00040F20041C4F20101884218D0FFE70498FF
:10E2C00044F20001C4F20101884210D0FFE7049833
:10E2D00044F20041C4F20101884208D0FFE70498EB
:10E2E00044F60001C4F2010188420BD1FFE7009817
:10E2F00020F48040009003984169009840EA811022
:10E300000090FFE700980499486002980499C8615A
:10E31000039840680499086401980499086205B05C
:10E32000704700000000000085B00490039104983D
:10E33000006A01900499086A20F480300862049809
:10E34000406800900498406D029002984FF68F71DB
:10E35000CFF6FE71084002900398016802980843C6
:10E360000290019820F40030019003988168019890
:10E3700040EA0140019004980021C4F20101884262
:10E3800020D0FFE7049840F20041C4F20101884226
:10E3900018D0FFE7049844F20001C4F2010188425A
:10E3A00010D0FFE7049844F20041C4F20101884212
:10E3B00008D0FFE7049844F60001C4F20101884246
:10E3C0000BD1FFE7009820F480300090039841695A
:10E3D000009840EA01200090FFE700980499486007
:10E3E00002980499486503984068049988650198E3
:10E3F0000499086205B0704785B0049003910498B1
:10E40000006A01900499086A20F480100862049858
:10E41000406800900498406D0290029848F6FF71A1
:10E42000CFF6FF610840029003980168029840EA25
:10E4300001200290019820F4001001900398816857
:10E44000019840EA0150019004980021C4F20101B2
:10E45000884220D0FFE7049840F20041C4F2010155
:10E46000884218D0FFE7049844F20001C4F2010189
:10E47000884210D0FFE7049844F20041C4F2010141
:10E48000884208D0FFE7049844F60001C4F2010175
:10E4900088420BD1FFE7009820F480200090039879
:10E4A0004169009840EA81200090FFE700980499B4
:10E4B0004860029804994865039840680499C865C3
:10E4C00001980499086205B0704700000000000040
:10E4D00080B541F26C00C2F20040FDF795FA80BDB4
:10E4E00082B001900198406E40B9FFE70199012088
:10E4F000A1F86A000199A1F8680032E010208DF8B7
:10E5000003008DF80200019800688068C0F3426043
:10E510008DF80100019800688068400F8DF80000B8
:10E520009DF802009DF8002046F27023C0F601031A
:10E53000995C484346F26821C0F601018A5CB0FB51
:10E54000F2F0019AA2F86A009DF803009DF80120FC
:10E550009B5C5843895CB0FBF1F00199A1F868001D
:10E56000FFE702B07047000081B00090009890F87B
:10E570002800000700280BD5FFE7009800684068D6
:10E5800020F40040009A1168926B10434860FFE746
:10E59000009890F82800C00758B1FFE7009800687D
:10E5A000406820F40030009A1168D26A1043486035
:10E5B000FFE7009890F82800800700280BD5FFE7B8
:10E5C00000980068406820F48030009A1168126B4F
:10E5D00010434860FFE7009890F8280040070028A3
:10E5E0000BD5FFE700980068406820F48020009A6F
:10E5F0001168526B10434860FFE7009890F82800BC
:10E60000C00600280BD5FFE700980068806820F45A
:10E610008050009A1168D26B10438860FFE7009821
:10E6200090F82800800600280BD5FFE700980068C6
:10E63000806820F40050009A1168126C10438860C2
:10E64000FFE7009890F82800400600281CD5FFE757
:10E6500000980068406820F48010009A1168526C9D
:10E66000104348600098406CB0F5801F0BD1FFE765
:10E6700000980068406820F4C000009A1168926C0D
:10E6800010434860FFE7FFE7009890F82800000675
:10E6900000280BD5FFE700980068406820F40020B0
:10E6A000009A1168D26C10434860FFE701B07047D0
:10E6B00080B588B0069006990020C1F89000F8F760
:10E6C000CFFD0590069800680068000700282FD548
:10E6D000FFE70698059B6A466FF07E4111604FF494
:10E6E0000011002201F0B0FD08B3FFE7FFE7FFE7EC
:10E6F0000698006850E8000F20F080000490FFE7C3
:10E7000004990698026842E800100028F0D1FFE75B
:10E71000FFE706992020C1F88800FFE7069900204E
:10E7200081F88400FFE703208DF81F005FE0FFE71A
:10E730000698006800684007002842D5FFE7069861
:10E74000059B6A466FF07E4111604FF48001002204
:10E7500001F07AFDA0B3FFE7FFE7FFE70698006846
:10E7600050E8000F20F490700390FFE7039906989B
:10E77000026842E800100028F0D1FFE7FFE7FFE75A
:10E78000FFE70698006850E8020F20F001000290B1
:10E79000FFE702990698026842E802100028F0D1CB
:10E7A000FFE7FFE706992020C1F88C00FFE70699F4
:10E7B000002081F88400FFE703208DF81F0016E099
:10E7C000FFE706992020C1F888000699C1F88C005F
:10E7D00006990020C86606990867FFE70699002099
:10E7E00081F88400FFE700208DF81F00FFE79DF807
:10E7F0001F0008B080BD000080B582B00190019874
:10E80000806B009000990020A1F85E000098FDF751
:10E81000D7F802B080BD000080B584B003900398A3
:10E82000806B02900298D0F8880001900298D0F88E
:10E830008C000090029800688068000600280CD5C3
:10E84000FFE70198212808D1FFE702990020A1F8ED
:10E850005600029800F02CF9FFE7029800688068E3
:10E86000400600280CD5FFE70098222808D1FFE7D2
:10E8700002990020A1F85E00029800F0A5F8FFE7D9
:10E880000299D1F8900040F01000C1F89000029871
:10E89000FDF796F804B080BD80B586B00590059868
:10E8A000806B04900598C069B0F5807F5BD0FFE76E
:10E8B00004990020A1F85E00FFE7FFE704980068D4
:10E8C00050E8000F20F480700390FFE7039904984C
:10E8D000026842E800100028F0D1FFE7FFE7FFE7F9
:10E8E000FFE70498006850E8020F20F00100029052
:10E8F000FFE702990498026842E802100028F0D16C
:10E90000FFE7FFE7FFE7FFE70498006850E8020F22
:10E9100020F040000190FFE701990498026842E866
:10E9200002100028F0D1FFE7FFE704992020C1F88A
:10E930008C000498C06E012814D1FFE7FFE7FFE7C1
:10E940000498006850E8000F20F010000090FFE7E6
:10E9500000990498026842E800100028F0D1FFE70F
:10E96000FFE7FFE7FFE70499002008670498C06EFF
:10E97000012806D1FFE70498B0F85C10FCF74CFFC3
:10E9800003E00498FDF720FEFFE706B080BD00001D
:10E9900080B582B001900198806B009000990120B1
:10E9A00008670098C06E012807D1FFE70098B0F80B
:10E9B0005C104908FCF730FF03E00098FDF708FE03
:10E9C000FFE702B080BD000084B00390FFE7FFE7DF
:10E9D0000398006850E8000F20F490700290FFE761
:10E9E00002990398026842E800100028F0D1FFE77E
:10E9F000FFE7FFE7FFE70398006850E8020F4FF6D4
:10EA0000FE71CEF6FF7108400190FFE7019903986F
:10EA1000026842E802100028EDD1FFE7FFE7039803
:10EA2000C06E012814D1FFE7FFE7FFE703980068F5
:10EA300050E8000F20F010000090FFE700990398C5
:10EA4000026842E800100028F0D1FFE7FFE7FFE787
:10EA500003992020C1F88C0003990020C86603990F
:10EA6000486704B07047000080B582B00190FFE7AE
:10EA7000FFE70198006850E8000F20F04000009088
:10EA8000FFE700990198026842E800100028F0D1E1
:10EA9000FFE7FFE701992020C1F8880001990020D5
:10EAA00088670198FDF798FD02B080BD0000000066
:10EAB00083B00290FFE7FFE70298006850E8000F7C
:10EAC00020F0C0000190FFE701990298026842E837
:10EAD00000100028F0D1FFE7FFE7FFE7FFE702980B
:10EAE000006850E8020F20F400000090FFE7009952
:10EAF0000298026842E802100028F0D1FFE7FFE721
:10EB000002992020C1F8880003B07047000000007F
:10EB100080B588B007900798B0F86000ADF816008F
:10EB20000798D0F88C00222840F0AB80FFE70798C8
:10EB30000068406AADF814000798806D0690BDF833
:10EB40001400BDF816100840069908800799886DD2
:10EB5000023088650799B1F85E000138A1F85E00BF
:10EB60000798B0F85E00002840F08A80FFE7FFE7D2
:10EB7000FFE70798006850E8000F20F490700490B9
:10EB8000FFE704990798026842E800100028F0D1D6
:10EB9000FFE7FFE7FFE7FFE70798006850E8020F8D
:10EBA00020F001000390FFE703990798026842E80C
:10EBB00002100028F0D1FFE7FFE707992020C1F8F5
:10EBC0008C00079900204867079908670798006834
:10EBD00040F60041C5F6000188421CD0FFE70798C7
:10EBE000006840680002002814D5FFE7FFE7FFE750
:10EBF0000798006850E8000F20F080600290FFE75F
:10EC000002990798026842E800100028F0D1FFE757
:10EC1000FFE7FFE7FFE70798C06E01282BD1FFE76A
:10EC200007990020C866FFE7FFE70798006850E8EB
:10EC3000000F20F010000190FFE70199079802688B
:10EC400042E800100028F0D1FFE7FFE707980068CE
:10EC5000C06900F010010120B0EB111F05D1FFE7E2
:10EC60000798016810200862FFE70798B0F85C1069
:10EC7000FCF7D2FD03E00798FDF7A6FCFFE7FFE7EE
:10EC800006E007980168886940F008008861FFE79E
:10EC900008B080BD0000000080B58EB00D900D98CA
:10ECA000B0F86000ADF82E000D980068C0690990BA
:10ECB0000D980068006808900D98006880680790BB
:10ECC0000D98D0F88C00222840F06181FFE70D9864
:10ECD000B0F86800ADF82A00FFE7BDF82A10002060
:10ECE000009031B1FFE79DF82400C0F34010009080
:10ECF000FFE70098C007002800F00A81FFE70D98A1
:10ED00000068406AADF82C000D98806D0C90BDF83D
:10ED10002C00BDF82E1008400C9908800D99886DC4
:10ED2000023088650D99B1F85E000138A1F85E00E7
:10ED30000D980068C06909909DF8240040070028DC
:10ED400052D0FFE79DF82400C00788B1FFE79DF887
:10ED50002100C00760B1FFE70D980168012008623B
:10ED60000D99D1F8900040F00100C1F89000FFE744
:10ED70009DF824008007002811D5FFE79DF81C00AE
:10ED8000C00760B1FFE70D980168022008620D9985
:10ED9000D1F8900040F00400C1F89000FFE79DF822
:10EDA00024004007002811D5FFE79DF81C00C0078C
:10EDB00060B1FFE70D980168042008620D99D1F851
:10EDC000900040F00200C1F89000FFE70D98D0F8E5
:10EDD000900040B1FFE70D98FCF7F2FD0D9900207F
:10EDE000C1F89000FFE7FFE70D98B0F85E0000283B
:10EDF00040F08D80FFE7FFE7FFE70D98006850E8DF
:10EE0000000F20F480700690FFE706990D980268C5
:10EE100042E800100028F0D1FFE7FFE7FFE7FFE737
:10EE20000D98006850E8020F4FF6FE71CEF6FF71A4
:10EE300008400590FFE705990D98026842E8021026
:10EE40000028EDD1FFE7FFE70D992020C1F88C00E5
:10EE50000D99002048670D9908670D98006840F6E5
:10EE60000041C5F6000188421CD0FFE70D980068FC
:10EE700040680002002814D5FFE7FFE7FFE70D9880
:10EE8000006850E8000F20F080600490FFE70499CC
:10EE90000D98026842E800100028F0D1FFE7FFE774
:10EEA000FFE7FFE70D98C06E01282BD1FFE70D9912
:10EEB0000020C866FFE7FFE70D98006850E8000FE4
:10EEC00020F010000390FFE703990D98026842E8D4
:10EED00000100028F0D1FFE7FFE70D980068C06937
:10EEE00000F010010120B0EB111F05D1FFE70D98D4
:10EEF000016810200862FFE70D98B0F85C10FCF77D
:10EF00008BFC03E00D98FDF75FFBFFE700E0E4E614
:10EF10000D98B0F85E00ADF82800BDF82800A8B341
:10EF2000FFE7BDF828000D99B1F8681088422DDA86
:10EF3000FFE7FFE7FFE70D98006850E8020F20F0B9
:10EF400080500290FFE702990D98026842E8021093
:10EF50000028F0D1FFE7FFE70D994EF61130C0F61B
:10EF600000004867FFE7FFE70D98006850E8000FD2
:10EF700040F020000190FFE701990D98026842E8F7
:10EF800000100028F0D1FFE7FFE7FFE706E00D984B
:10EF90000168886940F008008861FFE70EB080BD15
:10EFA00080B586B005900598B0F86000ADF8120005
:10EFB0000598D0F88C00222840F0A980FFE705983A
:10EFC0000068406AADF81000BDF810009DF81210FE
:10EFD00008400599896D08700599886D013088652C
:10EFE0000599B1F85E000138A1F85E000598B0F807
:10EFF0005E00002840F08A80FFE7FFE7FFE7059802
:10F00000006850E8000F20F490700390FFE7039928
:10F010000598026842E800100028F0D1FFE7FFE7FA
:10F02000FFE7FFE70598006850E8020F20F00100B5
:10F030000290FFE702990598026842E80210002852
:10F04000F0D1FFE7FFE705992020C1F88C00059972
:10F0500000204867059908670598006840F6004158
:10F06000C5F6000188421CD0FFE70598006840689B
:10F070000002002814D5FFE7FFE7FFE705980068C6
:10F0800050E8000F20F080600190FFE7019905989B
:10F09000026842E800100028F0D1FFE7FFE7FFE731
:10F0A000FFE70598C06E01282BD1FFE705990020E6
:10F0B000C866FFE7FFE70598006850E8000F20F0FA
:10F0C00010000090FFE700990598026842E80010E0
:10F0D0000028F0D1FFE7FFE705980068C06900F05D
:10F0E00010010120B0EB111F05D1FFE70598016861
:10F0F00010200862FFE70598B0F85C10FCF78CFB65
:10F1000003E00598FDF760FAFFE7FFE706E00598E2
:10F110000168886940F008008861FFE706B080BD9B
:10F1200080B58EB00D900D98B0F86000ADF832004B
:10F130000D980068C0690A900D98006800680990F1
:10F140000D980068806808900D98D0F88C002228EF
:10F1500040F05F81FFE70D98B0F86800ADF82E0031
:10F16000FFE7BDF82E100020019031B1FFE79DF8B8
:10F170002800C0F340100190FFE70198C007002865
:10F1800000F00881FFE70D980068406AADF8300094
:10F19000BDF830009DF8321008400D99896D087057
:10F1A0000D99886D013088650D99B1F85E000138C0
:10F1B000A1F85E000D980068C0690A909DF82800CB
:10F1C0004007002852D0FFE79DF82800C00788B10B
:10F1D000FFE79DF82500C00760B1FFE70D980168C3
:10F1E000012008620D99D1F8900040F00100C1F8AB
:10F1F0009000FFE79DF828008007002811D5FFE761
:10F200009DF82000C00760B1FFE70D98016802205B
:10F2100008620D99D1F8900040F00400C1F8900008
:10F22000FFE79DF828004007002811D5FFE79DF86B
:10F230002000C00760B1FFE70D9801680420086254
:10F240000D99D1F8900040F00200C1F89000FFE75E
:10F250000D98D0F8900040B1FFE70D98FCF7B0FB97
:10F260000D990020C1F89000FFE7FFE70D98B0F876
:10F270005E00002840F08D80FFE7FFE7FFE70D9874
:10F28000006850E8000F20F480700790FFE70799AE
:10F290000D98026842E800100028F0D1FFE7FFE770
:10F2A000FFE7FFE70D98006850E8020F4FF6FE7188
:10F2B000CEF6FF7108400690FFE706990D980268A8
:10F2C00042E802100028EDD1FFE7FFE70D9920206A
:10F2D000C1F88C000D99002048670D9908670D98BA
:10F2E000006840F60041C5F6000188421CD0FFE7E7
:10F2F0000D98006840680002002814D5FFE7FFE77A
:10F30000FFE70D98006850E8000F20F0806005903E
:10F31000FFE705990D98026842E800100028F0D137
:10F32000FFE7FFE7FFE7FFE70D98C06E01282BD14D
:10F33000FFE70D990020C866FFE7FFE70D9800681A
:10F3400050E8000F20F010000490FFE704990D989A
:10F35000026842E800100028F0D1FFE7FFE70D98AF
:10F360000068C06900F010010120B0EB111F05D149
:10F37000FFE70D98016810200862FFE70D98B0F8CC
:10F380005C10FCF749FA03E00D98FDF71DF9FFE763
:10F3900000E0E6E60D98B0F85E00ADF82C00BDF890
:10F3A0002C00A8B3FFE7BDF82C000D99B1F8681048
:10F3B00088422DDAFFE7FFE7FFE70D98006850E885
:10F3C000020F20F080500390FFE703990D98026828
:10F3D00042E802100028F0D1FFE7FFE70D994EF652
:10F3E000A170C0F600004867FFE7FFE70D980068CE
:10F3F00050E8000F40F020000290FFE702990D98BE
:10F40000026842E800100028F0D1FFE7FFE7FFE7BD
:10F4100006E00D980168886940F008008861FFE700
:10F420000EB080BD0000000080B59EB01D90002091
:10F430008DF867001D98006840F60041C5F6000190
:10F44000884201D1FFE700E0FFE71D9988680B695A
:10F450004A69C9691843104308431C901D98006805
:10F46000006846F6F311CCF6FF7108401C9908437A
:10F470001D99096808601D980068406820F4405094
:10F480001D9A1168D268104348601D9880691C90CD
:10F490001D98006840F60041C5F60001884206D07C
:10F4A000FFE71D98016A1C9808431C90FFE71D9810
:10F4B000006880684FF2FF41C1F2FF1108401C99BB
:10F4C00008431D99096888601D980068C06A20F08B
:10F4D0000F001D9A1168526A1043C862FFE71D9819
:10F4E000006841F20001C4F20101884240F041800D
:10F4F000FFE744F25440C5F60200006800F038000F
:10F500000146109128282FD81099DFE801F0152D19
:10F510002D2D2D2D2D2D192D2D2D2D2D2D2D1D2D3F
:10F520002D2D2D2D2D2D212D2D2D2D2D2D2D252D1F
:10F530002D2D2D2D2D2D290001208DF86D0017E08A
:10F5400004208DF86D0013E008208DF86D000FE0A9
:10F5500010208DF86D000BE020208DF86D0007E085
:10F5600040208DF86D0003E080208DF86D00FFE7EE
:10F570006CE21D98006844F20041C4F20001884228
:10F580002ED1FFE744F25440C5F60200006800F0B7
:10F59000070001460F9105281DD80F99DFE801F0FB
:10F5A00003070B0F131700208DF86D0017E00420E0
:10F5B0008DF86D0013E008208DF86D000FE010202D
:10F5C0008DF86D000BE020208DF86D0007E04020E5
:10F5D0008DF86D0003E080208DF86D00FFE734E2C8
:10F5E0001D98006844F60001C4F2000188422ED143
:10F5F000FFE744F25440C5F60200006800F007003F
:10F6000001460E9105281DD80E99DFE801F0030789
:10F610000B0F131700208DF86D0017E004208DF8F4
:10F620006D0013E008208DF86D000FE010208DF8BC
:10F630006D000BE020208DF86D0007E040208DF874
:10F640006D0003E080208DF86D00FFE7FCE11D9860
:10F65000006844F60041C4F2000188422ED1FFE761
:10F6600044F25440C5F60200006800F0070001466D
:10F670000D9105281DD80D99DFE801F003070B0F48
:10F68000131700208DF86D0017E004208DF86D0031
:10F6900013E008208DF86D000FE010208DF86D004C
:10F6A0000BE020208DF86D0007E040208DF86D0004
:10F6B00003E080208DF86D00FFE7C4E11D9800682D
:10F6C00045F20001C4F2000188422ED1FFE744F266
:10F6D0005440C5F60200006800F0070001460C9196
:10F6E00005281DD80C99DFE801F003070B0F13174D
:10F6F00000208DF86D0017E004208DF86D0013E0F8
:10F7000008208DF86D000FE010208DF86D000BE0E3
:10F7100020208DF86D0007E040208DF86D0003E09B
:10F7200080208DF86D00FFE78CE11D98006841F2A4
:10F730000041C4F20101884240F04180FFE744F2F9
:10F740005440C5F60200006800F0380001460B91F5
:10F7500028282FD80B99DFE801F0152D2D2D2D2D00
:10F760002D2D192D2D2D2D2D2D2D1D2D2D2D2D2DED
:10F770002D2D212D2D2D2D2D2D2D252D2D2D2D2DCD
:10F780002D2D290001208DF86D0017E004208DF843
:10F790006D0013E008208DF86D000FE010208DF84B
:10F7A0006D000BE020208DF86D0007E040208DF803
:10F7B0006D0003E080208DF86D00FFE741E11D98AA
:10F7C000006847F60001C4F2000188422ED1FFE72D
:10F7D00044F25440C5F60200006800F007000146FC
:10F7E0000A9105281DD80A99DFE801F003070B0FDD
:10F7F000131700208DF86D0017E004208DF86D00C0
:10F8000013E008208DF86D000FE010208DF86D00DA
:10F810000BE020208DF86D0007E040208DF86D0092
:10F8200003E080208DF86D00FFE709E11D98006876
:10F8300047F60041C4F2000188422ED1FFE744F2AE
:10F840005440C5F60200006800F007000146099127
:10F8500005281DD80999DFE801F003070B0F1317DE
:10F8600000208DF86D0017E004208DF86D0013E086
:10F8700008208DF86D000FE010208DF86D000BE072
:10F8800020208DF86D0007E040208DF86D0003E02A
:10F8900080208DF86D00FFE7D1E01D98006841F6EB
:10F8A0000001C4F20101884240F04180FFE744F2C8
:10F8B0005440C5F60200006800F038000146089187
:10F8C00028282FD80899DFE801F0152D2D2D2D2D92
:10F8D0002D2D192D2D2D2D2D2D2D1D2D2D2D2D2D7C
:10F8E0002D2D212D2D2D2D2D2D2D252D2D2D2D2D5C
:10F8F0002D2D290001208DF86D0017E004208DF8D2
:10F900006D0013E008208DF86D000FE010208DF8D9
:10F910006D000BE020208DF86D0007E040208DF891
:10F920006D0003E080208DF86D00FFE786E01D98F4
:10F93000006841F60041C4F20101884240F0418074
:10F94000FFE744F25440C5F60200006800F03800BA
:10F950000146079128282FD80799DFE801F0152DD7
:10F960002D2D2D2D2D2D192D2D2D2D2D2D2D1D2DEB
:10F970002D2D2D2D2D2D212D2D2D2D2D2D2D252DCB
:10F980002D2D2D2D2D2D290001208DF86D0017E036
:10F9900004208DF86D0013E008208DF86D000FE055
:10F9A00010208DF86D000BE020208DF86D0007E031
:10F9B00040208DF86D0003E080208DF86D00FFE79A
:10F9C0003BE01D98006840F60041C5F60001884202
:10F9D0002ED1FFE744F25840C5F60200006800F05F
:10F9E00007000146069105281DD80699DFE801F0B9
:10F9F00003070B0F131702208DF86D0017E004208A
:10FA00008DF86D0013E008208DF86D000FE01020D8
:10FA10008DF86D000BE020208DF86D0007E0402090
:10FA20008DF86D0003E080208DF86D00FFE703E0A6
:10FA300080208DF86D00FFE7FFE7FFE7FFE7FFE7B6
:10FA4000FFE7FFE7FFE7FFE7FFE7FFE7FFE71D98B7
:10FA5000006840F60041C5F60001884240F0B480DD
:10FA6000FFE79DF86D0001460591022814D0FFE7DD
:10FA70000598042814D0FFE70598082816D0FFE75A
:10FA80000598102818D0FFE70598202835D0FFE703
:10FA90000598402837D03AE0F7F742FD11903CE056
:10FAA00015A8F7F751FD1698119036E012A8F7F750
:10FAB000A3FE1398119030E044F20040C5F6020016
:10FAC000006800F020010020B0EB511F0ED0FFE7CE
:10FAD00044F20040C5F602000068C0F3C10149F2DB
:10FAE0000000C0F2D030C840119005E049F200009B
:10FAF000C0F2D0301190FFE70FE040F60010C0F2E6
:10FB00003D00119009E04FF40040119005E0002005
:10FB1000119001208DF86700FFE71198002852D05E
:10FB2000FFE711981D994A6A46F27821C0F6010153
:10FB300031F81210B0FBF1F0189018981D9949682F
:10FB400001EB4101884207D3FFE718981D994968E6
:10FB5000B0EB013F04D9FFE701208DF8670031E0E9
:10FB600011981D994A6803924A6A46F27821C0F6B4
:10FB7000010131F81220002304931946F0F71CFC10
:10FB8000039A049B090241EA1061000210EB520043
:10FB900041F10001F0F710FC1A901A98B0F5407F7F
:10FBA0000BD3FFE71A990020B0EB115F05D1FFE7F7
:10FBB0001A981D990968C86003E001208DF8670054
:10FBC000FFE7FFE7FFE746E11D98C069B0F5004F8A
:10FBD00040F0A880FFE79DF86D00014602914028A3
:10FBE00000F263800299DFE801F02125606029605E
:10FBF00060602F6060606060606035606060606061
:10FC000060606060606060606060566060606060FE
:10FC100060606060606060606060606060606060E4
:10FC2000606060606060606060605C00F9F7F0F9DF
:10FC3000119040E0F9F700FA11903CE015A8F7F7B1
:10FC400083FC1698119036E012A8F7F7D5FD1398AB
:10FC5000119030E044F20040C5F60200006800F068
:10FC600020010020B0EB511F0ED0FFE744F200400E
:10FC7000C5F602000068C0F3C10149F20000C0F2FD
:10FC8000D030C840119005E049F20000C0F2D030F9
:10FC90001190FFE70FE040F60010C0F23D00119018
:10FCA00009E04FF40040119005E000201190012080
:10FCB0008DF86700FFE7119898B3FFE711981D9A38
:10FCC0005168536A46F27822C0F6010232F81320D6
:10FCD000B0FBF2F0400000EB5100B0FBF1F01A90E5
:10FCE0001A98102818D3FFE7BDF86A00A0B9FFE7FB
:10FCF0001A9820F00F00ADF86E001A9800F00E016F
:10FD0000BDF86E0040EA5100ADF86E00BDF86E001F
:10FD10001D990968C86003E001208DF86700FFE7BE
:10FD2000FFE797E09DF86D0001460191402800F241
:10FD300063800199DFE801F021256060296060603F
:10FD40002F6060606060606035606060606060600F
:10FD500060606060606060605660606060606060AD
:10FD60006060606060606060606060606060606093
:10FD700060606060606060605C00F9F749F9119054
:10FD800040E0F9F759F911903CE015A8F7F7DCFBD2
:10FD90001698119036E012A8F7F72EFD13981190DF
:10FDA00030E044F20040C5F60200006800F0200197
:10FDB0000020B0EB511F0ED0FFE744F20040C5F623
:10FDC00002000068C0F3C10149F20000C0F2D03067
:10FDD000C840119005E049F20000C0F2D030119007
:10FDE000FFE70FE040F60010C0F23D00119009E07F
:10FDF0004FF40040119005E00020119001208DF893
:10FE00006700FFE7119820B3FFE711981D9A51682A
:10FE1000536A46F27822C0F6010232F81320B0FB92
:10FE2000F2F000EB5100B0FBF1F01A901A98102894
:10FE30000AD3FFE7BDF86A0030B9FFE7BDF86800F4
:10FE40001D990968C86003E001208DF86700FFE78D
:10FE5000FFE7FFE7FFE71D990120A1F86A001D9960
:10FE6000A1F868001D99002048671D9988679DF8D2
:10FE700067001EB080BD000080B588B00690059177
:10FE8000ADF81220059806998865BDF8120006990C
:10FE9000A1F85C0006990020C1F890000699222084
:10FEA000C1F88C000698D0F88000B0B3FFE7069840
:10FEB000D0F880104EF69900C0F60000C86306988E
:10FEC000D0F880104EF69110C0F600000864069835
:10FED000D0F880104EF61900C0F60000C8640698ED
:10FEE000D0F880100020086506980168826DD0F86F
:10FEF00080002431BDF81230F5F74AF960B1FFE710
:10FF000006991020C1F8900006992020C1F88C00B5
:10FF100001208DF81F0042E0FFE706980069A0B1BC
:10FF2000FFE7FFE7FFE70698006850E8000F40F49E
:10FF300080700390FFE703990698026842E800107A
:10FF40000028F0D1FFE7FFE7FFE7FFE7FFE70698AC
:10FF5000006850E8020F40F001000290FFE70299AC
:10FF60000698026842E802100028F0D1FFE7FFE798
:10FF7000FFE7FFE70698006850E8020F40F04000F6
:10FF80000190FFE701990698026842E802100028F4
:10FF9000F0D1FFE7FFE700208DF81F00FFE79DF895
:10FFA0001F0008B080BD000088B007900691ADF832
:10FFB0001620069807998865BDF816000799A1F8DC
:10FFC0005C00BDF816000799A1F85E0007990020B3
:10FFD0004867FFE707988068B0F5805F10D1FFE7BA
:10FFE0000798006930B9FFE7079940F2FF10A1F8C0
:10FFF000600004E00799FF20A1F86000FFE72EE011
:020000040801F1
:100000000798806878B9FFE70798006928B9FFE783
:100010000799FF20A1F8600004E007997F20A1F86C
:100020006000FFE71AE007988068B0F1805F0FD1A9
:10003000FFE70798006928B9FFE707997F20A1F833
:10004000600004E007993F20A1F86000FFE704E0AA
:1000500007990020A1F86000FFE7FFE7FFE7FFE74F
:1000600007990020C1F8900007992220C1F88C0060
:10007000FFE7FFE70798006850E8020F40F0010033
:100080000490FFE704990798026842E802100028EC
:10009000F0D1FFE7FFE70798406EB0F1005F4CD169
:1000A000FFE7BDF816000799B1F86810884244DBF5
:1000B000FFE707988068B0F5805F0BD1FFE70798EE
:1000C000006938B9FFE707994EF69940C0F600007D
:1000D000486706E007994FF22110C0F60000486714
:1000E000FFE707980069A0B1FFE7FFE7FFE7079880
:1000F000006850E8000F40F480700390FFE7039918
:100100000798026842E800100028F0D1FFE7FFE7F7
:10011000FFE7FFE7FFE70798006850E8020F40F0AD
:1001200080500290FFE702990798026842E80210A7
:100130000028F0D1FFE7FFE744E007988068B0F5BA
:10014000805F0BD1FFE70798006938B9FFE707998F
:100150004EF61130C0F60000486706E007994EF6EB
:10016000A170C0F600004867FFE707980069A0B1DA
:10017000FFE7FFE7FFE70798006850E8000F40F44B
:1001800090700190FFE701990798026842E800101B
:100190000028F0D1FFE7FFE713E0FFE7FFE707984C
:1001A000006850E8000F40F020000090FFE7009941
:1001B0000798026842E800100028F0D1FFE7FFE747
:1001C000FFE7FFE7002008B07047000000000000D4
:1001D00080B584B041F23870C2F20040029041F222
:1001E0006C01C2F200410022019201F081FD019AEE
:1001F00040F2E440C2F20040039040F64471C2F283
:10020000004100F01DFE40F28871C2F2004114224C
:10021000084601F0ADFE029801F07AFD039800F067
:100220009BFFFFE705F0ECF940F27871C2F2004164
:10023000086040F28870C2F2004001F0BDFE0F205D
:1002400002F026FEEEE7000080B586B0DDF820C0A3
:10025000049003918DF80B200193FFE70498006848
:10026000C06903990840401AB0FA80F040099DF82F
:100270000B10884266D1FFE708980130002860D053
:10028000FFE7F6F7EDFF0199401A0899884203D875
:10029000FFE7089820B9FFE703208DF8170055E025
:1002A0000498006800684007002849D5FFE70398D4
:1002B000802845D0FFE70398402841D0FFE7049805
:1002C0000068C06900F008010120B0EBD10F16D121
:1002D000FFE7049801680820009008620498FEF780
:1002E00073FB00980499C1F89000FFE7049900207F
:1002F00081F88400FFE701208DF8170026E00498BC
:100300000068C06900F400610120B0EBD12F16D164
:10031000FFE7049801684FF4006008620498FEF754
:1003200053FB04992020C1F89000FFE704990020B6
:1003300081F88400FFE703208DF8170006E0FFE74F
:10034000FFE78BE700208DF81700FFE79DF8170007
:1003500006B080BD0000000080B540F6D870C2F243
:100360000040FBF751FB80BD80B540F64470C2F2FF
:100370000040FBF749FB80BDFFE7FEE700000000FF
:1003800080B502F0B5F980BD80B502F0A1F980BD5D
:1003900080B582B00190ADF802100198BDF802104E
:1003A000013989B200F0CCF8019ABDF8021011446D
:1003B00011F8011C401AB0FA80F0400902B080BD6B
:1003C00080B584B00390029103990298014411F81A
:1003D000020C11F8011C40EA0120ADF80600039858
:1003E0000299023900F0D8F8BDF80610401AB0FAA8
:1003F00080F0400904B080BD80B58EB00D90ADF89E
:1004000032100B920A9301A800902421F0F7EDF826
:100410000099BDF8320001900A9804900D980B9A4B
:10042000F5F7DEFA0EB080BD81B041F23870C2F24D
:100430000040807A012810D0FFE741F23870C2F204
:100440000040807A032808D0FFE741F23870C2F2FA
:100450000040807A022868D1FFE741F23870C2F28A
:100460000040C07A012810D0FFE741F23870C2F294
:100470000040C07A032808D0FFE741F23870C2F28A
:100480000040C07A022850D1FFE741F23870C2F232
:100490000040B0F90000B0F5257F46DCFFE741F2EF
:1004A0003870C2F20040B0F9000010F5257F3CDB47
:1004B000FFE741F23870C2F20040B0F90200B0F537
:1004C000257F32DCFFE741F23870C2F20040B0F91C
:1004D000020010F5257F28DBFFE741F23870C2F2F9
:1004E0000040B0F90400B0F5257F1EDCFFE741F2C3
:1004F0003870C2F20040B0F9040010F5257F14DB1B
:10050000FFE741F23870C2F20040B0F90600B0F5E2
:10051000257F0ADCFFE741F23870C2F20040B0F9F3
:10052000060010F5257F04DAFFE74FF0FF3000905A
:1005300002E000200090FFE7009801B07047000043
:1005400083B00290ADF80610FF208DF80500FFE79C
:10055000BDF80600411EADF80610B8B1FFE70298DD
:10056000411C029100788DF804009DF805009DF86B
:10057000041048408DF803009DF8031046F29020C7
:10058000C0F60100405C8DF80500E1E79DF805002C
:1005900003B070470000000083B0029001914FF655
:1005A000FF70ADF80200FFE70198411E0191D8B13C
:1005B000FFE70298411C029100788DF80100BDF818
:1005C00002009DF8011048408DF800009DF80300DE
:1005D0009DF8002046F29031C0F6010131F812106A
:1005E0004840ADF80200DFE7BDF8020003B07047F5
:1005F00081B041F20400CEF2000000680090009843
:1006000040F21C71C2F200410968884208D2FFE73B
:1006100040F22871C2F20041086801300860FFE72B
:10062000009840F21C71C2F20041086001B07047AE
:1006300080B588B007900798059000200690FFE7E6
:100640000698032800F39380FFE7059800F5C4732C
:10065000039306994C22049201FB0232019201EBB2
:10066000410200EB0212B2F9022000EE102AB8EEAD
:10067000C00A8DED020A00EBC101D1F86801D1F882
:100680006C1105F07DFD01999DED020A00EE900AC6
:1006900040F2E040C2F2004001F0BAFE039A049931
:1006A000069800FB012090ED080A40F20C00C2F20F
:1006B0000040B0F9000001EE100AB8EEC11AB4EE25
:1006C000410AF1EE10FA12DDFFE7059A40F20C0044
:1006D000C2F20040B0F9000000EE100AB8EEC00A05
:1006E00006984C2100FB012080ED6A0A2BE0059A58
:1006F00006984C2100FB012090ED6A0A40F20C00A4
:10070000C2F20040B0F90000404201EE100AB8EE1B
:10071000C11AB4EE410AF1EE10FA13DAFFE7059AB6
:1007200040F20C00C2F20040B0F90000404200EE7E
:10073000100AB8EEC00A06984C2100FB012080ED9B
:100740006A0AFFE7FFE70599069A4C2002FB0010B2
:1007500090ED6A0ABDEEC00A10EE100A01EB4201EC
:10076000A1F85203FFE706980130069068E708B049
:1007700080BD00000000000080B58AB00990099893
:10078000059000F5C47140F2E040C2F200400190D3
:10079000B2EE040A8DED020A9FED3B2A8DED032A8D
:1007A000F0EE420AB0EE421AF0EE421A01F0CCFE30
:1007B00001989DED020A9DED032A059901F5EA7164
:1007C000F0EE420AB0EE421AF0EE421A01F0BCFE20
:1007D00001989DED020A9DED032A059901F5087126
:1007E000F0EE420AB0EE421AF0EE421A01F0ACFE10
:1007F00001989DED020A9DED032A059901F51B71F3
:10080000F0EE420AB0EE421AF0EE421A01F09CFEFF
:10081000059800230493C0F85633C0F8523300F112
:10082000C00140F28040C2F20040079001220692CF
:1008300000F0F2FD049B0599079801F586710222EC
:1008400000F0EAFD059B06990798B3F8C020B3F8BD
:10085000F430EC46CCF8001040F69841C2F200416A
:10086000089100F0EDFD059BDDF818C00798089988
:10087000B3F80C21B3F84031EE46CEF800C000F0DA
:10088000DFFD0AB080BD00BF0000000000000000D6
:1008900084B00390ADF80A10ADF80820ADF806302A
:1008A000BDF90A00BDF90810401A00EE100AB8EEB2
:1008B000C00A8DED000A9DED000AB5EE400AF1EE8A
:1008C00010FA28DDFFE79DED000ABDF9060001EEF4
:1008D000100AB8EEC11AB4EE410AF1EE10FA08DDC2
:1008E000FFE7BDF80610BDF808000844ADF80800A1
:1008F00010E09DED001ABDF9080000EE100AB8EEF8
:10090000C00A30EE010ABDEEC00A10EE100AADF8C2
:100910000800FFE728E09DED000ABDF9060040420F
:1009200001EE100AB8EEC11AB4EE410AF1EE10FA67
:1009300008DAFFE7BDF80610BDF80800401AADF868
:10094000080010E09DED001ABDF9080000EE100A45
:10095000B8EEC00A30EE010ABDEEC00A10EE100A71
:10096000ADF80800FFE7FFE7BDF9080004B07047E5
:1009700081B0009000990020A1F86401C1F86001E5
:10098000C1F80801C1F80401C1F80001C1F8FC0078
:10099000C1F8F800C1F85401C1F85001C1F84C0188
:1009A000C1F84801C1F8440101B0704700000000DF
:1009B00080B582B001900198009040F28870C2F238
:1009C0000040007801281ED1FFE741F23870C2F2E2
:1009D0000040807E012804D1FFE7009800F078F9FC
:1009E00010E041F23870C2F20040807E032804D14A
:1009F000FFE7009800F0E4F903E00098FFF7B8FF84
:100A0000FFE7FFE700E0FFE702B080BD0000000065
:100A1000F0B597B0169016980B90B0F8C200012868
:100A200023D0FFE70B98B0F8C020B0F8F430694647
:100A30000420086040F28040C2F20040099040F675
:100A40009841C2F200410A9100F0FAFC0B9B099810
:100A50000A99B3F8C020B3F8F430EE464FF0010C19
:100A6000CEF800C000F0ECFCFFE70B98B0F80E01E8
:100A7000012823D0FFE70B98B0F80C21B0F84031E3
:100A800069460420086040F28040C2F200400790AE
:100A900040F69841C2F20041089100F0D1FC0B9B56
:100AA00007980899B3F80C21B3F84031EE464FF09F
:100AB000010CCEF800C000F0C3FCFFE70B9890F8E3
:100AC000500301460691032800F2FB800699DFE8F7
:100AD00001F0CCA002740B9841F23871C2F20041CF
:100AE000059191ED080A9FED781A20EE010ABDEEFE
:100AF000C00A10EE102AA0F8602191ED070A20EE3E
:100B0000010ABDEEC00A10EE102AA0F8622191ED94
:100B1000090A9FED6E1A20EE010ABDEEC00A10EE22
:100B2000101AB0F964210A23FFF7B2FEDDF814C0F1
:100B30000B99A1F86401DCF82800119000231293AE
:100B40000022C4F2701213924FF07E50149046F2BD
:100B5000666EC4F2FE0ECDF854E0DDF844E0129C5F
:100B6000139D149E159FC1F80871C1F80461C1F866
:100B70000051C1F8FC40C1F8F8E09CED0A0AB1EE62
:100B8000400A8DED0C0A0D930E920F904CF28F20BF
:100B9000CCF2E50010900C980D9A0E9BDDF83CC04D
:100BA000DDF840E0C1F854E1C1F850C1C1F84C3162
:100BB000C1F84821C1F8440183E00B99002004905A
:100BC000A1F86401C1F86001C1F88401C1F8800195
:100BD000C1F87C01C1F87801C1F87401C1F8700155
:100BE000C1F86C01C1F86801C1F80801C1F804013D
:100BF000C1F80001C1F8FC00C1F8F800C1F85401C7
:100C0000C1F85001C1F84C01C1F84801C1F84401D4
:100C100057E00B9900200390A1F86401C1F860012E
:100C2000C1F88401C1F88001C1F87C01C1F87801E4
:100C3000C1F87401C1F87001C1F86C01C1F8680114
:100C4000C1F80801C1F80401C1F80001C1F8FC00B5
:100C5000C1F8F800C1F85401C1F85001C1F84C01C5
:100C6000C1F84801C1F844012BE00B990020029023
:100C7000A1F86401C1F86001C1F88401C1F88001E4
:100C8000C1F87C01C1F87801C1F87401C1F87001A4
:100C9000C1F86C01C1F86801C1F80801C1F804018C
:100CA000C1F80001C1F8FC00C1F8F800C1F8540116
:100CB000C1F85001C1F84C01C1F84801C1F8440124
:100CC000FFE717B0F0BD00BF00409C4500803B45EA
:100CD00083B002900298019041F23870C2F2004055
:100CE000807E012822D1FFE741F23870C2F2004035
:100CF000807A01460091012808D0FFE70098022879
:100D00000ED0FFE70098032805D00EE001990220DD
:100D100081F8500309E00199032081F8500304E0B1
:100D20000199002081F85003FFE7FFE703B0704707
:100D300080B586B005900598019000F2523340F2DC
:100D40000C00C2F2004040F6F831C2F200414FF40C
:100D5000007200F0C9FC0198B0F8C02090ED3E0A86
:100D6000D0ED3F0A90ED401AD0ED411A90ED422AA5
:100D700040F28040C2F20040039040F69841C2F237
:100D80000041029100F018FC0120049002F080F86C
:100D9000019B02990398B3F80C2193ED510AD3ED0E
:100DA000520A93ED531AD3ED541A93ED552A00F0DD
:100DB00003FC049802F06CF806B080BD000000004F
:100DC00081B0009001B0704783B002900191009211
:100DD0000099B1F90000B1F90220B1F904101044F2
:100DE0004218D01701990A6048600099B1F90020B3
:100DF000B1F90200B1F90410801A4218D017019914
:100E00008A60C8600098B0F90010B0F90220B0F90B
:100E100004001144421AD01701990A6148610099EF
:100E2000B1F90000B1F90220B1F90410801A42189A
:100E3000D01701998A61C86103B0704700000000B3
:100E400083B0029001918DF8032002990198C1F8B6
:100E5000B0009DF8030000F0010081F8B40003B079
:100E6000704700000000000080B588B00790069130
:100E7000ADF8162007980190BDF81600042801D897
:100E8000FFE757E106980078A52801D0FFE751E178
:100E900006980521FFF77CFA08B9FFE74AE10698B2
:100EA000B0F801000490049809300390BDF81600D2
:100EB0000399884201D2FFE73CE106980399FFF7C6
:100EC0007FFA08B9FFE735E106994879897940EA60
:100ED0000120ADF80A00BDF80A0001460091012882
:100EE0007DD0FFE70098022800F08080FFE700989F
:100EF000032800F08380FFE7009840F20111884248
:100F000000F08480FFE70098B0F5827F00F08680D3
:100F1000FFE7009840F20511884200F08780FFE764
:100F2000009840F20121884200F08880FFE7009895
:100F300040F20221884200F08980FFE7009840F2E9
:100F40000321884200F08A80FFE70098B0F5017F16
:100F500000F08C80FFE7009840F20621884200F004
:100F60008D80FFE7009840F20721884200F08E80D4
:100F7000FFE70098B0F5027F00F09080FFE700984F
:100F800040F20921884200F09180FFE7009840F28A
:100F90000A21884200F09280FFE7009840F20B217E
:100FA000884200F09380FFE70098B0F5037F00F0DF
:100FB0009580FFE7009840F20D21884200F096806E
:100FC000FFE7009840F20E21884200F09780FFE78B
:100FD000009840F20331884200F098809EE001982A
:100FE00006990731049AEFF75FFA98E001980B3001
:100FF00006990731049AEFF757FA90E001980C3000
:1010000006990731049AEFF74FFA88E001981C30EF
:1010100006990731049AEFF747FA80E001982130EA
:1010200006990731049AEFF73FFA78E001982430E7
:1010300006990731049AEFF737FA70E001982730E4
:1010400006990731049AEFF72FFA68E001983430D7
:1010500006990731049AEFF727FA60E001984230C9
:1010600006990731049AEFF71FFA58E001984E30BD
:1010700006990731049AEFF717FA50E001985630B5
:1010800006990731049AEFF70FFA48E001985730B4
:1010900006990731049AEFF707FA40E001985E30AD
:1010A00006990731049AEFF7FFF938E001986630A6
:1010B00006990731049AEFF7F7F930E001986B30A1
:1010C00006990731049AEFF7EFF928E0019871309B
:1010D00006990731049AEFF7E7F920E00198993073
:1010E00006990731049AEFF7DFF918E001989B3071
:1010F00006990731049AEFF7D7F910E00198A1306B
:1011000006990731049AEFF7CFF908E00198A23069
:1011100006990731049AEFF7C7F900E0FFE7019855
:101120000699039B1944BDF81620D21A92B2FFF714
:101130009BFEFFE708B080BD80B582B00190ADF89E
:101140000210019800F1B501BDF80220FFF78CFEF6
:1011500002B080BD0000000080B582B0019001980F
:10116000009090F8B400C007002800F0ED80FFE781
:101170000099D1F8B000B531FF22FAF7A1FA009832
:10118000D0F8B000D0F8800000681021C4F202014D
:10119000884200F0C280FFE70098D0F8B000D0F895
:1011A000800000682821C4F20201884200F0B58066
:1011B000FFE70098D0F8B000D0F880000068402128
:1011C000C4F20201884200F0A880FFE70098D0F83E
:1011D000B000D0F8800000685821C4F202018842B3
:1011E00000F09B80FFE70098D0F8B000D0F88000B6
:1011F00000687021C4F20201884200F08E80FFE78F
:101200000098D0F8B000D0F8800000688821C4F2BF
:101210000201884200F08180FFE70098D0F8B0001A
:10122000D0F880000068A021C4F20201884274D086
:10123000FFE70098D0F8B000D0F880000068B8212F
:10124000C4F20201884268D0FFE70098D0F8B000ED
:10125000D0F88000006840F21041C4F202018842D8
:101260005BD0FFE70098D0F8B000D0F880000068AD
:1012700040F22841C4F2020188424ED0FFE70098B4
:10128000D0F8B000D0F88000006840F24041C4F2CD
:101290000201884241D0FFE70098D0F8B000D0F8B2
:1012A0008000006840F25841C4F20201884234D004
:1012B000FFE70098D0F8B000D0F88000006840F256
:1012C0007041C4F20201884227D0FFE70098D0F8AD
:1012D000B000D0F88000006840F28841C4F20201FA
:1012E00088421AD0FFE70098D0F8B000D0F880000C
:1012F000006840F2A041C4F2020188420DD0FFE72D
:101300000098D0F8B000D0F88000006840F2B841F2
:10131000C4F2020188420BD1FFE70098D0F8B00078
:10132000D0F880000168086820F0080008600AE032
:101330000098D0F8B000D0F880000168086820F06C
:1013400004000860FFE707E00099D1F8B000B5316C
:10135000FF22FAF70DFAFFE702B080BD000000009F
:1013600087B006908DED050ACDED040A8DED031AC8
:1013700002919DED030A9DED041A30EE410A8DEDB8
:10138000010A049800909DED050A9DED001A30EECB
:10139000410A029901208840013801EE100AB8EE96
:1013A000C11A20EE010A9DED011A80EE010ABDEE80
:1013B000C00A10EE100A07B07047000000000000DD
:1013C00087B0069005918DED040ACDED030A0292D7
:1013D0009DED030A9DED041A30EE410A8DED010AE0
:1013E000049800909DED050AB8EEC00A9DED011A23
:1013F00020EE010A029901208840013801EE100A0E
:10140000B8EEC11A80EE010A9DED001A30EE010A15
:1014100007B070470000000083B002900191ADF862
:101420000220ADF80030BDF8000001998886BDF8B3
:1014300002000199088003B070470000000000001E
:1014400080B588B084460A98CDF81CC00691ADF8E6
:101450001620ADF81430ADF81200BDF81600BDF836
:1014600014100844ADF80800FF208DF80A008DF82C
:101470000B008DF80C008DF80D008DF80E008DF826
:101480000F008DF81000BDF81200013801460191DF
:10149000032814D80199DFE801F002060A0EFC20A7
:1014A0008DF811000BE0FD208DF8110007E0FE2003
:1014B0008DF8110003E0FB208DF81100FFE706987E
:1014C000BDF808100DF10A020823FEF795FF08B0D9
:1014D00080BD00000000000080B586B0059004913A
:1014E00003920293059800900399097801F00F0187
:1014F000049A1180039909780909049A5180039983
:10150000B1F80110090409BA049A5160039AD1781C
:101510001279090141EA1211049A916003990A793A
:10152000497902F00F0241EA0221049AD16004993C
:101530004968BAEE090AF2EE090A1022FFF740FFE5
:101540000098049981ED060A049989689FED150AAF
:10155000DFED150A0C220192FFF732FF0098019A85
:10156000049981ED070A0499C9689FED100ADFED1F
:10157000100AFFF725FF049880ED080A0398807988
:1015800000EE100AB8EE400A049880ED0B0A0398AA
:10159000C07900EE100AB8EE400A049880ED0C0AFB
:1015A00006B080BD000034C200003442000058C2C2
:1015B000000058420000000080B590B00F900E91DE
:1015C000ADF836208DED0C0ACDED0B0A8DED0A1A23
:1015D000CDED091A8DED082A0F980290BDF836104E
:1015E000ADF80C109DED0C0AFAEE090AB2EE091ADC
:1015F0001021FFF7B5FE01460298ADF816109DEDDB
:101600000B0ADFED330A9FED331A0C210191FFF72E
:10161000A7FE019902460298ADF814209DED0A0A32
:10162000DFED2D0ACDED000A9FED2C1AFFF798FE95
:10163000DDED000A019902460298ADF812209DEDF9
:10164000090AB1EE041AFFF78BFE019902460298CF
:10165000ADF810209DED080ADFED210A9FED211A5B
:10166000FFF77EFEADF80E009DF817008DF818000C
:101670009DF816008DF81900BDF8140000098DF8CA
:101680001A00BDF814109DF8130040EA01108DF8FF
:101690001B009DF812008DF81C00BDF81000000919
:1016A0008DF81D00BDF810109DF80F0040EA0110E4
:1016B0008DF81E009DF80E008DF81F000E98BDF8E5
:1016C0000C1006AA0823FEF797FE10B080BD00BFDD
:1016D000000034C200003442000000000000FA4361
:1016E000000058C20000584280B586B005900491B1
:1016F000ADF80E200293029840788DF80000029811
:1017000000888DF801000298C0788DF802000298D8
:1017100040888DF80300029840798DF80400029803
:1017200080888DF805000298C0798DF8060002982F
:10173000C0888DF807000498BDF80E106A4608238B
:10174000FEF75AFE06B080BD84B00390029101926C
:1017500001980178407840EA0120029908800198B8
:101760008178C07840EA0120029948800198017987
:10177000407940EA01200299888001988079029995
:1017800088710198C0790299C871029908880989FD
:10179000401AADF80200BDF90200B0F5805F05DD2A
:1017A000FFE70299488901384881FFE7BDF9020047
:1017B00010F5805F05DAFFE702994889013048811A
:1017C000FFE70299B1F90A20088800EB4230C860AF
:1017D000029908880881029890ED030AB8EEC00AC1
:1017E0009FED0A1A20EE010A80ED040A0298B0F972
:1017F000041000EE101AB8EEC00A9FED051A20EE94
:10180000010A80ED050A04B0704700BF0000343DB6
:10181000CDCCCC370000000080B584B0039002919D
:101820008DF8072003980090029901609DF8071039
:1018300001F00101017100214171063000F004F84E
:10184000009804B080BD000081B000900098AA21EB
:101850000170BB21417001B0704700000000000022
:1018600080B588B0079007980190012180F8411059
:1018700090F8481090F8492041EA02216FF3DF21E7
:10188000018090F8491090F84A20C90841EA4211B5
:101890006FF3DF21418090F84A1090F84B3090F8B8
:1018A0004C20890941EA830141EA82216FF3DF215B
:1018B000818090F84C1090F84D20490841EAC211FF
:1018C0006FF3DF21C18090F8581090F8592041EA59
:1018D0000221018190F84D108909817290F84D1014
:1018E000C1F30111C17290F84E1090F84F2041EAF7
:1018F0000221818190F8501090F8512041EA022194
:10190000C18190F8521090F8532041EA02210182DF
:1019100090F85410817490F85510C17490F85610D6
:1019200090F8572041EA0221C182817C0175C17C77
:101930004175C18A01830188A1F5806101804188D8
:10194000A1F5806141808188A1F580618180C18895
:10195000A1F58061C1800189A1F580610181C07A12
:1019600001460291012808D0FFE7029802281FD003
:10197000FFE70298032805D01EE00199084600F011
:1019800027F819E0019800F10C01C28AADF818207F
:10199000028BADF81420BDF81820ADF81020049A81
:1019A000BDF81430ADF80C30039B00F0D5F803E01F
:1019B000019800F005F8FFE708B080BD00000000C6
:1019C00081B0009000990220887601B07047000035
:1019D00083B0029001910298009001218176B0F9C4
:1019E000001000EE101AB8EEC00A9FED581A80EEF3
:1019F000010A80ED070AB0F9021000EE101AB8EEE5
:101A0000C00A80EE010A80ED080AB0F9041000EE69
:101A1000101AB8EEC00A80EE010A80ED090AB0F98A
:101A2000061000EE101AB8EEC00A80EE010A80ED32
:101A30000A0AB0F9081000EE101AB8EEC00A80EEDB
:101A4000010A80ED0B0A90ED070A9FED411AB4EEF2
:101A5000410AF1EE10FA0FDCFFE7009890ED070A5B
:101A60009FED3C1AB4EE410AF1EE10FA04DBFFE7F9
:101A700000990020C861FFE7009890ED080A9FEDEB
:101A8000341AB4EE410AF1EE10FA0FDCFFE70098C9
:101A900090ED080A9FED2F1AB4EE410AF1EE10FA0C
:101AA00004DBFFE7009900200862FFE7009890ED53
:101AB000090A9FED271AB4EE410AF1EE10FA0FDC85
:101AC000FFE7009890ED090A9FED221AB4EE410A53
:101AD000F1EE10FA04DBFFE7009900204862FFE70F
:101AE000009890ED0A0A9FED1A1AB4EE410AF1EE41
:101AF00010FA0FDCFFE7009890ED0A0A9FED151A27
:101B0000B4EE410AF1EE10FA04DBFFE70099002081
:101B10008862FFE7009890ED0B0A9FED0D1AB4EE76
:101B2000410AF1EE10FA0FDCFFE7009890ED0B0A86
:101B30009FED081AB4EE410AF1EE10FA04DBFFE75C
:101B400000990020C862FFE703B0704700002544F9
:101B5000CDCCCC3DCDCCCCBD87B00592BDF814200A
:101B6000ADF818200393BDF80C20ADF810200290BA
:101B7000019102990091032088760198B0F9000044
:101B800010F1C90F05DCFFE701994FF638700880A6
:101B9000FFE70198B0F90000C92804DBFFE70199CD
:101BA000C8200880FFE70198B0F9020010F1C90FC2
:101BB00005DCFFE701994FF638704880FFE7019890
:101BC000B0F90200C92804DBFFE70199C82048806A
:101BD000FFE70198B0F9040010F1C90F05DCFFE739
:101BE00001994FF638708880FFE70198B0F904003A
:101BF000C92804DBFFE70199C8208880FFE7009827
:101C00000199B1F9001000EE101AB8EEC00A9FED6C
:101C1000351A80EE010A80ED0C0A0199B1F9021023
:101C200000EE101AB8EEC00A80EE010A80ED0D0A2F
:101C30000199B1F9041000EE101AB8EEC00A80EE56
:101C4000010A80ED0E0A90ED0C0A9FED271AB4EE02
:101C5000410AF1EE10FA0FDCFFE7009890ED0C0A54
:101C60009FED221AB4EE410AF1EE10FA04DBFFE711
:101C7000009900200863FFE7009890ED0D0A9FEDA2
:101C80001A1AB4EE410AF1EE10FA0FDCFFE70098E1
:101C900090ED0D0A9FED151AB4EE410AF1EE10FA1F
:101CA00004DBFFE7009900204863FFE7009890ED10
:101CB0000E0A9FED0D1AB4EE410AF1EE10FA0FDC98
:101CC000FFE7009890ED0E0A9FED081AB4EE410A66
:101CD000F1EE10FA04DBFFE7009900208863FFE7CC
:101CE00007B07047000048430AD7233C0AD723BCFB
:101CF00083B0029001918DF8032002990198C86386
:101D00009DF8030000F0010081F8400003B0704727
:101D100080B582B001900198009090F84000C00713
:101D2000002800F0D980FFE70099C86B48312422D1
:101D3000F9F7C6FC0098C06BD0F88000006810214D
:101D4000C4F20201884200F0B280FFE70098C06B45
:101D5000D0F8800000682821C4F20201884200F017
:101D6000A680FFE70098C06BD0F880000068402193
:101D7000C4F20201884200F09A80FFE70098C06B2D
:101D8000D0F8800000685821C4F20201884200F0B7
:101D90008E80FFE70098C06BD0F88000006870214B
:101DA000C4F20201884200F08280FFE70098C06B15
:101DB000D0F8800000688821C4F20201884276D001
:101DC000FFE70098C06BD0F880000068A021C4F243
:101DD000020188426BD0FFE70098C06BD0F880000A
:101DE0000068B821C4F20201884260D0FFE7009881
:101DF000C06BD0F88000006840F21041C4F20201CC
:101E0000884254D0FFE70098C06BD0F8800000688B
:101E100040F22841C4F20201884248D0FFE700980E
:101E2000C06BD0F88000006840F24041C4F202016B
:101E300088423CD0FFE70098C06BD0F88000006873
:101E400040F25841C4F20201884230D0FFE70098C6
:101E5000C06BD0F88000006840F27041C4F202010B
:101E6000884224D0FFE70098C06BD0F8800000685B
:101E700040F28841C4F20201884218D0FFE700987E
:101E8000C06BD0F88000006840F2A041C4F20201AB
:101E900088420CD0FFE70098C06BD0F88000006843
:101EA00040F2B841C4F2020188420AD1FFE700982B
:101EB000C06BD0F880000168086820F00800086056
:101EC00009E00098C06BD0F880000168086820F035
:101ED00004000860FFE706E00099C86B483124223F
:101EE000F9F746FCFFE702B080BD000000000000EB
:101EF00089B007900799049108910020C86101F109
:101F00002000303105910690FFE70699059A0020E0
:101F100041F8040B0391084691420690F5D1FFE782
:101F200004990020086301F134003C3101910290D2
:101F3000FFE70299019A002041F8040B009108463E
:101F400091420290F5D1FFE7089809B07047000070
:101F500080B582B0019000910198009A00215160F3
:101F6000009900F069F802B080BD00000000000098
:101F700083B002900191009240F22C70C2F20040B6
:101F800000880A2801DBFFE711E0009801998860CA
:101F9000019840F22C73C2F200431A88511C198038
:101FA00040F23071C2F2004141F82200FFE703B075
:101FB000704700000000000080B584B003900398D3
:101FC000019000208DF80B00FFE79DF80B0040F218
:101FD0002C71C2F200410988884227DAFFE79DF898
:101FE0000B1040F23070C2F2004050F821205168CE
:101FF000013151609DF80B1050F821104868896834
:1020000088420CD9FFE701989DF80B2040F230710F
:10201000C2F2004151F8221000F01EF9FFE7FFE77D
:102020009DF80B0001308DF80B00CEE70F2000F07B
:102030002FFF04B080BD000080B584B003900291F2
:1020400003990191029888420ED1FFE7FEF7ECF95F
:10205000013020B9FFE701990220087003E00199DF
:1020600001200870FFE7FFE7019902980C318842D0
:1020700021D1FFE70198007B022817D1FFE740F24A
:102080002010C2F2004000F5C47140F2E040C2F2FC
:102090000040B2EE040A9FED6F2AF0EE420AB0EE65
:1020A000421AF0EE421A00F04FFA03E001990120C3
:1020B0000873FFE7FFE7019902981831884221D1A0
:1020C000FFE70198007E022817D1FFE740F22010B9
:1020D000C2F2004000F5EA7140F2E040C2F2004076
:1020E000B2EE040A9FED5B2AF0EE420AB0EE421A0D
:1020F000F0EE421A00F028FA03E001990120087678
:10210000FFE7FFE7029840F28871C2F200412431F4
:10211000884223D1FFE7019890F82400022817D1C4
:10212000FFE740F22010C2F2004000F5087140F2D3
:10213000E040C2F20040B2EE040A9FED462AF0EE03
:10214000420AB0EE421AF0EE421A00F0FDF904E045
:102150000199012081F82400FFE7FFE70199029827
:102160003031884223D1FFE7019890F830000228EF
:1021700017D1FFE740F22010C2F2004000F51B71BA
:1021800040F2E040C2F20040B2EE040A9FED312A74
:10219000F0EE420AB0EE421AF0EE421A00F0D4F924
:1021A00004E00199012081F83000FFE7FFE7019981
:1021B00002983C31884222D1FFE7019890F83C0018
:1021C000022816D1FFE740F22010C2F20040B0F81A
:1021D000C020B0F8F43069460120086040F2804029
:1021E000C2F2004040F69841C2F20041FFF728F9E0
:1021F00004E00199012081F83C00FFE7FFE7019925
:1022000002984831884222D1FFE7019890F84800AF
:10221000022816D1FFE740F22010C2F20040B0F8C9
:102220000C21B0F8403169460120086040F280403E
:10223000C2F2004040F69841C2F20041FFF700F9B7
:1022400004E00199012081F84800FFE7FFE704B0AE
:1022500080BD00BF0000000080B584B003900291F3
:10226000039901910298884204D1FFE70199022065
:102270000870FFE7019902980C3188421AD1FFE7F4
:1022800040F22010C2F2004000F5C47140F2E0407C
:10229000C2F200409FED5C2AB0EE420AF0EE420A24
:1022A000B0EE421AF0EE421A00F04EF90199022007
:1022B0000873FFE701990298183188421AD1FFE7A5
:1022C00040F22010C2F2004000F5EA7140F2E04016
:1022D000C2F200409FED4C2AB0EE420AF0EE420AF4
:1022E000B0EE421AF0EE421A00F02EF901990220E7
:1022F0000876FFE701990298243188421BD1FFE755
:1023000040F22010C2F2004000F5087140F2E040B7
:10231000C2F200409FED3C2AB0EE420AF0EE420AC3
:10232000B0EE421AF0EE421A00F00EF901990220C6
:1023300081F82400FFE701990298303188421BD1CF
:10234000FFE740F22010C2F2004000F51B7140F29E
:10235000E040C2F200409FED2C2AB0EE420AF0EEBF
:10236000420AB0EE421AF0EE421A00F0EDF801997E
:10237000022081F83000FFE7029840F28871C2F233
:1023800000413C3188421AD1FFE740F22010C2F2EE
:102390000040B0F8C020B0F8F43069460120086071
:1023A00040F28040C2F2004040F69841C2F2004143
:1023B000FFF746F80199022081F83C00FFE70298F8
:1023C00040F28871C2F20041483188421AD1FFE7D9
:1023D00040F22010C2F20040B0F80C21B0F84031B9
:1023E00069460120086040F28040C2F2004040F699
:1023F0009841C2F20041FFF723F80199022081F8C9
:102400004800FFE704B080BD0000000000000000AD
:1024100085B0039002918DED010ACDED000A02987E
:1024200018B9FFE7002004908AE00299486C88649C
:102430000299086C486401980299486100980299D1
:10244000C8619DED000A9DED011A30EE410A029827
:1024500080ED100A029890ED000A90ED101A20EE1F
:10246000010A80ED090A029890ED011A90ED0A0A1E
:1024700090ED102A01EE020A80ED0A0A029890ED12
:10248000041A90ED0A0AB4EE410AF1EE10FA04DDE6
:10249000FFE702990869886215E0029890ED041A36
:1024A00090ED0A0AB1EE411AB4EE410AF1EE10FACB
:1024B00008DAFFE7029890ED040AB1EE400A80EDD9
:1024C0000A0AFFE7FFE70299886BC8630299486B25
:1024D0008863029890ED100A90ED111A30EE410ACF
:1024E00080ED0D0A029890ED020A90ED0D1A20EE93
:1024F000010A80ED0B0A029890ED030A90ED051A8F
:1025000090ED062A31EE421A20EE010A80ED0C0A07
:10251000029890ED090A90ED0A3A90ED0B2A90EDA1
:102520000C1A30EE030A30EE020A30EE010A80ED9A
:10253000080A0299486988610298006A0490FFE7D6
:102540009DED040A05B0704788B0079006918DEDA7
:10255000050ACDED040A8DED031ACDED021A8DEDBD
:10256000012A069808B9FFE725E005980699086052
:10257000049806994860039806998860029806991D
:10258000C860019806990861069900200090C86308
:102590000699886306994863069908620699C86295
:1025A0000699886206994862069988640699486483
:1025B00006990864FFE708B07047000000000000BB
:1025C00081B0ADF80200BDF9020000280ED4FFE78B
:1025D000BDF9021001F01F02012090404A094EF29D
:1025E0000011CEF2000141F82200FFE701B0704770
:1025F0004EF60C50CEF200000068C0F30220704787
:1026000082B0ADF806000091BDF9060000280AD49A
:10261000FFE700980001BDF906104EF20042CEF22D
:10262000000288540BE000980001BDF8061001F08C
:102630000F014EF61452CEF200028854FFE702B0AA
:10264000704700000000000082B0ADF80600009165
:10265000BDF9060000280AD4FFE700980001BDF983
:1026600006104EF20042CEF2000288540BE00098B1
:102670000001BDF8061001F00F014EF61452CEF223
:1026800000028854FFE702B070470000000000001D
:1026900083B00290029800F0070000904EF60C51B3
:1026A000CEF200010868019001984FF6FF02104039
:1026B00001900198009A40EA02200022C0F2FA52EA
:1026C000104301900198086003B0704700000000BB
:1026D00080B541F29010C2F2004040F6D871C2F2CB
:1026E00000410122FFF798F880BD000000000000C3
:1026F00080B541F23870C2F20040FFF7F9FB80BDAF
:1027000080B58AB0EEF704F880200590EEF76CFAF9
:1027100055200690EEF768FA0698EEF765FA41F252
:10272000A471C2F2004108910870EDF7E5FF0120A5
:102730000790F3F7B1F8EDF7EBFF0598EEF754FAD1
:102740000698EEF751FA0698EEF74EFA08990870D7
:10275000EDF7D2FF0798F3F79FF8EDF7D9FF7E204A
:10276000B621EEF759FAEDF7C7FF5020F3F794F8CA
:10277000EDF7CEFF0598EEF737FA0698EEF734FA44
:102780000698EEF731FA08990870EDF7B5FF07984B
:10279000F3F782F8EDF7BCFF0598EEF725FA0698F7
:1027A000EEF722FA0698EEF71FFA08990870EDF78F
:1027B000A3FF0798F3F770F8089800781E2804D054
:1027C000FFE7FF208DF8270074E045F68421C2F270
:1027D000004100200870FFE745F68420C2F2004067
:1027E0000078052862DCFFE7EDF792FF45F68420CC
:1027F000C2F200400390007800EB400240F2280053
:10280000C2F2004004908118805C4978EEF704FA27
:10281000EDF772FF01200190F3F73EF8EDF778FF36
:1028200003990498097801EB4101405C40F0800075
:10283000EEF7DAF955200090EEF7D6F90098EEF7AA
:10284000D3F941F2A471C2F2004102910870EDF790
:1028500053FF0198F3F720F80298039A049900783F
:10286000127802EB420211444978884215D0FFE702
:1028700045F68420C2F20040007800EB400140F2AF
:102880002800C2F200400844827840F2DC71C2F2B3
:102890000041087810430870FFE7FFE745F6842100
:1028A000C2F2004108780130087095E700208DF8E9
:1028B0002700FFE79DF827000AB080BD0000000058
:1028C00080B588B0EDF73CFF41F2A471C2F200413F
:1028D000069100200490EEF773F9EDF725FF012033
:1028E0000590F2F7D9FFEDF72BFF04980699EEF764
:1028F00067F9EDF719FF0598F2F7CEFFEDF720FF26
:102900001420B621EEF788F9EDF70EFF5020F2F70C
:10291000C3FFEDF715FF04980699EEF751F9EDF7AF
:1029200003FF0598F2F7B8FFEDF70AFF0498069940
:10293000EEF746F9EDF7F8FE0598F2F7ADFF0698C9
:1029400000780F2804D0FFE7FF208DF81F006DE00E
:1029500045F68421C2F2004100200870FFE745F6E9
:102960008420C2F20040007805285BDCFFE7EDF729
:10297000E7FE45F68420C2F200400290007800EBAA
:10298000400240F23A00C2F2004003908118805C9D
:102990004978EEF741F9EDF7C7FE01200090F2F714
:1029A0007BFFEDF7CDFE02990398097801EB410119
:1029B000405C41F2A471C2F200410191EEF700F9CE
:1029C000EDF7B2FE0098F2F767FF0198029A0399BB
:1029D0000078127802EB420211444978884218D0FC
:1029E000FFE745F68420C2F200400178013901700A
:1029F000007800EB400140F22800C2F20040084499
:102A0000827840F2DC71C2F200410878104308700D
:102A1000FFE7FFE745F68421C2F200410878013064
:102A200008709CE700208DF81F00FFE79DF81F004D
:102A300008B080BD0000000084B003908DED020A54
:102A4000CDED010A8DED001A0298039908600198F6
:102A50000399486000980399886003994FF07E506D
:102A60000863039942F69920C0F60100486703996C
:102A700042F62130C0F601008867039942F6D9205A
:102A8000C0F60100C86703994DF23960C0F6000036
:102A9000C1F8800004B0704787B08DED061ACDED07
:102AA000050A8DED040ACDED032A8DED022ACDED48
:102AB000011A009000990498059A069B4B610A61DF
:102AC000C86000990198029A039B0B62CA618861F1
:102AD00007B070470000000080B582B001900198F7
:102AE00090ED160A03F0D8F8B1EE400A019880ED97
:102AF0001A0A019890ED170AD0ED180A03F062F94E
:102B0000019880ED190A0198D0ED100A90ED130A92
:102B100003F058F9019880ED1B0A02B080BD000057
:102B200080B58AB00990099890ED062A90ED070AC1
:102B300090ED081A20EE000A02EE020A01EE010AE8
:102B4000B7EEC00A03F094FAB7EEC00B8DED080A99
:102B5000099890ED060A9DED081A80EE010A80EDB5
:102B6000060A099890ED070A9DED081A80EE010A01
:102B700080ED070A099890ED080A9DED081A80EE8D
:102B8000010A80ED080A099890ED070A90ED081AED
:102B900090ED172A90ED183A20EE030A01EE420A52
:102BA0008DED070A099890ED061A90ED080A90ED50
:102BB000163A90ED182A20EE030A01EE420A8DED36
:102BC000060A099890ED060A90ED071A90ED162A6C
:102BD00090ED173A20EE030A01EE420A8DED050A48
:102BE00009989DED073A90ED011A90ED022A90EDBB
:102BF000090A21EE031A01EE020A80ED090A09987A
:102C00009DED063A90ED011A90ED022A90ED0A0A28
:102C100021EE031A01EE020A80ED0A0A09989DEDE1
:102C2000053A90ED011A90ED022A90ED0B0A21EE83
:102C3000031A01EE020A80ED0B0A09989DED073A8E
:102C400090ED002A90ED030A90ED091A02EE031AA6
:102C500030EE010A80ED030A09989DED063A90EDE9
:102C6000002A90ED040A90ED0A1A02EE031A30EEE3
:102C7000010A80ED040A09989DED053A90ED002ABD
:102C800090ED050A90ED0B1A02EE031A30EE010AE0
:102C900080ED050A0998006B04900998406B039039
:102CA0000998806B02900998C06B0190099890ED8B
:102CB000020AB6EE001A20EE010A8DED000A9DED23
:102CC000031A099890ED032A90ED044A90ED053A15
:102CD00090ED0C0A21EE421A9DED022A02EE441AF2
:102CE0009DED012A02EE431A9DED002A01EE020A33
:102CF00080ED0C0A9DED042A09989DED021A90EDD5
:102D0000034A90ED043A90ED055A90ED0D0A21EE3C
:102D1000051A02EE041A9DED012A02EE431A9DEDFA
:102D2000002A01EE020A80ED0D0A9DED041A0998B1
:102D300090ED033A90ED042A90ED054A90ED0E0ACD
:102D400021EE021A9DED032A02EE441A9DED012A9E
:102D500002EE031A9DED002A01EE020A80ED0E0A32
:102D60009DED042A09989DED031A90ED033A90ED2C
:102D7000045A90ED054A90ED0F0A21EE051A02EE75
:102D8000041A9DED022A02EE431A9DED002A01EE7F
:102D9000020A80ED0F0A099890ED0C3A90ED0D0AA9
:102DA00090ED0E2A90ED0F1A20EE000A03EE030AB2
:102DB00002EE020A01EE010AB7EEC00A03F058F96A
:102DC000B7EEC00B8DED080A099890ED0C0A9DED49
:102DD000081A80EE010A80ED0C0A099890ED0D0AA0
:102DE0009DED081A80EE010A80ED0D0A099890ED1C
:102DF0000E0A9DED081A80EE010A80ED0E0A099870
:102E000090ED0F0A9DED081A80EE010A80ED0F0A81
:102E10000998D0F8801088470AB080BD00000000F3
:102E200080B582B000200190F4F732FAFAF7ECFD99
:102E3000FAF70AFAF9F7C8FEF9F7DAFCF9F73CFDF8
:102E4000F9F7A2FDF9F71CFEFAF756F8F9F7CCFFEF
:102E5000FAF7F6F8FAF7A4F8F9F7FEFFFAF738F9F7
:102E60004FF4F070EFF730F9FFE740F6D850C2F2B8
:102E700000400021EDF718FE08B1FFE7F5E700F08C
:102E800023F8F9F759FE00F043F8FFE7FEE70000EA
:102E900080B584B00290EFF305800390039820B1D1
:102EA000FFE76FF00500019009E000200190029813
:102EB00020B1FFE7029801F0F7FBFFE7FFE7019879
:102EC00004B080BD0000000082B0EFF305800190E7
:102ED000019820B1FFE76FF00500009014E040F288
:102EE000DC40C2F20040006848B9FFE740F2DC4134
:102EF000C2F20041012008600020009003E04FF082
:102F0000FF300090FFE7FFE7009802B07047000035
:102F100080B582B0EFF305800190019820B1FFE702
:102F20006FF00500009019E040F2DC40C2F2004072
:102F3000006801280DD1FFE7FAF74EFD40F2DC41B1
:102F4000C2F200410220086001F0DEFC0020009087
:102F500003E04FF0FF300090FFE7FFE7009802B07A
:102F600080BD000000000000B0B58EB00B900A914B
:102F7000099200200690EFF305800D900D9800282F
:102F800040F09980FFE70B98002800F09480FFE75D
:102F90008020079018200590002008904FF0FF3007
:102FA0000490099800284DD0FFE70998006820B1E7
:102FB000FFE7099800680890FFE70998806920B149
:102FC000FFE7099880690590FFE7059848B1FFE79A
:102FD0000598382805D8FFE709980079C00718B187
:102FE000FFE700200C9069E00998406928B1FFE7ED
:102FF0000998406980080790FFE70998806880B1C8
:10300000FFE70998C0685C280BD3FFE709980069BF
:1030100038B1FFE70998406918B1FFE70120049033
:103020000FE00998806858B9FFE70998C06838B977
:10303000FFE70998006918B9FFE700200490FFE74F
:10304000FFE702E000200490FFE70498012817D171
:10305000FFE70B980899079A0A9BDDF814C0DDF882
:1030600024E0DEF80850DEF81040EE46CEF80850B6
:10307000CEF80440CEF800C002F03EFA069019E007
:103080000498B0B9FFE70B980899BDF81C200A9B7B
:10309000DDF814C0EE4606ACCEF80440CEF800C011
:1030A00002F0DAF9012803D0FFE700200690FFE7DD
:1030B000FFE7FFE7FFE706980C90FFE70C980EB0DC
:1030C000B0BD00000000000080B584B00390029104
:1030D00045F68430C2F200400068009041F2C02002
:1030E000C2F200400068043001F082F808B9FFE73E
:1030F00000E0FFE70398013080B9FFE7029868B16C
:10310000FFE741F2C020C2F200400068011D45F611
:103110005C30C2F2004001F017F93DE000980399DD
:1031200008440190019841F2C021C2F200410968AF
:1031300048600198009988420ED2FFE741F2D02002
:10314000C2F20040006841F2C021C2F200410968A9
:10315000043101F0C1F81EE041F2C820C2F2004083
:10316000006841F2C021C2F200410968043101F057
:10317000B3F8019845F6E821C2F200410968884297
:1031800007D2FFE7019845F6E821C2F20041086046
:1031900000E0FFE7FFE7FFE704B080BD00000000AC
:1031A00080B582B0019001F0FBF845F2B831C2F26F
:1031B000004108680130086041F2C020C2F20040BE
:1031C000006898B9FFE7019841F2C021C2F20041BE
:1031D000086045F2B830C2F200400068012803D10F
:1031E000FFE700F005FB00E0FFE71CE045F650308C
:1031F000C2F200400068A0B9FFE741F2C020C2F26D
:1032000000400068C06A0199C96A884207D8FFE790
:10321000019841F2C021C2F20041086000E0FFE7DE
:1032200000E0FFE7FFE745F2C430C2F2004001686A
:10323000013101600068019948640198C06A45F253
:10324000C831C2F200410968884208D9FFE70198F5
:10325000C06A45F2C831C2F200410860FFE7019937
:10326000C86A00EB800241F2D820C2F2004000EBB5
:103270008200043101F068F801F0BEF845F65030E4
:10328000C2F200400068C8B1FFE741F2C020C2F2BC
:1032900000400068C06A0199C96A88420CD2FFE701
:1032A0004EF60451CEF200014FF080500860BFF39B
:1032B0004F8FBFF36F8F00E0FFE700E0FFE702B042
:1032C00080BD00000000000080B584B001F068F807
:1032D00045F68830C2F200400068002840D1FFE780
:1032E00045F68820C2F20040029000F0D5FF45F676
:1032F0009C20C2F20040039000F0CEFF0299039898
:1033000041F2C422C2F20042116041F2D421C2F261
:103310000041086069460020086041F2CC12C2F208
:10332000004241F26C23C2F200430A20102101F056
:1033300093FC014645F68830C2F200400160006807
:1033400060B1FFE745F68830C2F20040006846F2FF
:103350002961C0F6010101F047F900E0FFE700E054
:10336000FFE701F049F804B080BD00000000000054
:1033700080B582B0FFE745F2BC30C2F20040006881
:1033800008B3FFE701F00CF845F67030C2F20040D8
:10339000C068C06801900198043000F029FF45F230
:1033A000B831C2F2004108680138086045F2BC310A
:1033B000C2F2004108680138086001F01DF8019868
:1033C00000F092F8D7E702B080BD000000000000D6
:1033D00080B582B0019000910198006CB8B1FFE710
:1033E0000199C8680A6C1044C86001988168C06877
:1033F000884204D3FFE701990868C86000E0FFE74E
:103400000098019AD168126CEDF74EF8FFE702B010
:1034100080BD00000000000080B586B005900491DA
:103420000392002002900598806B01900598006C33
:1034300078B9FFE70598006848B9FFE70598806804
:1034400002F0CEF9029005990020886000E0FFE7C5
:1034500041E00398B8B9FFE7059A04995068126CE7
:10346000EDF722F8059948680A6C10444860059900
:1034700048688968884204D3FFE70599086848606E
:1034800000E0FFE726E0059A0499D068126CEDF79A
:103490000BF80599C8680A6C801AC860059801681D
:1034A000C068884206D2FFE7059988680A6C801ACE
:1034B000C86000E0FFE70398022809D1FFE7019800
:1034C00020B1FFE701980138019000E0FFE700E03C
:1034D000FFE7FFE7FFE7019801300599886302984D
:1034E00006B080BD0000000080B582B0009000985A
:1034F00090F8590040B9FFE70098006B00F0A4FF76
:10350000009800F0A1FF1CE0009890F859000128F5
:1035100004D1FFE7009800F097FF11E0009890F8C1
:10352000590002280BD0FFE74FF0500080F31188BC
:10353000BFF36F8FBFF34F8F0190FFE7FEE7FFE709
:10354000FFE702B080BD000082B0019041F2C420CC
:10355000C2F2004000680068B0FA80F040090199AA
:1035600008600198006848B9FFE741F2C420C2F240
:1035700000400068C0680068009002E000200090F1
:10358000FFE7009802B0704784B04FF4705000908D
:1035900041F2AC70C2F2004001909DF80400400777
:1035A00088B1FFE7019807300190019820F00700EB
:1035B0000190019A41F2AC71C2F200410098891A5F
:1035C00008440090FFE701980290029945F65430B4
:1035D000C2F200400160002141600298009A10444C
:1035E0000190019808380190019820F0070001909F
:1035F000019A41F2CC20C2F20040026002685160A0
:1036000002681160029903910199039A891A516025
:103610000068039908600398406845F6E421C2F207
:10362000004108600398406845F6DC21C2F2004181
:10363000086045F6B021C2F200414FF0004008603A
:1036400004B070470000000080B582B00190FFE731
:10365000FFF78EFE41F2D820C2F200400068022837
:103660000CD3FFE74EF60451CEF200014FF080502C
:103670000860BFF34F8FBFF36F8F00E0FFE7E7E70E
:1036800080B584B0DDF818C00390029101928DF8E6
:103690000330029818B9FFE70698006003E001982C
:1036A00006990860FFE703980699C863029806998F
:1036B00008640698012101F057FB9DF80300069964
:1036C00081F84C0004B080BD80B588B0DDF834C00E
:1036D000DDF830C0DDF82CC0DDF828C0069005917B
:1036E000049203930C98006B04998900A522ECF7CF
:1036F00052FF0C98006B049900EB81000438029093
:10370000029820F0070002909DF80800400758B189
:10371000FFE74FF0500080F31188BFF36F8FBFF3C6
:103720004F8F0790FFE7FEE70598F8B1FFE700200D
:103730000190FFE701980F2813D8FFE70598019A39
:10374000805C0C99114481F8340005980199405C23
:1037500008B9FFE705E0FFE7FFE7019801300190B6
:10376000E8E70C99002081F8430004E00C99002060
:1037700081F83400FFE70A98382803D3FFE73720A1
:103780000A9000E0FFE70A980C99C8620A980C9921
:10379000C8640C990020009008650C98043000F073
:1037A00093FD0C98183000F08FFD00980C9909617A
:1037B0000A99C1F138010C9A91610C9949620C99EE
:1037C00048650C9981F8580002980699039A00F010
:1037D000DFFC0C9908600B9820B1FFE70C980B995F
:1037E000086000E0FFE708B080BD000000000000B6
:1037F00080B584B000200390FFE70398372810D8E5
:10380000FFE7039800EB800141F2D820C2F20040AC
:1038100000EB810000F040FDFFE7039801300390CA
:10382000EBE745F6B420C2F20040019000F034FD11
:1038300045F6C820C2F20040029000F02DFD45F68A
:10384000FC20C2F2004000F027FD45F67030C2F2C5
:10385000004000F021FD45F65C30C2F2004000F06F
:103860001BFD0199029841F2C822C2F20042116088
:1038700041F2D021C2F20041086004B080BD0000D6
:1038800083B0029045F65430C2F200400190FFE749
:10389000019800680299884205D2FFE7FFE7019886
:1038A00000680190F4E70198009000980199496838
:1038B00008440299884209D1FFE7029842680199B9
:1038C0004868104448600198029000E0FFE70298C1
:1038D0000090009802994968084401990968884253
:1038E00020D1FFE70198006841F2CC21C2F20041EB
:1038F000096888420DD0FFE7019800684268029984
:10390000486810444860019800680068029908609F
:1039100007E041F2CC20C2F2004000680299086042
:10392000FFE704E00198006802990860FFE701984A
:103930000299884204D0FFE702980199086000E0EC
:10394000FFE703B07047000080B586B00590049192
:10395000039202930020019004980599486005980D
:10396000006104980399884216D8FFE703980299EA
:10397000401A05998969884203D3FFE70120019025
:1039800009E041F2D420C2F20040006805990431F8
:1039900000F0A2FCFFE717E003980299884208D2E2
:1039A000FFE704980299884203D3FFE701200190C2
:1039B00009E041F2C420C2F20040006805990431D8
:1039C00000F08AFCFFE7FFE7019806B080BD000029
:1039D00080B582B0019000F0E3FC0198806B18B9CB
:1039E000FFE70120009002E000200090FFE700F0D8
:1039F00003FD009802B080BD80B582B0019000F058
:103A0000CFFC0198806B0199C96B884203D1FFE715
:103A10000120009002E000200090FFE700F0ECFCA5
:103A2000009802B080BD000008480068006880F37C
:103A300008884FF0000080F3148862B661B6BFF3C7
:103A40004F8FBFF36F8F00DF00BF00BF08ED00E0B6
:103A500080B586B00490039141F2C420C2F20040C8
:103A60000068C068C06801900198043000F0C0FB95
:103A7000019890F828004007002823D5FFE7019817
:103A8000049B81691944039AFFF75EFFC0B1FFE709
:103A90000198049A694600230B60194602F090F8D9
:103AA0000290029858B9FFE74FF0500080F3118858
:103AB000BFF36F8FBFF34F8F0590FFE7FEE700E086
:103AC000FFE707E0019991F8280000F0FE0081F877
:103AD0002800FFE70198016A884706B080BD000012
:103AE00080B58EB0FFE745F68830C2F2004000682E
:103AF00007A9002201F058FB002800F0B880FFE77A
:103B00000798B0F1FF3F17DCFFE707A804300290E9
:103B1000029858B9FFE74FF0500080F31188BFF3C7
:103B20006F8FBFF34F8F0B90FFE7FEE702990A6894
:103B300048688968904700E0FFE70798002800F18F
:103B40009580FFE7099806900698406928B1FFE73D
:103B50000698043000F04CFB00E0FFE705A800F0F9
:103B6000FFF8039007980190092800F27D800199E1
:103B7000DFE801F00505053D456605053D4506996B
:103B800091F8280040F0010081F828000698089B71
:103B900081691944039AFFF7D7FE30B3FFE706980F
:103BA000016A8847069890F82800400700281AD52F
:103BB000FFE70698089982690A44694600230B606A
:103BC000194601F0FDFF0490049858B9FFE74FF043
:103BD000500080F31188BFF36F8FBFF34F8F0C90AD
:103BE000FFE7FEE700E0FFE700E0FFE73DE00699C2
:103BF00091F8280000F0FE0081F8280035E00699D1
:103C000091F8280040F0010081F8280008980699F2
:103C100088610698806958B9FFE74FF0500080F33B
:103C20001188BFF36F8FBFF34F8F0D90FFE7FEE753
:103C30000698039B816919441A46FFF785FE14E034
:103C4000069890F828008007002804D4FFE706981B
:103C500000F0FAFB07E0069991F8280000F0FE005A
:103C600081F82800FFE700E0FFE7FFE73BE70EB041
:103C700080BD00000000000080B584B00390029178
:103C800000F0B2FE684600F06BF801900098D8BBD7
:103C9000FFE7029860B9FFE703980199884207D8C7
:103CA000FFE701F07DFE03980199FFF7D1FE2AE0BE
:103CB000029858B1FFE741F2D420C2F200400068F8
:103CC0000068B0FA80F040090290FFE745F68830BE
:103CD000C2F2004000680399019A891A029A00F022
:103CE000AFFC01F05DFE60B9FFE74EF60451CEF285
:103CF00000014FF080500860BFF34F8FBFF36F8F0C
:103D000000E0FFE7FFE702E001F04AFEFFE704B052
:103D100080BD00000000000081B041F2C820C2F266
:103D200000400068006840B9FFE745F6E821C2F2AC
:103D300000414FF0FF3008600FE041F2C820C2F2AE
:103D400000400068C068C06800900098406845F670
:103D5000E821C2F200410860FFE701B070470000AF
:103D600080B582B0019001F04BFC0090009841F2C8
:103D7000BC21C2F200410968884206D2FFE700F088
:103D800013F801990120086003E001990020086000
:103D9000FFE7009841F2BC21C2F2004108600098A0
:103DA00002B080BD0000000080B588B0FFE741F29E
:103DB000C420C2F200400068006800284ED0FFE72F
:103DC00041F2C420C2F200400168C9680968069146
:103DD0000068C068C06803900398043000F008FAD7
:103DE0000398016A8847039890F828004007002844
:103DF00032D5FFE70698039989690844059005982C
:103E0000069988420FD9FFE70598039948600398FF
:103E1000006141F2C420C2F20040006803990431FD
:103E200000F05AFA17E00398069A694600230B60DF
:103E3000194601F0C5FE0290029858B9FFE74FF00D
:103E4000500080F31188BFF36F8FBFF34F8F07903F
:103E5000FFE7FEE7FFE700E0FFE7A8E741F2C42243
:103E6000C2F200421068049041F2D421C2F2004133
:103E7000086810600498086008B080BD0000000069
:103E800083B00020009040F22400C2F2004000689D
:103E9000013058B1FFE74FF0500080F31188BFF3B5
:103EA0006F8FBFF34F8F0190FFE7FEE74FF0500099
:103EB00080F31188BFF36F8FBFF34F8F0290FFE73E
:103EC000009808B9FFE7FBE703B070470000000067
:103ED00080B584B00390FFE701A8FFF735FB02909F
:103EE00002980199FFF7C8FEFFF7FAFDF4E700001A
:103EF00080B582B0019000F053FA019890F8450027
:103F00008DF80300FFE79DF90300012816DBFFE7AA
:103F10000198406A58B1FFE70198243001F0D8FCBD
:103F200018B1FFE700F098FC00E0FFE700E005E0D3
:103F30009DF8030001388DF80300E4E70199FF20A4
:103F400081F8450000F058FA00F02AFA019890F83C
:103F500044008DF80200FFE79DF90200012816DBFE
:103F6000FFE70198006980B1FFE70198103001F088
:103F7000AFFC18B1FFE700F06FFC00E0FFE79DF831
:103F8000020001388DF8020000E000E0E4E701994A
:103F9000FF2081F8440000F02FFA02B080BD00003D
:103FA00080B58AB006900020029000F01DFD41F21D
:103FB000CC20C2F20040006818B9FFE7FFF7E4FA2E
:103FC00000E0FFE7069845F6B021C2F2004109681B
:103FD000084240F0C580FFE7069800B3FFE7069867
:103FE000083006909DF818004007B0B1FFE706982A
:103FF00020F00700083006909DF81800400758B1DF
:10400000FFE74FF0500080F31188BFF36F8FBFF3CD
:104010004F8F0790FFE7FEE700E0FFE700E0FFE7D4
:104020000698002800F09A80FFE7069845F6DC2104
:10403000C2F200410968884200F29080FFE745F62D
:104040005430C2F20040049000680590FFE70598E4
:104050004168069A00209142019007D2FFE7059837
:104060000068002818BF01200190FFE70198C007F1
:1040700030B1FFE705980490059800680590E6E7E1
:10408000059841F2CC21C2F200410968884263D010
:10409000FFE70498006808300290059800680499CA
:1040A0000860059840680699401A112821D3FFE757
:1040B00005980699084403909DF80C00400758B1F4
:1040C000FFE74FF0500080F31188BFF36F8FBFF30D
:1040D0004F8F0890FFE7FEE7059840680699401A61
:1040E000039948600698059948600398FFF7C8FB54
:1040F00000E0FFE70598426845F6DC20C2F2004088
:104100000168891A0160006845F6E421C2F20041A5
:10411000096888420BD2FFE745F6DC20C2F2004076
:10412000006845F6E421C2F20041086000E0FFE7C4
:1041300045F6B020C2F20040026805994868104375
:10414000486005990020086045F6F021C2F2004160
:1041500008680130086000E0FFE700E0FFE700E0EA
:10416000FFE701F01DFC9DF80800400758B1FFE78C
:104170004FF0500080F31188BFF36F8FBFF34F8F64
:104180000990FFE7FEE702980AB080BD000000003A
:1041900083B0029001910092029804380290029933
:1041A0004FF080700860029804380290019820F067
:1041B000010002990860029804380290029943F6BF
:1041C0008160C0F6010008600298143802900098DF
:1041D0000299086002980438029002996FF0020078
:1041E0000860029820380290029803B070470000DF
:1041F00082B0019001980069009001984168806840
:104200008860019948688968486000984068019909
:10421000884205D1FFE7019880680099486000E076
:10422000FFE70199002008610099086801380860DB
:104230000098006802B0704783B00290019100922C
:10424000029945F2CC50C2F200400860019945F253
:10425000CC30C2F20040086000998020086003B0B2
:10426000704700000000000083B0029001910092AE
:10427000029945F62820C2F200400860019945F2F3
:104280002860C2F20040086000994FF48070086016
:1042900003B070470000000081B00090009901F168
:1042A0000800486000994FF0FF308860009901F1E4
:1042B0000800C860009901F1080008610099002019
:1042C000086001B07047000081B0009000990020A4
:1042D000086101B07047000084B003900291029819
:1042E000006800900098013020B9FFE7039800694A
:1042F000019010E0039808300190FFE701984068B2
:1043000000680099884205D8FFE7FFE701984068F8
:104310000190F3E7FFE7019840680299486002982E
:104320004168886001980299886002980199486004
:10433000039802990861039908680130086004B085
:10434000704700000000000083B0029001910298C5
:104350004068009000980199486000988068019931
:104360008860019800998968486001980099886080
:10437000029801990861029908680130086003B049
:104380007047000000000000DFF80C00016841F4F5
:1043900070010160704700BF88ED00E00000000080
:1043A00082B04FF0500080F31188BFF36F8FBFF3DE
:1043B0004F8F009040F22400C2F2004001680131AA
:1043C00001600068012814D1FFE74EF60450CEF2D8
:1043D00000000068000658B1FFE74FF0500080F37E
:1043E0001188BFF36F8FBFF34F8F0190FFE7FEE798
:1043F000FFE702B07047000082B040F22400C2F232
:104400000040006858B9FFE74FF0500080F3118872
:10441000BFF36F8FBFF34F8F0090FFE7FEE740F2CF
:104420002400C2F20040016801390160006830B91F
:10443000FFE700200190019880F31188FFE702B0A8
:10444000704700000000000080B586B0039003981C
:104450000290039800285CD0FFE702980838029089
:10446000029801900198406845F6B021C2F20041DF
:10447000096808420BD1FFE74FF0500080F3118824
:10448000BFF36F8FBFF34F8F0490FFE7FEE70198F4
:10449000006858B1FFE74FF0500080F31188BFF378
:1044A0006F8FBFF34F8F0590FFE7FEE701984068DD
:1044B00045F6B021C2F200410968084227D0FFE763
:1044C0000198006808BBFFE745F6B020C2F2004043
:1044D0000268019948689043486000F085FA0198A5
:1044E000426845F6DC21C2F20041086810440860C9
:1044F0000198FFF7C5F945F6F421C2F200410868BA
:104500000130086001F04CFA00E0FFE700E0FFE74F
:10451000FFE706B080BD00004EF21001CEF20001B0
:10452000002008604EF21802CEF20002106040F245
:104530001400C2F20040006844F6D352C1F2620295
:10454000A0FB02024FF0FF3000EB92104EF214027B
:10455000CEF20002106007200860704700000000E3
:1045600084B0EFF305800190019810281ED3FFE777
:1045700001984EF2F031CEF20001405C8DF803005C
:104580009DF8030045F2AC31C2F20041097888423F
:104590000BDAFFE74FF0500080F31188BFF36F8F05
:1045A000BFF34F8F0290FFE7FEE7FFE74EF60C5098
:1045B000CEF20000006800F4E06045F2B031C2F2D3
:1045C0000041096888420BD9FFE74FF0500080F3A3
:1045D0001188BFF36F8FBFF34F8F0390FFE7FEE7A4
:1045E00004B070470000000083B0029001910020E9
:1045F0000090FFE7009807281DD8FFE7009945F6CF
:104600001030C2F2004050F8310070B9FFE7019855
:10461000009A45F61031C2F2004141F8320002988A
:10462000009A01EBC201486005E0FFE7FFE7009850
:1046300001300090DEE703B070470000000000008A
:1046400080B584B003900291019203980090FFF727
:10465000A7FE009890F94400013028B9FFE70099BF
:10466000002081F84400FFE7009890F945000130F0
:1046700028B9FFE70099002081F84500FFE7FFF720
:10468000BBFE0098806B38B9FFE700982430029990
:10469000019A00F00DF900E0FFE70098FFF728FC11
:1046A00004B080BD0000000080B584B002900020FE
:1046B00001900298E0B1FFE745F2C030C2F200403D
:1046C000006858B1FFE74FF0500080F31188BFF346
:1046D0006F8FBFF34F8F0390FFE7FEE700F084F981
:1046E00002980021FEF7F0FC01F05AF9019000E079
:1046F000FFE7019860B9FFE74EF60451CEF20001E2
:104700004FF080500860BFF34F8FBFF36F8F00E012
:10471000FFE704B080BD000080B58AB00690059127
:1047200000200290069858B9FFE74FF0500080F340
:104730001188BFF36F8FBFF34F8F0790FFE7FEE73E
:10474000059858B9FFE74FF0500080F31188BFF388
:104750006F8FBFF34F8F0890FFE7FEE745F2C03041
:10476000C2F20040006858B1FFE74FF0500080F3FC
:104770001188BFF36F8FBFF34F8F0990FFE7FEE7FC
:1047800000F032F945F68430C2F200400068019032
:1047900006980068059908440490019806990968EC
:1047A000884210D2FFE7049806990968884208D227
:1047B000FFE704980199884203D9FFE7012002909E
:1047C00000E0FFE70FE0049806990968884205D3E6
:1047D000FFE704980199884203D9FFE7012002907E
:1047E00000E0FFE7FFE7049806990860029838B1F7
:1047F000FFE704980199401A0021FEF765FC00E0EC
:10480000FFE701F0CDF80390039860B9FFE74EF69B
:104810000451CEF200014FF080500860BFF34F8F7B
:10482000BFF36F8F00E0FFE70AB080BD000000001B
:1048300081B0009045F6EC20C2F20040006800997B
:10484000086045F68430C2F2004000680099486074
:1048500001B070470000000045F69031C2F20041FF
:10486000012008607047000080B584B0029001917B
:10487000029858B9FFE74FF0500080F31188BFF35A
:104880006F8FBFF34F8F0390FFE7FEE7029841F26F
:10489000C021C2F2004109681831FFF71DFD0198DF
:1048A0000121FEF711FC04B080BD000000000000F3
:1048B00080B584B0029001910092029858B9FFE748
:1048C0004FF0500080F31188BFF36F8FBFF34F8F0D
:1048D0000390FFE7FEE7029841F2C021C2F20041D7
:1048E00009681831FFF730FD009820B1FFE74FF05D
:1048F000FF300190FFE701980099FEF7E5FB04B057
:1049000080BD00000000000080B58AB00020039048
:104910000690059006A805A904AAFFF78DFC039B45
:10492000049A0599DDF818C06846C0F808C04160CF
:10493000036043F24960C0F6010046F22461C0F60C
:10494000010100F0D9FD014645F6E020C2F2004029
:104950000160006818B1FFE70120079002E0002025
:104960000790FFE70798012804D1FFE701F0DCF882
:10497000079000E0FFE70798012823D1FFE74FF0F9
:10498000500080F31188BFF36F8FBFF34F8F0890F3
:1049900045F6E821C2F200414FF0FF30086045F6CD
:1049A0005031C2F200410120086045F68431C2F264
:1049B00000410020086000F083F808B1FFE700E044
:1049C000FFE70FE00798013058B9FFE74FF05000BC
:1049D00080F31188BFF36F8FBFF34F8F0990FFE70C
:1049E000FEE7FFE70AB080BD45F2C031C2F20041E8
:1049F000086801300860704783B045F2C030C2F2E9
:104A00000040006838B1FFE745F69031C2F200413E
:104A10000120086051E045F69031C2F200410020CB
:104A2000086045F2C830C2F2004000680190FFE71C
:104A3000019800EB800141F2D820C2F2004050F80A
:104A4000210090B9FFE7019858B9FFE74FF05000F7
:104A500080F31188BFF36F8FBFF34F8F0290FFE792
:104A6000FEE7019801380190E2E7019800EB800130
:104A700041F2D820C2F2004000EB81000090009982
:104A8000486840684860009948680831884205D104
:104A9000FFE70099486840684860FFE70098406871
:104AA000C06841F2C021C2F200410860019845F29D
:104AB000C831C2F200410860FFE703B07047000050
:104AC00080B588B04EF60050CEF2000000684CF27F
:104AD0007121C4F20F1188420BD1FFE74FF0500053
:104AE00080F31188BFF36F8FBFF34F8F0590FFE7FF
:104AF000FEE74EF60050CEF2000000684CF2702146
:104B0000C4F20F1188420BD1FFE74FF0500080F341
:104B10001188BFF36F8FBFF34F8F0690FFE7FEE75B
:104B20004EF20040CEF20000039001780491FF2184
:104B3000017000788DF80B009DF80B0000F050001C
:104B400045F2AC31C2F20041087045F2B031C2F218
:104B5000004107200860FFE79DF80B0000060028D1
:104B60000DD5FFE745F2B031C2F2004108680138C7
:104B700008609DF80B0040008DF80B00ECE745F253
:104B8000B030C2F20040006803280BD0FFE74FF0BE
:104B9000500080F31188BFF36F8FBFF34F8F0790E2
:104BA000FFE7FEE745F2B031C2F2004108680002BB
:104BB0000860086800F4E060086004984EF2004164
:104BC000CEF2000108704EF62051CEF200010868C6
:104BD00040F470000860086840F070400860FFF71B
:104BE0009BFC40F22401C2F20041002001900860C9
:104BF000FFF7CAFB4EF63471CEF20001086840F0B0
:104C000040400860FEF710FFFFF7F6FEFFF738F9A7
:104C1000019808B080BD000080B582B04FF0500010
:104C200080F31188BFF36F8FBFF34F8F009000F0B8
:104C3000F3FC40B1FFE74EF60451CEF200014FF015
:104C400080500860FFE700200190019880F31188F0
:104C500002B080BD0000000080B590B0844612987C
:104C6000CDF828C00991089207938DF81B000A9887
:104C700058B9FFE74FF0500080F31188BFF36F8FF2
:104C8000BFF34F8F0B90FFE7FEE7079858B9FFE798
:104C90004FF0500080F31188BFF36F8FBFF34F8F39
:104CA0000C90FFE7FEE708990020039031B1FFE781
:104CB0000998B0FA80F040090390FFE70398C00715
:104CC00058B1FFE74FF0500080F31188BFF36F8FAA
:104CD000BFF34F8F0D90FFE7FEE708990020029089
:104CE00031B9FFE70998002818BF01200290FFE7BB
:104CF0000298C00758B1FFE74FF0500080F31188C9
:104D0000BFF36F8FBFF34F8F0E90FFE7FEE750208A
:104D10000490049850280BD0FFE74FF0500080F328
:104D20001188BFF36F8FBFF34F8F0F90FFE7FEE740
:104D3000049807980590059888B1FFE70599012028
:104D400081F846000A980999089A9DF81B30DDF809
:104D500014C0EE46CEF800C0FEF792FC00E0FFE77C
:104D6000059810B080BD000080B584B0029001911C
:104D700002980090009858B9FFE74FF0500080F378
:104D80001188BFF36F8FBFF34F8F0390FFE7FEE7EC
:104D9000FFF706FB00990B68C86B0A6C00FB02303A
:104DA000886000990020886300990868486000992D
:104DB0000B68C86B0A6C013800FB0230C8600099B0
:104DC000FF2081F84400009981F845000198D0B98E
:104DD000FFE700980069A0B1FFE70098103000F0ED
:104DE00077FD60B1FFE74EF60451CEF200014FF0BF
:104DF00080500860BFF34F8FBFF36F8F00E0FFE775
:104E000000E0FFE708E000981030FFF745FA00984F
:104E10002430FFF741FAFFE7FFF7EEFA012004B074
:104E200080BD00000000000080B592B00C900B9196
:104E30000A920993002008900C980490049858B99D
:104E4000FFE74FF0500080F31188BFF36F8FBFF37F
:104E50004F8F0E90FFE7FEE70B990020039039B9C2
:104E6000FFE70498006C002818BF01200390FFE7BB
:104E70000398C00758B1FFE74FF0500080F3118846
:104E8000BFF36F8FBFF34F8F0F90FFE7FEE70999D6
:104E900000200229029007D1FFE70498C06B013877
:104EA00018BF01200290FFE70298C00758B1FFE742
:104EB0004FF0500080F31188BFF36F8FBFF34F8F17
:104EC0001090FFE7FEE700F07FFB01460020019015
:104ED00031B9FFE70A98002818BF01200190FFE7C9
:104EE0000198C00758B1FFE74FF0500080F31188D8
:104EF000BFF36F8FBFF34F8F1190FFE7FEE7FFE720
:104F0000FFF74EFA0498806B0499C96B884204D36A
:104F1000FFE70998022834D1FFE704980B99099A12
:104F2000FEF77AFA07900498406AA0B1FFE7049868
:104F3000243000F0CDFC60B1FFE74EF60451CEF214
:104F400000014FF080500860BFF34F8FBFF36F8FA9
:104F500000E0FFE710E0079860B1FFE74EF604516C
:104F6000CEF200014FF080500860BFF34F8FBFF3C7
:104F70006F8F00E0FFE7FFE7FFF73EFA01200D909B
:104F800065E00A9828B9FFE7FFF736FA00200D9090
:104F90005DE0089830B9FFE705A8FFF749FC01205C
:104FA000089000E0FFE7FFE7FFE7FFF725FAFFF7CC
:104FB0001BFDFFF7F5F9049890F94400013028B97A
:104FC000FFE70499002081F84400FFE7049890F976
:104FD0004500013028B9FFE70499002081F8450019
:104FE000FFE7FFF709FA05A80AA900F0CDF928BBE9
:104FF000FFE70498FEF700FDC8B1FFE70498103002
:105000000A99FFF731FC0498FEF772FF00F0C8FC24
:1050100060B9FFE74EF60451CEF200014FF0805028
:105020000860BFF34F8FBFF36F8FFFE705E0049871
:10503000FEF75EFF00F0B4FCFFE707E00498FEF720
:1050400057FF00F0ADFC00200D9000E058E70D98F0
:1050500012B080BD0000000080B592B00B900A91A4
:10506000099208930B980590059858B9FFE74FF0FF
:10507000500080F31188BFF36F8FBFF34F8F0C90F8
:10508000FFE7FEE70A990020029039B9FFE705988B
:10509000006C002818BF01200290FFE70298C007AB
:1050A00058B1FFE74FF0500080F31188BFF36F8FC6
:1050B000BFF34F8F0D90FFE7FEE70899002002290C
:1050C000019007D1FFE70598C06B013818BF012098
:1050D0000190FFE70198C00758B1FFE74FF050007B
:1050E00080F31188BFF36F8FBFF34F8F0E90FFE7F0
:1050F000FEE7FFF735FAEFF311814FF0500080F330
:105100001188BFF36F8FBFF34F8F10910F901098DE
:1051100006900598806B0599C96B884204D3FFE718
:105120000898022833D1FFE7059890F845008DF8DC
:1051300013000598806B039005980A99089AFEF76A
:105140006BF99DF913000130B8B9FFE70598406A83
:1051500088B1FFE70598243000F0BAFB48B1FFE7BB
:10516000099820B1FFE709990120086000E0FFE7F6
:1051700000E0FFE700E0FFE706E09DF813000130E4
:10518000059981F84500FFE70120079002E0002023
:105190000790FFE706981190119880F311880798FF
:1051A00012B080BD0000000080B58EB0099008915B
:1051B00007920020069009980390039858B9FFE7DA
:1051C0004FF0500080F31188BFF36F8FBFF34F8F04
:1051D0000B90FFE7FEE708990020019039B9FFE73F
:1051E0000398006C002818BF01200190FFE7019888
:1051F000C00758B1FFE74FF0500080F31188BFF3AC
:105200006F8FBFF34F8F0C90FFE7FEE700F0DCF9E4
:1052100001460020009031B9FFE70798002818BF29
:1052200001200090FFE70098C00758B1FFE74FF05A
:10523000500080F31188BFF36F8FBFF34F8F0D9035
:10524000FFE7FEE7FFE7FFF7ABF80398806B0290FC
:10525000029830B3FFE703980899FEF7B9F802986F
:1052600001380399886303980069A0B1FFE70398A8
:10527000103000F02DFB60B1FFE74EF60451CEF286
:1052800000014FF080500860BFF34F8FBFF36F8F66
:1052900000E0FFE700E0FFE7FFF7AEF801200A902B
:1052A0006DE0079828B9FFE7FFF7A6F800200A90FD
:1052B00065E0069830B9FFE704A8FFF7B9FA0120C6
:1052C000069000E0FFE7FFE7FFE7FFF795F8FFF73D
:1052D0008BFBFFF765F8039890F94400013028B97B
:1052E000FFE70399002081F84400FFE7039890F955
:1052F0004500013028B9FFE70399002081F84500F7
:10530000FFE7FFF779F804A807A900F03DF830BBE4
:10531000FFE70398FEF75CFBD0B1FFE7039824306A
:105320000799FFF7A1FA0398FEF7E2FD00F038FBBA
:1053300060B9FFE74EF60451CEF200014FF0805005
:105340000860BFF34F8FBFF36F8F00E0FFE705E00A
:105350000398FEF7CDFD00F023FBFFE70EE0039876
:10536000FEF7C6FD00F01CFB0398FEF731FB18B1F9
:10537000FFE700200A9002E0FFE7FFE763E70A98F3
:105380000EB080BD0000000080B588B0059004918B
:10539000059858B9FFE74FF0500080F31188BFF32C
:1053A0006F8FBFF34F8F0690FFE7FEE7049858B961
:1053B000FFE74FF0500080F31188BFF36F8FBFF30A
:1053C0004F8F0790FFE7FEE7FEF7EAFF45F68430D0
:1053D000C2F2004000680290029805994968401A9C
:1053E000019004980068013018B9FFE7002003908D
:1053F0002BE045F6EC20C2F20040006805990968F0
:10540000884209D0FFE7029805994968884203D38A
:10541000FFE70120039017E001980499096888428A
:105420000BD2FFE7019A04990868801A0860059872
:10543000FFF7FEF90020039005E0049900200860C2
:1054400001200390FFE7FFE7FFE7FEF7D5FF039892
:1054500008B080BD0000000070B58CB0DDF844C01D
:10546000DDF840C00B900A91ADF826200893BDF8F6
:1054700026008000FEF794FD0590059880B1FFE7B7
:105480005C20FEF78DFD0790079820B1FFE7059897
:105490000799086303E00598FEF7D6FFFFE702E0EF
:1054A00000200790FFE70798F0B1FFE70798002674
:1054B00080F859600B980A99BDF82620089BDDF802
:1054C00040C0119C079DEE46CEF80C60CEF8085007
:1054D000CEF80440CEF800C0FEF7F6F80798FDF7C6
:1054E0005FFE0120069003E04FF0FF300690FFE7DB
:1054F00006980CB070BD0000B0B58EB0DDF850C09D
:10550000DDF84CC0DDF848C00A9009910892079375
:10551000139858B9FFE74FF0500080F31188BFF39C
:105520006F8FBFF34F8F0B90FFE7FEE7149858B9CA
:10553000FFE74FF0500080F31188BFF36F8FBFF388
:105540004F8F0C90FFE7FEE75C20049004985C28E6
:105550000BD0FFE74FF0500080F31188BFF36F8F3F
:10556000BFF34F8F0D90FFE7FEE70498149820B328
:10557000FFE7139808B3FFE714980690139806996D
:1055800008630699022081F859000A980999089A37
:10559000079BDDF848C0069CEE460025CEF80C506F
:1055A000CEF8084005ACCEF80440CEF800C0FEF7B7
:1055B0008BF80698FDF7F4FD02E000200590FFE768
:1055C00005980EB0B0BD000081B045F65030C2F273
:1055D0000040006818B9FFE7012000900DE045F297
:1055E000C030C2F20040006818B9FFE70220009006
:1055F00002E000200090FFE7FFE7009801B070474D
:1056000081B045F68430C2F20040006800900098F6
:1056100001B070470000000080B586B00020029005
:1056200045F2C030C2F200400068002840F0CB8054
:10563000FFE745F68431C2F200410868013001906D
:1056400001980860019858BBFFE741F2C820C2F2F8
:1056500000400068006858B1FFE74FF0500080F349
:105660001188BFF36F8FBFF34F8F0590FFE7FEE701
:1056700041F2C822C2F200421068009041F2D021EB
:10568000C2F20041086810600098086045F6EC21FD
:10569000C2F20041086801300860FEF73DFB00E0FF
:1056A000FFE7019845F6E821C2F200410968884207
:1056B00068D3FFE7FFE741F2C820C2F2004000686C
:1056C000006840B9FFE745F6E821C2F200414FF01B
:1056D000FF30086055E041F2C820C2F20040006887
:1056E000C068C068049004984068039001980399CA
:1056F000884207D2FFE7039845F6E821C2F200414D
:1057000008603EE0FFE704980430FEF771FD04985E
:10571000806A28B1FFE704981830FEF769FD00E0C1
:10572000FFE70498C06A45F2C831C2F20041096837
:10573000884208D9FFE70498C06A45F2C831C2F22E
:1057400000410860FFE70499C86A00EB800241F25B
:10575000D820C2F2004000EB82000431FEF7F4FDD5
:105760000498C06A41F2C021C2F200410968C96AC6
:10577000884203D3FFE70120029000E0FFE7FFE744
:1057800099E7FFE741F2C020C2F200400068C06A1A
:1057900000EB800141F2D820C2F2004050F8210015
:1057A000022803D3FFE70120029000E0FFE745F65F
:1057B0009030C2F20040006818B1FFE7012002906B
:1057C00000E0FFE707E045F6F821C2F20041086873
:1057D00001300860FFE7029806B080BD00000000BD
:1057E00080B586B003900398029000200190039842
:1057F000002867D0FFE7029841F2C021C2F20041C1
:10580000096888420BD0FFE74FF0500080F3118801
:10581000BFF36F8FBFF34F8F0490FFE7FEE702984F
:10582000006D58B9FFE74FF0500080F31188BFF3C7
:105830006F8FBFF34F8F0590FFE7FEE70299086D6A
:10584000013808650299C86AC96C884238D0FFE7F8
:105850000298006D90BBFFE702980430FEF7C8FC89
:1058600008B9FFE700E0FFE70299C86CC862029937
:10587000C86AC0F1380088610298C06A45F2C83130
:10588000C2F200410968884208D9FFE70298C06A5D
:1058900045F2C831C2F200410860FFE70299C86AC8
:1058A00000EB800241F2D820C2F2004000EB8200FF
:1058B0000431FEF749FD0120019000E0FFE700E020
:1058C000FFE700E0FFE7019806B080BD00000000A0
:1058D00080B584B002900298C068C06801900198B9
:1058E00058B9FFE74FF0500080F31188BFF36F8F76
:1058F000BFF34F8F0390FFE7FEE701981830FEF7E4
:1059000077FC45F2C030C2F20040006820BBFFE7E0
:1059100001980430FEF76CFC0198C06A45F2C8316A
:10592000C2F200410968884208D9FFE70198C06ABD
:1059300045F2C831C2F200410860FFE70199C86A28
:1059400000EB800241F2D820C2F2004000EB82005E
:105950000431FEF7F9FC09E0019800F1180145F661
:10596000FC20C2F20040FEF7EFFCFFE70198C06A9E
:1059700041F2C021C2F200410968C96A884208D9CF
:10598000FFE70120009045F69031C2F20041086027
:1059900002E000200090FFE7009804B080BD000006
:1059A00080B584B000200290019045F2C030C2F270
:1059B0000040006858B9FFE74FF0500080F31188AD
:1059C000BFF36F8FBFF34F8F0390FFE7FEE7FEF744
:1059D000E7FC45F2C030C2F20040016801390160C5
:1059E0000068002840F09980FFE745F2B830C2F225
:1059F00000400068002800F08F80FFE7FFE745F6D1
:105A0000FC20C2F200400068002842D0FFE745F6C3
:105A1000FC20C2F20040C068C068029002981830B2
:105A2000FEF7E6FB02980430FEF7E2FB0298C06A3C
:105A300045F2C831C2F200410968884208D9FFE73F
:105A40000298C06A45F2C831C2F200410860FFE71F
:105A50000299C86A00EB800241F2D820C2F20040ED
:105A600000EB82000431FEF76FFC0298C06A41F23D
:105A7000C021C2F200410968C96A884207D3FFE722
:105A800045F69031C2F200410120086000E0FFE7D6
:105A9000B5E7029818B1FFE7FEF73EF9FFE745F6D4
:105AA000F820C2F20040006800900098E0B1FFE7E3
:105AB000FFE7FFF7B1FD38B1FFE745F69031C2F2DD
:105AC00000410120086000E0FFE7009801380090E5
:105AD000FFE700980028ECD1FFE745F6F821C2F275
:105AE00000410020086000E0FFE745F69030C2F278
:105AF0000040006870B1FFE7012001904EF60451AC
:105B0000CEF200014FF080500860BFF34F8FBFF31B
:105B10006F8F00E0FFE7FFE700E0FFE7FEF76CFCB8
:105B2000019804B080BD000080B58AB000200890C4
:105B3000FDF7CAFB45F68830C2F20040006858B352
:105B4000FFE7002004900790069007A806A905AA81
:105B5000FEF78AFB049B059A0698DDF81CC069468F
:105B6000C1F808C048600220086043F6D160C0F662
:105B7000010046F22E61C0F60101FFF7BDFC0146AF
:105B800045F68C30C2F200400160006818B1FFE7B2
:105B900001200890FFE700E0FFE7089858B9FFE709
:105BA0004FF0500080F31188BFF36F8FBFF34F8F1A
:105BB0000990FFE7FEE708980AB080BD00000000EA
:105BC00080B58AB0DDF830C0089007910692059341
:105BD00000200490089858B9FFE74FF0500080F378
:105BE0001188BFF36F8FBFF34F8F0990FFE7FEE778
:105BF00045F68830C2F200400068A8B3FFE7079876
:105C000000900698019008980290079805281EDCDD
:105C1000FFE7FFF7D9FC02280CD1FFE745F68830F3
:105C2000C2F2004000680C9A69460023FFF7FCF8B6
:105C300004900BE045F68830C2F2004000686946E7
:105C400000231A46FFF7F0F80490FFE70BE045F653
:105C50008830C2F200400068059A69460023FFF7C9
:105C6000FBF90490FFE700E0FFE704980AB080BD6D
:105C70004100080218BF04200A0E18BF40F00100BE
:105C80004FF07F4232EA010108BF40F002000128D4
:105C900008BF05207047000010B54FF00E402DEDF5
:105CA000028BB0EE408A18EE104A00EB4400B0F1CF
:105CB000506F4AD84FF0FC40B0EB440F22D2B0EE08
:105CC000C80AF7EE000A30EEC00AF6EE000A60EEEF
:105CD000208A18EE900A00F031FA01EE100A14F052
:105CE000004F1DBFDFED2D0A9FED2D0AB1EE411AC9
:105CF000DFED2C0A08BF9FED2C0AF8EE001A21EE0A
:105D0000218A05E0DFED290A68EE088AB0EE600A14
:105D10009FED271ADFED271A30EE080A48EE811AA8
:105D20009FED251A08EEA11ADFED241A48EE811A1C
:105D30009FED231A08EEA11A68EE281ABDEC028B1B
:105D400001EE810A30EE200A10BD4FF0E440B0EBC6
:105D5000440F0CD918EE100AFFF78AFF042808BF79
:105D600000F0E4F9B0EE480ABDEC028B10BD4FF034
:105D70007F40B0EB440F07D2B0EE480ABDEC028B77
:105D8000BDE8104000F0C4B90120EAF770FCBDEC9A
:105D9000028BBDE8104000F0C1B900000000C9BF8F
:105DA00022AAFDB90000C93F22AAFD390000000067
:105DB00024FE1C3DC78AD83C1E67383D1B93993D85
:105DC000AFAA2A3E70B54FF068422DED048BF0EE7D
:105DD000408A18EE900AB0EE608A18EE101A02EBB4
:105DE0004003B3F1654F3CBF02EB4102B2F1654F96
:105DF0007DD200BFC0F3C753C1F3C7529A1A1B2A02
:105E000009DD10F0004F14BF9FED830A9FED830A58
:105E1000BDEC048B70BD12F11A0F36DA11F0004F91
:105E200009D010F0004F0CBF9FED7D0A9FED7D0A59
:105E3000BDEC048B70BD88EE889A19EE100AFFF74E
:105E400017FF042808BF00F071F918EE900AFFF759
:105E50000FFF054618EE100AFFF70AFF044619EE79
:105E6000100AFFF705FF042D18BF052D08D1042CDB
:105E700018BF052C04D1002804BF0220EAF7F7FB65
:105E8000B0EE490ABDEC048B70BD4200B2EB410F8D
:105E90003AD910F0004F19BFDFED630A9FED630A96
:105EA000DFED630A9FED630AB0EE481A0A46B1EED1
:105EB000688A80F00041F0EE418A10460A1A5200CA
:105EC000B2F1807F34D2484010F0004FDFED5A1A13
:105ED0009FED5A2A1DBFBEEE001A70EEE10A30EEA9
:105EE000420AB6EE001A08BF70EEA10A00E040E0D8
:105EF00008BF30EE020AB0EE682A01EE482A08EE2A
:105F0000818AC2EE081A15E011F0004F04BF9FED20
:105F10004C0AF0EE400AD1D010F0004F19BFDFED6F
:105F2000490A9FED490ADFED490A9FED490AC5E795
:105F3000C8EE881A21EEA11A9FED462ADFED462A07
:105F400041EE022A9FED452A01EE222ADFED442A86
:105F500041EE022A9FED432ABDEC048B01EE222A7A
:105F600021EE811A01EE020A30EE210A30EE200AFB
:105F700070BD4FF07F42B2EB400F28BFB2EB410F34
:105F800009D2F0EE480AB0EE680ABDEC048BBDE819
:105F9000704000F0C0B840EA01035B0008BF41F068
:105FA000FF410BD0B2EB400F08BFB2EB410F08D15D
:105FB00020F0804008EE900A21F0804108EE101A8F
:105FC00018E7B2EB400F12BF5FEA410340F0FF4019
:105FD00001F000413FF40EAFB2EB410F12BF5FEA98
:105FE000400200F0004041F0FF413FF403AF4A009F
:105FF00092EA40033FF5FEAE002AACBF9FED1A0ABD
:106000009FED1A0A68EE808A28EE008A18EE900A40
:1060100018EE101AEEE60000DB0FC9BFDB0FC93F18
:10602000DB0F4940DB0F49C00000C9BF22AAFDB900
:106030000000C93F22AAFD390060ED3EC30ACE37F9
:1060400000000000000049C022AA7DBA00004940BB
:1060500022AA7D3A2DAD65BD8FB8D53D0FB511BED5
:1060600061C84C3EA8AAAABE0000804F0000802F45
:1060700000B52DED028B83B0B1EEC08B18EE100A87
:1060800018EE901A8DED008B002818BF01200843F0
:1060900020F00040C0F17F6000F1E040C00F14D05C
:1060A00010EE101A10EE900A8DED000B002918BFAB
:1060B0000121084320F00040C0F17F6000F1E04082
:1060C000C00F04BF0120EAF7D2FAB0EE480B03B0CC
:1060D000BDEC028B00BD10B52DED028BB1EEC08A78
:1060E00018EE100A20F00040C0F1FF40C00F0AD0A7
:1060F00010EE100A20F00040C0F1FF40C00F04BFB6
:106100000120EAF7B4FAB0EE480ABDEC028B10BDEC
:1061100030EE000A704730EE200A7047DFED020AC9
:1061200080EEA00A70470000000000009FED020A08
:1061300020EE000A704700000000001010B500EECD
:10614000100A2DED028BB1EEC08A18EE100A20F075
:106150000040C0F1FF40C00F0AD010EE100A20F03E
:106160000040C0F1FF40C00F04BF0120EAF77FFAF2
:1061700018EE100ABDEC028B10BD4FF07E5209E004
:1061800011F0004204D54042C1F1000138BF491E60
:1061900042F07E5202F170620B0012BF20235FEAD0
:1061A00000017047B1FA81FC01FA0CF1A3EB0C037A
:1061B00020FA03FC41EA0C0102EBC352C3F12003B5
:1061C00010FA03FC5CEA416C42EB112018BF5FF04F
:1061D000806C28BF20F001007047F1EE100A4FF6E6
:1061E000FF71C0F2C03120EA010040F04070E1EEE2
:1061F000100A7047000000000000000000000000CE
:10620000000000000000000001000000020000008B
:106210000300000004000000000000000500000072
:106220000000000000000000000000000600000068
:106230000000000000000000000000000700000057
:10624000000000000102030401020304060708091C
:106250000001020304050607080C10141820304042
:1062600000061016000610160804020408010101B9
:106270000101010307010000010002000400060003
:1062800008000A000C0010002000400080000001FF
:10629000005EBCE2613FDD83C29C7E20A3FD1F4106
:1062A0009DC3217FFCA2401E5F01E3BD3E6082DCF6
:1062B000237D9FC1421CFEA0E1BF5D0380DE3C62E6
:1062C000BEE0025CDF81633D7C22C09E1D43A1FFD6
:1062D0004618FAA427799BC584DA3866E5BB5907C6
:1062E000DB856739BAE406581947A5FB7826C49AB6
:1062F000653BD987045AB8E6A7F91B45C6987A24A6
:10630000F8A6441A99C7257B3A6486D85B05E7B995
:106310008CD2306EEDB3510F4E10F2AC2F7193CD85
:10632000114FADF3702ECC92D38D6F31B2EC0E5075
:10633000AFF1134DCE90722C6D33D18F0C52B0EE65
:10634000326C8ED0530DEFB1F0AE4C1291CF2D7355
:10635000CA947628ABF517490856B4EA6937D58B45
:106360005709EBB536688AD495CB2977F4AA481635
:10637000E9B7550B88D6346A2B7597C94A14F6A825
:10638000742AC896154BA9F7B6E80A54D7896B3515
:106390000000891112239B322446AD573665BF7425
:1063A000488CC19D5AAFD3BE6CCAE5DB7EE9F7F8D5
:1063B0008110080193331A22A5562C47B7753E6405
:1063C000C99C408DDBBF52AEEDDA64CBFFF976E8B5
:1063D00002218B30100299132667AF763444BD55E5
:1063E0004AADC3BC588ED19F6EEBE7FA7CC8F5D995
:1063F00083310A2091121803A7772E66B5543C45C5
:10640000CBBD42ACD99E508FEFFB66EAFDD874C974
:1064100004428D5316619F702004A9153227BB36A4
:106420004CCEC5DF5EEDD7FC6888E1997AABF3BA54
:1064300085520C4397711E60A1142805B3373A2684
:10644000CDDE44CFDFFD56ECE9986089FBBB72AA34
:1064500006638F7214409D512225AB343006B91764
:106460004EEFC7FE5CCCD5DD6AA9E3B8788AF19B14
:1064700087730E6295501C41A3352A24B116380744
:10648000CFFF46EEDDDC54CDEBB962A8F99A708BF4
:10649000088481951AA793B62CC2A5D33EE1B7F024
:1064A0004008C919522BDB3A644EED5F766DFF7CD4
:1064B000899400859BB712A6ADD224C3BFF136E004
:1064C000C1184809D33B5A2AE55E6C4FF77D7E6CB4
:1064D0000AA583B4188691972EE3A7F23CC0B5D1E4
:1064E0004229CB38500AD91B666FEF7E744CFD5D94
:1064F0008BB502A499961087AFF326E2BDD034C1C4
:10650000C3394A28D11A580BE77F6E6EF55C7C4D73
:106510000CC685D71EE597F42880A1913AA3B3B2A3
:10652000444ACD5B5669DF78600CE91D722FFB3E53
:106530008DD604C79FF516E4A9902081BBB332A283
:10654000C55A4C4BD7795E68E11C680DF33F7A2E33
:106550000EE787F61CC495D52AA1A3B03882B19363
:10656000466BCF7A5448DD59622DEB3C700EF91F13
:106570008FF706E69DD414C5ABB122A0B992308343
:10658000C77B4E6AD5585C49E33D6A2CF11E780FF3
:10659000FC65010800000000000000000000000091
:1065A00000000000000200000800000000000000E1
:1065B0000000000007660108000000000000000065
:1065C00000000000000000000004000018000000AF
:1065D0000000000000000000136601080000000039
:1065E000000000000000000000000000001000009B
:1065F00018000000000000000000000062757A7AB8
:1066000065727461736B006368617373697374613D
:10661000736B00696E737461736B0075617274746F
:1066200061736B0049444C4500546D725100546DC8
:1066300072205376630000001B6601080000000012
:106640000000000000000000000000000008000042
:10665000180000000000000000000000886601082B
:10666000000000245000000008030008D86601085C
:106670005000002448700000240300080D9DFFFF17
:10668000019DFFFF000000003333EB3A58A08B3A26
:106690007017701710270040004000000090D003D2
:1066A0000090D0030101000010000000AAAAAAAACD
:1066B0007D04017C000240AB0341010553080658EC
:1066C00004070F000810810911000A15800B16003D
:0866D0000C18010D0000000090
:04000005080002CD20
:00000001FF
