:020000040800F2
:1000000078240120A10100089D8D0008E169000805
:10001000018B000821160008BDC90008000000007F
:10002000000000000000000000000000B19B00087C
:10003000E528000800000000D195000849A3000849
:10004000BB010008BB010008BB010008BB010008A0
:10005000BB010008BB010008BB010008BB01000890
:10006000BB0100084529000851290008BB01000810
:1000700075250008BB010008BB010008BB01000892
:10008000BB010008BB010008BB010008BB01000860
:1000900025160008BB010008BB0100085D29000807
:1000A000BB010008BB010008BB010008BB01000840
:1000B0001DA400082DA40008BB010008BB01000816
:1000C000BB010008BB010008BB010008BB01000820
:1000D000BB010008DDAC0008BB010008EDAC000866
:1000E000BB010008BB010008BB010008BB01000800
:1000F000BB010008BB010008BB010008BB010008F0
:10010000BB010008BB010008BB010008BB010008DF
:10011000BB010008BB010008BB010008BB010008CF
:10012000BB01000885250008BB010008BB010008D1
:10013000BB010008BB010008BB010008BB010008AF
:10014000BB01000835160008BB010008F18F00084C
:1001500095250008BB010008A5250008ADAD0008E5
:10016000BB010008BB010008BB010008BB0100087F
:10017000BB010008BB010008BB0100080000000033
:10018000BD680008BB010008DFF810D001F094F84A
:1001900000F0CCFD0048004735D900087824012044
:1001A0000648804706480047FEE7FEE7FEE7FEE711
:1001B000FEE7FEE7FEE7FEE7FEE7FEE709A400082C
:1001C000890100089FED1A1AF5EE000A40EE010AB7
:1001D000BDEEE00AF5EEC00A10EE100AF1EE10FADC
:1001E00038BF401E00EE100A1349F7EE001AB8EEB1
:1001F000C00A30EEC00ADFED0F0A20EE200AFCEE46
:10020000C00A10EE900AC0F3080000EE900A01EB5D
:100210008000F8EE600A90ED011A70EE600A90ED31
:10022000000A71EEE01A21EE800A00EE810A7047A2
:1002300083F9223E00000044AC010108B5EEC00A7B
:10024000F1EE10FA07D2DFED1E0AB4EEE00AF1EE8D
:1002500010FAA8BF7047DFED1B0AB5EEC00A60EECA
:10026000200ABDEEE01A11EE100AF1EE10FA38BFC6
:10027000401E00EE100A1549F7EE001AB8EEC00A4B
:1002800030EEC00ADFED100A60EE200ABCEEE00A94
:1002900010EE100AC0F3080000EE100A01EB800017
:1002A000B8EE400A90ED011A70EEC00A90ED000A17
:1002B00071EEE01A21EE800A00EE810A704700001C
:1002C000CD024CB483F9223E00000044AC01010889
:1002D00070B405880E884468D1F804C05368B542EC
:1002E00008D140884988884201BF11888D425188D1
:1002F000884203D070BC6FF00200704705FB00F12C
:10030000880827D094ED001ADCED000A94ED010A6C
:10031000DCED011A31EE201AD4ED020A70EE211A3A
:100320009CED020A83ED001AC3ED011A94ED031A45
:10033000DCED031A30EE800A401E71EE210A83EDD7
:10034000020A04F11004C3ED030A03F110030CF1D7
:10035000100CD7D111F0030030D0B0F1004F30D2E3
:1003600000282BDD211F1B1FACF1040210F0010F30
:100370000AD091ED010AD2ED010A091D121D30EEDD
:10038000200A83ED010A1B1D400817D091ED010AD8
:10039000D2ED010A401E30EE200A83ED010A91EDF4
:1003A000020AD2ED020A01F1080102F1080230EE60
:1003B000200A83ED020A03F10803E7D170BC002094
:1003C0007047B4EC010A401EFCEC010A30EE200A32
:1003D000A3EC010AF5D1F1E7018042804360704748
:1003E0002DE9F34F84B0049840680090486801906C
:1003F0000498B0F800E04588DFEDFE0A0020029086
:10040000B0EE600AAE4506D108884988884204BF2C
:100410007146864504D06FF0020006B0BDE8F08F4B
:1004200001985FEA010C18BFB7EE001A3DD000BF7B
:10043000BEEB0C0117D0B1F1004F80F01F820029F4
:1004400011DD021F11F0010F1CBFC2ED010A121DC8
:100450004B1006D0C2ED010AC2ED020A08325B1E43
:10046000F8D100EB8100BCF10102A0EC011A19D017
:10047000B2F1004F80F00882002A13DD031F12F052
:10048000010F1CBFC3ED010A1B1D511008D000BF96
:10049000C3ED010AC3ED020A491E03F10803F7D1B7
:1004A00000EB8200BCF1010CC2D14FF000080395B3
:1004B000002D14BFB0EE602A002000F0BF8100BF05
:1004C000009908FB05F001EB800B0199DBED002A98
:1004D00001EB80000346F0EE421AC64552D9AEEB5E
:1004E0000802ABEB850112F0010F17D001EB85017B
:1004F00091ED000AB5EEC00AF1EE10FA07DDB4EE98
:10050000E10AF1EE10FA09DDF0EE401A06E0B1EE74
:10051000400AF4EEC01AF1EE10FAF5D3521031D0C1
:1005200001EB850C9CED000AB5EEC00AF1EE10FA65
:1005300005DDB4EEE10AF1EE10FA09DD06E0B1EEF8
:10054000400AF4EEC01AF1EE10FA01D2F0EE401AB1
:1005500001EBC50191ED000AB5EEC00AF1EE10FA0B
:1005600005DDB4EEE10AF1EE10FA09DD06E0B1EEC8
:10057000400AF4EEC01AF1EE10FA01D2F0EE401A81
:10058000521ECDD1F5EEC01AF1EE10FA00F07381D3
:10059000F5EEC02A0126F1EE10FA0099D4BFB1EEB3
:1005A000620AB0EE620AB4EE610AF1EE10FA1CBF04
:1005B000AEEB0802B2F1010C47D005FB08F201EBEB
:1005C000820292ED001A00BFB0EE410A05FB06F46C
:1005D000B5EEC00A00EB8404F1EE10FACCBFF0EEE9
:1005E000400AF1EE400AF4EE610AF1EE10FA28D169
:1005F000B5EB080C11D0BCF1004F7DD2BCF1000F5F
:100600000BDD00BF92ED000AD1ED000ABCF1010C38
:10061000E2EC010AA1EC010AF4D129000ED0B1F1FB
:10062000004F6AD2002909DD94ED000AD0ED000ADE
:10063000491EE4EC010AA0EC010AF5D10120029068
:100640000BE0761CBCF1010CBED10298012804D04D
:10065000F5EEC02AF1EE10FA7ED09BED000AB5EB64
:1006600008009A465946064622D0B0F1004F74D28F
:1006700000281DDD091F10F0010F06D0F0EE400A22
:1006800080EEA01A81ED011A091D401010D000BFA4
:10069000D1ED010A401E80EE801A81ED011A91ED24
:1006A000021AC1EE000AC1ED020A01F10801EFD100
:1006B000280026D0B0F1004F7ED2002821DDAAF11B
:1006C000040110F0010F06D0D1ED010A80EE801A6E
:1006D00081ED011A091D401013D000BFD1ED010AB0
:1006E000401E80EE801A81ED011AD1ED020A80EEE3
:1006F000801A81ED021A01E0CBE0D6E001F1080199
:10070000ECD1DDE900124FF000095FEA0E0773D06B
:10071000C14504BF01EB860102EB850274D091ED67
:10072000000ADC465046331E35D01C46B6F1004F59
:100730007ED2002C2FDD0B1FABF1040C16F0010F45
:100740000FD0F0EE400ADCED011AB0EE601A00EEB8
:10075000E11A83ED011A01E08DE0B1E01B1D0CF1FF
:10076000040C741015D000BFD3ED010A9CED011AE2
:1007700040EE410AC3ED010AD3ED020A9CED021AD4
:100780000CF1080C40EE410AC3ED020A0833641E66
:10079000EAD101EB86012B0036D0B3F1004F72D2C3
:1007A000002B31DDA2F1040CAAF1040013F0010FBB
:1007B0000CD0DCED010A00E08BE090ED011A001D89
:1007C00040EE410ACCED010A0CF1040C5C1019D08A
:1007D000DCED010A90ED011A40EE410ACCED010A70
:1007E000DCED020A90ED021A083040EE410ACCED31
:1007F000020A03E0000000000DE005E0641E0CF1B9
:10080000080CE5D102EB830201EB88017F1E09F1A0
:1008100001097FF47DAF009808F10108001D0090E8
:100820000398401E03907FF44BAE0299012900E02B
:1008300058E004BF06B0BDE8F08F00BFB5EEC00AB7
:10084000F1EE10FA7FF4E9AD04990EFB05F3002BED
:100850004A684FF000010BD902EB810C9CED000AB5
:10086000B5EEC00AF1EE10FA02D1491C8B42F3D862
:100870008B427FF4D2AD6FF00400CEE5E0EC010ACC
:10088000491EFBD1EFE538E0E0EC010A521EFBD136
:1008900008E692ED000AD1ED000ABCF1010CE2EC91
:1008A000010AA1EC010AF4D1B7E694ED000AD0EDFB
:1008B000000A491EE4EC010AA0EC010AF5D1BDE6EC
:1008C000D1ED000A401E80EE801AA1EC011AF7D18A
:1008D000EEE6D3ED000A401E80EE801AA3EC011A6A
:1008E000F7D10EE7BCEC011AD1ED000A5B1E40EE19
:1008F000410AE1EC010AF5D14DE7B0EC011AD2ED65
:10090000000A5B1E40EE410AE2EC010AF5D17BE7EA
:100910002DE9F04F82B046685368019305884788F7
:100920004B88002000900888874201BFB2F800C0C1
:100930006545528893421EBF6FF0020002B0BDE8C9
:10094000F08F9FED412A4FEA970EC7F3400B00BF8F
:10095000DDE9000202EB800A4A6898464FF0000980
:10096000B0EE420AB4465FEA0E0025D092ED001ABE
:10097000DCED001A02EB8302DCED010A01EE810AD4
:1009800092ED001A02EB8302401ED2ED001A02EB38
:10099000830200EE810A9CED021ADCED030A0004DA
:1009A0000CF1100C000C01EE210A92ED001A02EB82
:1009B000830200EE810AD9D117F0030026D0ACF1F2
:1009C0000404A2EB830210F0010F08D002EB8302B3
:1009D000D4ED010A92ED001A241D00EE810A5FEAAF
:1009E0000B0013D002EB830CD4ED010A9CED001A2E
:1009F00002EBC302401E00EE810AD4ED020A92ED22
:100A0000001A04F1080400EE810AEBD109F101009B
:100A1000AAEC010A1FFA80F9486800EB8902A8F1E4
:100A200001001FFA80F8B8F1000F99D1009806EB89
:100A30008706184480B20090681E05042D0C87D1EB
:100A400002B00020BDE8F08F0000000070B40588FF
:100A50000E884468D1F804C05368B54208D1408874
:100A60004988884201BF11888D425188884203D04D
:100A700070BC6FF00200704705FB00F1880827D0BA
:100A800094ED001ADCED000A94ED010ADCED011A88
:100A900031EE601AD4ED020A70EE611A9CED020A82
:100AA00083ED001AC3ED011A94ED031ADCED031A6D
:100AB00030EEC00A401E71EE610A83ED020A04F1B5
:100AC0001004C3ED030A03F110030CF1100CD7D18D
:100AD00011F0030030D0B0F1004F30D200282BDDF0
:100AE000211F1B1FACF1040210F0010F0AD091ED81
:100AF000010AD2ED010A091D121D30EE600A83EDD4
:100B0000010A1B1D400817D091ED010AD2ED010A20
:100B1000401E30EE600A83ED010A91ED020AD2ED2B
:100B2000020A01F1080102F1080230EE600A83EDC9
:100B3000020A03F10803E7D170BC00207047B4EC4F
:100B4000010A401EFCEC010A30EE600AA3EC010A27
:100B5000F5D1F1E72DE9F04F02884768B0F802803F
:100B60004888D1F8049082B04FF0000A16468242BD
:100B700007BF098888456FF0020002B018BFBDE8C2
:100B8000F08F4FEA980B02EB42000190C8F340004F
:100B9000CDF8000009EB8A01BBF1000F33D00198BA
:100BA00001EB820C01EB80043B46E64601EBC205FB
:100BB0004FEA0B0093ED000A401E81ED000A93ED11
:100BC000010A01EB02118CED000A93ED020A0CEB15
:100BD000021C85ED000A93ED030A05EB021584ED76
:100BE000000A04EB021403F11003E3D10EEB8200C0
:100BF00000EB820000EB8201ABF10100504307EBF8
:100C00000B1701EB001118F0030C21D03B1FA1EBD7
:100C100082011CF0010F06D093ED010A01EB820165
:100C20001B1D81ED000A009880B100BF93ED010A01
:100C300001EB820401EBC20184ED000A93ED020A8C
:100C4000401E81ED000A03F10803EFD107EB8C078A
:100C50000AF101001FFA80FA701E0604360C99D1C1
:100C600002B00020BDE8F08F2DE9F05F05460020BE
:100C700092469B4688460646814640241BE028460D
:100C800041464746224600F061FA53465A46C01A8A
:100C9000914110D311461846224600F048FA2D1A09
:100CA00067EB01084F4622460120002100F03FFA81
:100CB00017EB00094E41201EA4F10104DFDC484679
:100CC00031462A464346BDE8F09F40EA01039B07B0
:100CD00003D009E008C9121F08C0042AFAD203E0B1
:100CE00011F8013B00F8013B521EF9D27047D2B215
:100CF00001E000F8012B491EFBD270470022F6E705
:100D000010B513460A4604461946FFF7F0FF204681
:100D100010BD30B504460020034600E05B1C934242
:100D200003D2E05CCD5C401BF8D030BD70B5054C03
:100D3000054D04E02046016808448047241DAC426C
:100D4000F8D170BD080E01080C0E01082DE9FE4F08
:100D5000804681EA0300C00F0C46009021F000415C
:100D600023F00045B8EB0200A94105D240462146D8
:100D700090461C460B46024623F00040104347D0E5
:100D8000270DC7F30A00C3F30A510290401A0190DD
:100D900040286BDAC3F3130040F4801B009892469E
:100DA00020B10023D2EB030A63EB0B0B01985946E9
:100DB000C0F14002504600F0BAF906460D465046D2
:100DC0005946019A00F0D2F910EB08006141002465
:100DD00087EA115284EAE7731A4340D0009A62B35B
:100DE000019A012A4FEA075215DC001B61EB020150
:100DF0004FF0004202EA0752CDE90042001C41F5E3
:100E0000801132462B4600F009FA03B0BDE8F08F9E
:100E100040462146F9E7001B61EB0201001C41F549
:100E2000801300185B412018A2F5001747EB03015F
:100E300040EAD570B6196D4111E06D084FEA3606EB
:100E400045EAC0754FEA0752001B61EB0201001C26
:100E500041F5801149084FEA3000001951413246EE
:100E60002B4603B0BDE8F04F00F0C9B9009801224D
:100E700040000023D0EB020263EBE07300982146B0
:100E80004FEAE074B8EB000061EB0401E9E783F09E
:100E900000435BE781F0004158E72DE9FE4F81EA0E
:100EA000030404F0004421F0004100944FF0000BD3
:100EB00023F0004350EA01045ED052EA03045BD001
:100EC000C3F30A54C1F30A552C44A4F2F334019439
:100ED000A0FB0254C1F3130141F48011C3F31303C7
:100EE00043F4801301FB024400FB034E840A970A7B
:100EF00044EA815447EA8357A4FB076802958D0AA8
:100F000005FB07854FEA932C04FB0C542705029D33
:100F10004FEA065847EA1637B5EB08056EEB070CA3
:100F2000870E920E47EA811742EA8312A7FB02015D
:100F3000B6EB0B0164EB00042B0D43EA0C335E1897
:100F400044EB1C50DA465146E7FB0201C5F313049B
:100F50004FEA0B3343EA14534FEA0432019C43EA4D
:100F60000603A4F10C040294009CCDE900B400F047
:100F700055F903B0BDE8F08F00200146F9E72DE9EF
:100F8000F04D81EA030404F0004B21F000451446C3
:100F90004FF0000A23F0004150EA050220D054EA45
:100FA00001021DD0C5F30A570246C5F31303C1F36E
:100FB0001300C1F30A5640F4801543F48013A7EBE5
:100FC0000608101BD64608F2FD3873EB050002D365
:100FD00008F1010801E092185B41B8F1000F03DA53
:100FE00000200146BDE8F08D00204FF48011064638
:100FF00084460EE0171B73EB050705D3121B63EB4A
:10100000050306434CEA010C49084FEA30009218E8
:101010005B4150EA0107EDD152EA030012D082EAA7
:10102000040083EA0501084305D0101BAB4106D23A
:101030000122002306E000224FF0004302E06FF09F
:10104000010253101AEB06004CEB085110EB0A009A
:1010500041EB0B01BDE8F04D00F0D1B830B40446CF
:1010600096230800214604D0B62330BC002200F0AD
:1010700098B820460021F8E70EB540F233410291BE
:101080000021CDE900110A460B4600F0C7F803B075
:1010900000BD70B5C1F30A5201F000450024C1F350
:1010A000130140F2FF3341F480119A4201DA00202B
:1010B00070BD40F233439A42A2F2334203DC524203
:1010C00000F044F800E090402C43F1D0404270BD65
:1010D00000F0004230F000400AD0C10D01F560710F
:1010E000C0F3160042EA0151C2084007114370479D
:1010F00000200146704701F0004330B421F0004168
:1011000050EA010206D00A0DA2F56072C1F3130184
:10111000002A02DC30BC00207047440F44EAC104BE
:10112000C100E01830BC00EBC25000F031B8202AFA
:1011300004DB203A00FA02F1002070479140C2F12E
:10114000200320FA03F3194390407047202A04DB60
:10115000203A21FA02F00021704721FA02F3D04030
:10116000C2F120029140084319467047202A06DB4D
:10117000CB17203A41FA02F043EAE07306E041FA65
:1011800002F3D040C2F12002914008431946704753
:101190000029A8BF7047401C490008BF20F001008B
:1011A000704710B4B0FA80FC00FA0CF050EA010469
:1011B00004BF10BC704749B1CCF1200421FA04F4FB
:1011C00011FA0CF118BF012121430843A3EB0C01D4
:1011D000CB1D4FEA00614FEA102042BF002010BC37
:1011E000704700EBC35010440029A4BF10BC7047E7
:1011F000401C490008BF20F0010010BC704710B52A
:10120000141E73F1000408DA401C41F10001921829
:101210005B411A4301D120F0010010BD2DE9F04DD2
:1012200092469B4611B1B1FA81F202E0B0FA80F227
:1012300020329046FFF77BFF04460F4640EA0A0043
:1012400041EA0B0153465A46084313D0114653EA6C
:10125000010019D0C8F140025046FFF777FF05465C
:101260000E46504659464246FFF761FF084305D0F7
:10127000012004E020463946BDE8F08D00200543FA
:1012800046EAE0762C4337430A986305E40AA0EB6C
:1012900008000022FD0A44EA47540A3002D5002023
:1012A0000146E9E7010510196941DDE90845001922
:1012B0006941BDE8F04DA2E7064C074D06E0E06845
:1012C00040F0010394E8070098471034AC42F6D38D
:1012D000FEF75EFFE80D0108080E010870B58C18D6
:1012E00010F8015B15F0070301D110F8013B2A113A
:1012F00006D110F8012B03E010F8016B01F8016B27
:101300005B1EF9D12B0705D40023521E0DD401F822
:10131000013BFAE710F8013BCB1A921C03E013F8EB
:10132000015B01F8015B521EF9D5A142D8D3002020
:1013300070BD000070B50C4640F24C6142F6A81535
:10134000C2F20001C2F20005002608602E700BF008
:1013500011FF2978084328700BF0C2FF297840EA72
:10136000010028701CB100F0C3F9287870BD40F26C
:10137000046043F6AC0142F27123C2F20000C3F6EE
:101380002231C3F6807341F2B06247F2B07E49F673
:101390002A044CF6923CC0E908310021C3F6CE1273
:1013A000C3F64C6EC3F69354C4F21C1CC4F2202145
:1013B000C0E90A22C0E90CE4C0E90E6C816128781A
:1013C00070BD000080B50020C4F20200102101228F
:1013D00002F04AFF80BD000080B50020C4F2020088
:1013E0001021002202F040FF80BD000080B540F2D5
:1013F0000040C4F202000121012202F035FF80BD4D
:1014000080B540F20040C4F202000121002202F047
:101410002BFF80BD70B50446FFF7DEFF922000F081
:10142000DDF840F24465C2F200051220294606228A
:1014300000F0B0F8FFF7C6FFB5F9000094ED082AF8
:1014400000EE100A40F20C00C2F2000090ED001A0B
:10145000B8EEC00A21EE000A22EE000A84ED000A6E
:10146000B5F9021090ED001A00EE101AB8EEC00A9D
:1014700021EE000A22EE000A84ED010AB5F904000B
:1014800000EE100AB8EEC00A21EE000A22EE000AB1
:1014900084ED020AFFF7B4FF002029460822002647
:1014A00000F078F8FFF7A2FF28780F284AD1B5F9A5
:1014B000021040F2EA5000EE101A40F21001C2F29F
:1014C0000000C2F200010078B8EEC01A91ED000AE7
:1014D00020EE011A00B394ED092AB5F90400B5F91C
:1014E000061031EE421A02EE100A94ED0A3AB8EEF6
:1014F000C22A84ED031A01EE101A94ED0B4A20EE75
:10150000022AB8EEC11A32EE432A20EE010A84ED17
:10151000042A30EE440A13E0B5F90400B5F90610C8
:1015200002EE100A84ED031A01EE101AB8EEC22A78
:10153000B8EEC11A20EE022A20EE010A84ED042A38
:1015400084ED050AFFF748FFA22000F047F82220AB
:101550002946022200F01EF8FFF734FF2878697848
:10156000C00040EA51104FF60001CFF6FF71B6EB14
:10157000902F18BF084300EE100AB8EEC00AB4EE70
:10158000001A20EE010AB3EE071A30EE010A84EDCC
:10159000070A70BDB0B540F0800014460D4600F05B
:1015A0001DF8002C08BFB0BD013D00BF552000F064
:1015B00015F8013C210605F8010FF7D1B0BD000078
:1015C00080B540F0800000F009F8552000F006F8E2
:1015D00043F62041C2F20001087080BD80B582B0A0
:1015E00040F24C61C2F200010B688DF807004FF425
:1015F0007A7C0DF107010DF1060218460123CDF8A2
:1016000000C004F0C5F89DF8060002B080BD0000DF
:1016100010B50C46FFF7E2FF2046FFF7DFFF10BDD5
:10162000FEE7000080B542F69840C2F2000002F0EA
:101630003FF880BD80B542F6C040C2F2000002F023
:1016400037F880BD80B588B0029100210823CDE92C
:101650000311059106938DF81C10019102A901ABAD
:1016600001F0D8FE08B080BD002070470020704710
:1016700010B542F6BC14C2F2000442F20001C2F2FC
:1016800000012046002209F063FD41F60001C2F28C
:101690000001204609F04EFD002010BD10B542F6B5
:1016A000BC14C2F200040146204609F043FD204666
:1016B00009F01AFD002010BD0020704710B542F659
:1016C000BC12C2F20002D2F8BC22D2F81432002BB3
:1016D0001CBF012010BD42F6BC14C2F200040A4631
:1016E0000146204609F034FD204609F0CFFD10BD2B
:1016F0002DE9F04F81B02DED108B88B00020CDE9A1
:10170000060001F039F840F2B864C2F2000484ED3A
:10171000000A01F031F894ED001AB2EE08BA30EE8A
:10172000410AB4EE4B0A40F20466F1EE10FAC2F23E
:10173000000621DD43F6AC0041F2B061C3F6223071
:10174000C3F6CE11C6E909014CF69230C4F21C1062
:10175000F0630020C4F22020F162B06196ED0F0A20
:101760009FEDAB1A81EE000A86ED080A08B0BDECC9
:10177000108B01B0BDE8F08F9FEDEDCA03AD6F4651
:101780009FEDEC8A42F6B0189FEDEDEADFEDED9AA1
:10179000DFEDE9AADFEDECBA9FEDE89AA5F1040AC6
:1017A000A7F1040B06ACC2F20008B6EE00DAB4EE04
:1017B00000FAF3EE078AF0EE4CCA0EE000F0DCFF10
:1017C00040F2B860C2F2000090ED001A30EE410A1B
:1017D000B4EE4B0AF1EE10FAACDCB0EE480A00F0C1
:1017E00089FF4FF00009C6F83C90C6E90999C6F890
:1017F0002C9000BFFFF7F0FD9220FFF7EFFE1220C4
:1018000021460622FFF7C6FEFFF7DCFDBDF91800F2
:10181000BDF91A1000EE100A40F20C00C2F20000EE
:1018200090ED001AB8EEC00ABDF91C2021EE002A86
:1018300000EE101AB8EEC00A21EE003A00EE102AAF
:10184000B8EEC00A21EE001A22EE020A23EE034A85
:1018500030EE040A21EE014A30EE040AB1EEC0AACD
:1018600086ED002A86ED013A86ED021AB4EE4AAA08
:10187000F1EE10FA80F1C78096ED0F0A3AEE000AF9
:1018800086ED0F0AFFF7BCFD002021460822FFF776
:1018900081FEFFF7ABFD9DF818000F2835D1BDF98B
:1018A0001A00BDF91C1000EE100A40F21000C2F23E
:1018B000000090ED001AB8EEC00A96ED092A21EE5C
:1018C000000A86ED030A32EE000A02EE101ABDF994
:1018D0001E2096ED0A3AB8EEC22A21EE022A86EDC3
:1018E000042A33EE022A03EE102A96ED0B4AB8EED4
:1018F000C33A21EE031A86ED051A34EE011A86ED7D
:10190000090A86ED0A2A86ED0B1AB9F1000F2BD0D1
:10191000002000BF311891ED030A291891ED001A3B
:10192000B4EE410AF1EE10FAC8BF81ED000A391891
:1019300091ED001A0430B4EE410AF1EE10FAB8BF8E
:1019400081ED000A0C28E5D1B4EE6CAAF1EE10FA94
:10195000B4EE4CAAC8BFF0EE4ACAF1EE10FAB8BF16
:10196000B0EE4ACA0DE000BF7169D6E90302F0EE9D
:101970004ACACDE90421CDE90002CDE90210B0EE5A
:101980004ACA42F6AC103CEECC0AC2F2000080ED2E
:10199000000A6FF003005946524600BF92ED011A4B
:1019A00091ED012A08EB000304300432043131EEDA
:1019B000421A082883ED011AF0D1B4EE4D0AF1EE77
:1019C00010FA27DC98ED000AB4EE6A0AF1EE10FA7C
:1019D00020DC98ED010AB4EE6A0AF1EE10FA19DC87
:1019E00098ED020AB4EE6A0AF1EE10FA12DCB0EEDB
:1019F000490A00F07FFE41F26F70814509F101094B
:101A0000FFF4F8AE06E00EF031FBB0EE40AA33E78B
:101A1000C3F51C4196ED0F0A202080EE0E0A86EDDC
:101A20000F0A00BF311891ED010A043080EE0E0A52
:101A30002C2881ED010AF5D1FFF7CEFCA220FFF79B
:101A4000CDFD222021460222FFF7A4FDFFF7BAFCBC
:101A50009DF818009DF81910C00040EA51100021AF
:101A6000B1EB902F4FF60001CFF6FF7118BF08437E
:101A700000EE100AB8EEC00A20EE0F0A42F6AC11D2
:101A800030EE280A42F69C12C2F2000186ED060AE8
:101A9000C2F2000291ED000A1088B4EE4D0A013046
:101AA000F1EE10FA10803FF789AE98ED020AB4EE1D
:101AB0006A0AF1EE10FA3FF781AE98ED010AB4EE32
:101AC0006A0AF1EE10FA3FF779AE98ED000AB4EE2B
:101AD0006A0AF1EE10FA3FF771AE96ED0F0A30EE9A
:101AE000290AB0EEC00AB4EE4D0AF1EE10FA3FF743
:101AF00065AE96ED090AB0EEC00AB4EE6B0AF1EEDF
:101B000010FA3FF75BAE96ED0A0AB0EEC00AB4EEEB
:101B10006B0AF1EE10FA3FF751AE96ED0B0AB0EEFC
:101B2000C00AB4EE6B0AF1EE10FA3FF747AE15E6C5
:101B3000000000000AD7A33B9A99193E6F12033A9E
:101B40000080BB45CDCC1CC10AD7233C80B58AB0F0
:101B5000026846F60003C4F2000300214FF0010CB6
:101B60004FF00E0E9A420691CDF81CC0CDE900113F
:101B7000CDE90211CDF824E009D046F20041C4F2CB
:101B800000018A4213D10021CDE904110FE0CDE913
:101B900006C142F22001009146F2600101914FF42A
:101BA000C14102914FF40151CDE904CE03910121CD
:101BB0000891694601F078FC0AB080BD80B540F21A
:101BC000ED70C2F20000807A01280AD142F60000CE
:101BD000C2F200000078022806D040B900F00AFAEC
:101BE00080BD00F0EBF980BD00F006FC80BD00F088
:101BF00045FC80BD80B540F2E070C2F20000018873
:101C000043F66A42C2F200021180D0F802108079D5
:101C1000C2F80210907140F29860C2F200000078A1
:101C200000210328D17131D8DFE800F0020B1D2715
:101C300040F6C050C2F20000417801F0E10141706D
:101C400024E042F60000C2F20000017859B30229F4
:101C50001CD140F6C050C2F20000417801F0E10111
:101C60000831417012E040F6C050C2F200004178E5
:101C700001F0E1010231417008E040F6C050C2F2CB
:101C80000000417801F0E1010431417042F6C040AA
:101C900043F66A42C2F20000C2F200024FF48871B9
:101CA000FFF7D0FC80BD90F87A1040F2CC6EC2F203
:101CB000000EC1B19EF800209AB940F6C05CC2F295
:101CC000000C9CF80130062003F01E0203F0E10333
:101CD000062A08BF082018448CF8010001208EF85D
:101CE00000000029D2D140F6C051C2F200014A786A
:101CF00002F01E0006281EBF02F0E1000830487006
:101D000000208EF80000C1E780B52DED068B40F66F
:101D10004E70C2F2000040F27A719FED1E9A9FED64
:101D20001EAA018040F2E860B1EE048AC2F200000F
:101D3000B7EE001A4FF4FA51B0EE480AF0EE490A35
:101D4000F0EE491AB0EE492AF0EE492AB0EE4A3ACE
:101D500007F028FC40F26070C2F20000B0EE001AFA
:101D60004FF4FA51B0EE480AF0EE490AF0EE491A83
:101D7000B0EE492AF0EE492AB0EE4A3A07F012FCDA
:101D800040F29860C2F2000001210170BDEC068BA8
:101D900080BD00BF000000006F12833A0000000009
:101DA0002DE9F0412DED028B40F29867C2F2000759
:101DB000387803280CD8DFE800F0025B0F2C40F2E3
:101DC000E070C2F200000021818001600121817178
:101DD000BDEC028BBDE8F08142F60000C2F20000CB
:101DE00090ED050A9FED731A40F2E0749FED722AA0
:101DF000C2F2000420EE010AB4F9040020EE020A47
:101E0000BDEEC00A01EE100AB8EE400AF8EEC10AB3
:101E100021E042F60000C2F2000090ED010AB5EEAA
:101E2000400AF1EE10FAD3D190ED020AB5EE400A65
:101E3000F1EE10FACCD190F878000028C8D140F229
:101E4000E074C2F20004B4F9040000EE100AF8EEE7
:101E5000C00A9FED570AB2EE0E1A07F023FCBDEE42
:101E6000C00A10EE100AA080BDEC028BBDE8F08124
:101E700042F60008C2F20008D8F80C00D8F8644016
:101E8000FFF726F9054620460E46FFF721F99FED9C
:101E9000460B53EC102BFFF700F82A463346FEF7AB
:101EA00055FFFFF728F940F61C06C2F2000640F283
:101EB00018043288C2F20004E060A2F67B7080B29F
:101EC00040F6FF710023884240F6FE7538BF0123BB
:101ED000A84240F64C7041F27A71C2F2000088BF0D
:101EE00040F27A71037000EE102A10467980B8EE45
:101EF000408A07F0BBFB40F2E86500EE100AC2F230
:101F00000005F8EEC00A2846B0EE480A07F072F95C
:101F1000B6F9020040F2607600EE100AD5ED110A23
:101F2000C2F20006B8EEC00A304607F063F995ED3C
:101F3000110A96ED111A204631EE408A86ED118A7B
:101F400000F094FD98ED051A9FED1A2A9FED1A3ABC
:101F500021EE021A38EE000A21EE031A30EE010AD1
:101F6000BDEEC00A4CF2A52110EE100ACFF6FF71AB
:101F70008842C8BF014643F65B508142A8BF014674
:101F800040F6F460C2F20000007840F2E072C2F263
:101F90000002002818BF00219180BDEC028BBDE833
:101FA000F08100BF00BF00BF9A9999999999E93FC4
:101FB0000058C4450000FA44DB0F494080B540F2A8
:101FC000E070C2F2000001220021827143F66A42F1
:101FD00081800160C2F200024FF48030506042F60E
:101FE000C0401160C2F200004FF48871FFF72AFB75
:101FF00080BD000070B540F2CE6EC2F2000EBEF899
:1020000000000026431C40F2E070C2F2000086711E
:1020100042F60000C2F2000090F8754090F874207B
:10202000BFEE001A90F87750002CB0EE412AB7EEC0
:10203000003AAEF8003090F876109FED340A08BFF1
:10204000B0EE402A002AB0EE434A08BFB0EE424A42
:10205000002D08BFB0EE403A002908BFB0EE431A89
:1020600090F87C4040F2986C40F2CD62C2F2000CD5
:10207000C2F2000280ED011A80ED024A84B11178AB
:1020800051B99CF80010032503294FF0010108BF46
:1020900001258CF800501170002C08BF167000E06C
:1020A000167090F87D2040F6F461C2F200010AB18A
:1020B0000C7854B172B99AB2B2F5FA7F0AD90A789B
:1020C000002A1CBF00220A7004E001220A700021CD
:1020D000AEF8001040F64C01C2F200010A789CF8FC
:1020E0000010012A0AD190F87900032918BF0221B3
:1020F000002818BF01218CF8001070BD41F00200CB
:10210000022804BF01208CF8000070BD0000000010
:102110002DE9F04F81B02DED048B40F64C70C2F2EA
:102120000000007840F2D86BC2F2000B20B1012809
:1021300019D141F27A7101E040F27A7140F61C0245
:10214000C2F2000212889FEDA81A891A00EE101A36
:10215000B8EEC00A80EE010A40F6C051C2F200019A
:1021600008718BED000A9BED000A9FEDA01A40F666
:10217000C65220EE010ABDEEC00A10EE101AC2F2DD
:10218000000242F60005D18041F2F011C2F20005D2
:10219000C2F2000141F67A7295F878600A8040F642
:1021A0000871C2F2000140F67A7241F65834002EEE
:1021B00040F2D46A40F2DC6940F2DE680A8008BF6F
:1021C0004FF47A64C2F2000A0128C2F20009C2F296
:1021D0000008AAF8004013D090BB95ED021A02EE59
:1021E000104AB8EE422A21EE421A95ED010ABDEEE0
:1021F000C11A11EE100AA9F8000020EE420A11E0FF
:1022000095ED021A02EE104AB8EE422A95ED010A47
:1022100021EE021ABDEEC11A11EE100A20EE020ADA
:10222000A9F8000010EE100AFEF752FF9FED6A0BAE
:1022300053EC102BFEF731FEFEF72BFFA8F8000041
:1022400040F29867C2F20007387803285FD16EB970
:1022500095ED010AB5EE400AF1EE10FA06D195EDC2
:10226000020AB5EE400AF1EE10FA50D040F2E061F9
:1022700040F2D066C2F200010120C2F2000696EDE3
:10228000008A08702046FEF7F7FE9FED550B54ECD0
:10229000105B2A462346FEF772FEFEF72CFF9FEDE9
:1022A000549A01EE100AB0EE490AF0EE480A07F01F
:1022B000F9F940F2E060C2F2000086ED000A007811
:1022C00040F2E076C2F200060028B6F904009FED65
:1022D000498A18BFB0EE498A00EE100ABAF8000029
:1022E000B8EEC09AFEF7C8FE2A462346FEF747FE20
:1022F000FEF701FF01EE100AB0EE480AF0EE490ABF
:1023000007F0D0F9BDEEC00A10EE100AB08040F21E
:10231000ED70C2F20000C178B9F9000001294CD17A
:102320003978032949D140429BED001A00EE100A8A
:10233000B8EEC08AB1EE410AFDF780FFB8F900009F
:102340009BED001A20EE088A00EE100AB8EEC09A43
:10235000B1EE410AFDF736FF20EE090A38EE000A19
:10236000B9F90010BDEEC00A9BED001A10EE100A7C
:1023700040F2E07400EE101AC2F20004B8EEC08A17
:10238000B1EE410A6080FDF71DFFB8F900009BED3A
:10239000001A20EE088A00EE100AB8EEC09AB1EEDC
:1023A000410AFDF74BFF20EE090A38EE000ABDEEA8
:1023B000C00A10EE100A208008E040F2E071B8F880
:1023C000002080B2C2F2000108804A80BDEC048B7C
:1023D00001B0BDE8F08F00BF666666666666E63FE0
:1023E00000000000007087407BF4A24400007A44A3
:1023F000005044450000000040F2E070C2F20000CE
:102400000021817142F60000C2F2000090ED080A3E
:10241000B7EE001AB4EE410A40F2587140F29860EB
:10242000F1EE10FAC2F20001C2F200000AD10A78FD
:1024300042B902780323032A4FF0010208BF0123A7
:1024400003700A70B5EE400AF1EE10FA04BF0022E4
:102450000A7040F64C01C2F200010A780178012AA4
:1024600004D1032918BF02210170704741F0020115
:10247000022918BF704701210170704740F298602F
:10248000C2F200000021017070470000FFF73CFC21
:1024900040F2D074C2F200040DF022F92060FFF780
:1024A0008DFBFFF77DFCFFF733FEFFF7A3FB204614
:1024B00001210CF081FAEFE780B5B0F800E09FED64
:1024C0002A1AA0F808E00A8812BA4FEA124CA0F8BB
:1024D00000C04B88DBBA00EE103AB8EEC00A80EEBE
:1024E000010A9FED221ABDEEC00A10EE103A438099
:1024F0008B88DBBA00EE103AB8EEC00A80EE010A13
:10250000BDEEC00A10EE103A83808B798371C979D1
:1025100040F2EC73C171CEEB124109B2B1EB124F34
:10252000C2F200031CBF01221A701A78012A0BD1D3
:10253000B1F57A6F02DD4289013A428111F57A6F75
:1025400002DA418901314181B0F90A109FED081A80
:102550000CEB413100EE101AB8EEC00A20EE010A71
:10256000C16080ED040A80BD0000C84200007A44CA
:102570000000343D80B542F66860C2F2000001F010
:1025800021FC80BD80B542F6C860C2F2000001F0B7
:1025900019FC80BD80B542F6A850C2F2000001F0DF
:1025A00011FC80BD80B542F60860C2F2000001F067
:1025B00009FC80BDD0F800C06FF00F024AF6AB23D3
:1025C00052FA8CF2CAF6AA230146A2FB0330000994
:1025D00005A31B5C40F2FF302CEA00005F2A88BF95
:1025E0000430C1E9160370470006101600061016E5
:1025F0008269816AB2F5005F06D06AB9022912D0F9
:10260000012914D0D1B90EE0032917D8DFE801F071
:10261000020B020F0120704703293CBF01207047C5
:102620001CBF00207047C06AC0F300607047C06ADA
:10263000A0F1C070B0FA80F04009704700207047E8
:1026400080B5D0F800C0D0F808E0DCF80000BEF19A
:10265000400F20F48020CCF800000846CCF804306D
:1026600004BF10460A46CCF80800CCF80C2080BD08
:1026700080B582B013685268009301926A46FEF7F3
:10268000E1FF02B080BD000080B582B04FF0FF3C9A
:10269000032BCDF803C0CDF800C009D84FEAC30C16
:1026A0004FF6FC53CFF6FE3323FA0CF38DF80730C8
:1026B000114489B26A46FEF7C5FF02B080BD000032
:1026C00081B041F20400CEF200000068009040F2B8
:1026D000B060C2F2000000990268914206D240F256
:1026E000B461C2F200010A6801320A600099016017
:1026F00001B0704741F2040040F29C62CEF200004B
:10270000C2F20002016892ED001AB8EE411A21EE01
:10271000000A00BF0268521A01EE102AB8EE411AF0
:10272000B4EE410AF1EE10FAF4DC704780B52DEDFD
:10273000028B82B041F20401CEF2000109680191DE
:1027400001990268891A00EE101A40F29C61C2F2E7
:10275000000191ED001A0199B8EE400AB8EE411A55
:1027600080EE018A0160FFF7ABFFB0EE480A02B0CD
:10277000BDEC028B80BD000080B500F065F841F231
:10278000E020C2F20000818890ED000A01EE101AEC
:102790009FED0A2AB8EE411AC088B8EE400A21EE31
:1027A000021A31EE000A01EE100A9FED052AB8EE7A
:1027B000411A21EE021A30EE010A80BD6F12833AEF
:1027C000BD37863510B54EF6FC5CCEF2000CDCF859
:1027D000002044F24023C0F20F0342F080725843BD
:1027E00044F6D353CCF8002041F20002C1F2620358
:1027F000CEF200024FF0000CA0FB033EC2F804C072
:102800004DF683611368C4F21B31A0FB011443F041
:102810000101116040F29C61C2F20001086040F2C7
:10282000A0614FEA9E10C2F20001086040F2A4616C
:10283000A00CC2F20001086040F2B460C2F20000D5
:10284000C0F800C010BD0000F0B581B041F2040036
:10285000CEF2000000680090FFF732FF40F2B46053
:10286000C2F200000068009C00254FF0FF31E0FB41
:10287000014540F29C61C2F2000140F2A8600E687E
:10288000C2F20000C0E90045204629463246002336
:10289000FEF7EAF9A0FB062301FB0631A41A8D41DD
:1028A00040F2A061C2F2000141F2E0270E68C2F2DC
:1028B000000738602046294632460023FEF7D4F947
:1028C000B88080B240F2A4617043C2F20001201AC5
:1028D0000A6865F100010023FEF7C6F9F88001B02F
:1028E000F0BD00007047000041F25420C2F2000029
:1028F000017B31B3032941F2DC21C2F200010FD187
:1029000040F6FC72C2F20002B2F9022002EBE2339E
:1029100083EAE23292B2142A02D80A8801320A808B
:102920000A88322A03D30423013203730A800A88F7
:1029300040F227239A4238BF704700220A800321C1
:102940000173704780B5082001F0B2FB80BD000024
:1029500080B5102001F0ACFB80BD000080B52020C8
:1029600001F0A6FB402001F0A3FB802001F0A0FBBA
:1029700080BD000072B600BFFEE7000080B5007A9F
:1029800001380A2888BF80BDDFE800F006121E2546
:102990002C3D4D54695B620006F0EAFE013040F2C6
:1029A000ED70C2F200000CBF02210121017080BD58
:1029B00004F018F8013040F2ED70C2F200000CBFD4
:1029C00002210121417080BD40F2ED70C2F2000091
:1029D0000121C17080BD40F2ED70C2F20000012102
:1029E000817080BD41F28020C2F20000283006F0E4
:1029F000F7FE013040F2ED70C2F200000CBF022180
:102A00000121417180BD41F28020C2F2000006F038
:102A1000E7FE013040F2ED70C2F200000CBF02216F
:102A20000121017180BD40F2ED70C2F20000012170
:102A3000817180BD40F2ED70C2F200000121C171D0
:102A400080BD40F2ED70C2F200000121417280BDF4
:102A500040F2ED70C2F200000121817280BD40F2AF
:102A6000ED70C2F200000121017280BD90ED032AD9
:102A700090ED023A90ED000A90ED011A32EE433AE1
:102A800022EE000A23EE011A30EE013A90ED050A1B
:102A900080ED043AB1EE401AB4EE413AF1EE10FA8C
:102AA00080ED022AB8BF80ED041A90ED041AB4EE4E
:102AB000401AF1EE10FAC8BF80ED040A90ED040A46
:102AC0007047000080B500210160FFF757FF80BD0F
:102AD000B0B547F61021C1F6FF7108688A68801802
:102AE00008BFB0BD40F2D055C2F200054C68A91C29
:102AF000082204F02BFF05F112012046042204F005
:102B000025FFB0BD80B540F2ED70C2F20000807AC2
:102B100001280AD142F60000C2F200000078022823
:102B200006D010B900F028FB80BD00F02FFC80BD5E
:102B300000F068FB80BD0000B0B52DED0A8B40F6BB
:102B40004C00C2F200000021017040F64D00C2F2BC
:102B500000000122027041F2943040F6C0149FED53
:102B6000878AC2F20000C2F200040160B0EE001ACF
:102B700020464FF48041B0EE480AF0EE480AF0EEED
:102B8000481AB0EE482AF0EE482AB0EE483A06F06D
:102B900009FD40F66845C2F20005B0EE081A284665
:102BA0004FF48041B0EE480AF0EE480AF0EE481AC1
:102BB000B0EE482AF0EE482AB0EE483A06F0F2FCB1
:102BC0009FED6F9A9FED6FBAB7EE00AA04F1700007
:102BD0004FF48041B0EE4A0AF0EE480AB0EE491ACE
:102BE000F0EE481AB0EE4B2AF0EE482AB0EE483A22
:102BF00006F0D8FCB1EE04CA05F170004FF4804134
:102C0000B0EE4A0AF0EE480AB0EE4C1AF0EE481A5E
:102C1000B0EE482AF0EE482AB0EE483A06F0C2FC80
:102C200004F1E0004FF48041B0EE480AF0EE480AAB
:102C3000B0EE491AF0EE481AB0EE4B2AF0EE482AF0
:102C4000B0EE483A06F0AEFC05F1E0004FF48041EA
:102C5000B0EE480AF0EE480AB0EE4C1AF0EE481A10
:102C6000B0EE482AF0EE482AB0EE483A06F09AFC58
:102C700040F67004C2F2000420464FF48041B0EEEA
:102C8000480AF0EE480AB0EE481AF0EE481AB0EEE4
:102C9000482AF0EE482AB0EE483A06F083FC40F6A7
:102CA0001835C2F2000528464FF48041B0EE480ABC
:102CB000F0EE480AB0EE481AF0EE481AB0EE482A94
:102CC000F0EE482AB0EE483A06F06CFC9FED2EBAC2
:102CD00004F170004FF48041B0EE4A0AF0EE480A69
:102CE000B0EE491AF0EE481AB0EE4B2AF0EE482A40
:102CF000B0EE483A06F056FCBAEE04CA05F1700090
:102D00004FF48041B0EE4A0AF0EE480AB0EE4C1A99
:102D1000F0EE481AB0EE482AF0EE482AB0EE483AF3
:102D200006F040FC04F1E0004FF48041B0EE480AA8
:102D3000F0EE480AB0EE491AF0EE481AB0EE4B2A0F
:102D4000F0EE482AB0EE483A06F02CFC05F1E0001F
:102D50004FF48041B0EE480AF0EE480AB0EE4C1A4B
:102D6000F0EE481AB0EE482AF0EE482AB0EE483AA3
:102D700006F018FCBDEC0A8BB0BD00BF00000000DF
:102D800000004842000048430000C8420000000024
:102D900080B540F23010C2F2000041689FED8E2AEB
:102DA00000EE101A40F6D451C2F2000191ED051A5E
:102DB00030EE410AB4EE420AF1EE10FA02DD9FED68
:102DC000891A08E09FED851AB4EE410AF1EE10FA77
:102DD00003DA9FED831A30EE010A40F64C02C2F28C
:102DE000000291ED061A127830EE010A022A81EDF6
:102DF000070A19D0012A23D00ABB42F60002C2F208
:102E00000002114611F8643B40F63000002BC2F27C
:102E100000006DD0022B7CD19FED771A9FED770AD1
:102E200002F10C01103268E040F630000969C2F28C
:102E30000000002242618261416080ED021A80BD83
:102E400040F2ED71C2F20001097A01292DD1C16968
:102E50009FED651A02EE101AB4EE412AF1EE10FA57
:102E600023DD80689FED631A40F6300102EE100A00
:102E7000C2F200010022B4EE412AC1E90522F1EEBE
:102E800010FAB8BFB0EE412AB3EE011AB4EE412AEF
:102E9000F1EE10FA81ED012A81ED020A40F38E80F5
:102EA0000020C4F28810486088E042F60000C2F2B8
:102EB00000000178022955D000296BD190ED190A44
:102EC000B5EE001A40F63001806E20EE010AC2F223
:102ED000000181ED060AFEF7FBF89FED3D0B53EC78
:102EE000102BFDF7DAFFFEF706F900EE100A4BE0B3
:102EF0009FED3D0A6832B0EE401A92ED002A91ED46
:102F0000003A22EE000A23EE011A80ED050A80ED58
:102F1000061A90ED010A90ED052A90ED021A90ED47
:102F2000063A30EE420A9FED332A31EE431AB4EEF0
:102F3000420A80ED010AF1EE10FA80ED021ABCBFE0
:102F40004FF04241416090ED010AB3EE011AB4EE38
:102F5000410AF1EE10FAD8BF80BD0021C4F28811F9
:102F6000416080BD90ED030A9FED201A90ED042A88
:102F700020EE010A40F630009FED1D1AC2F200005B
:102F800080ED060A22EE010A40F63000C2F200008F
:102F900080ED050A40F63000C2F2000090ED010A13
:102FA00090ED021A90ED052A90ED063A30EE420AB5
:102FB00031EE431A80ED010A80ED021A40F630002E
:102FC000C2F200000121016080BD00BF00BF00BF50
:102FD0007B14AE47E17A843F00003443000034C3E1
:102FE0000000B4430000B4C3CDCCCC3D9A99993EC7
:102FF0000AD723BC000000C2CDCC4C3ECDCCCCBD0A
:103000002DE9F04381B040F2D870C2F2000090ED9B
:10301000000A40F2DC0440F64C00C2F20004C2F2A6
:10302000000094ED001A007840F6040520EE010A35
:10303000C2F20005012885ED000A62D140F2ED7070
:10304000C2F20000007A01285BD140F23019C2F2CE
:103050000009D9F81C009FED470A01EE100AB4EEF2
:10306000401AF1EE10FA4CDD40F6D45740F6300825
:10307000C2F20007C2F2000840F6700697ED040A9B
:10308000D8ED010AC2F2000606F1E00006F0B2F83F
:10309000D9F8100094ED022A96ED491A03EE100AB1
:1030A00040F6183097ED010A23EE022AC2F2000022
:1030B00071EE020AE03006F09DF840F6C01697ED7A
:1030C000060AD8ED020AC2F2000606F1E00006F098
:1030D00091F8D9F80C0094ED012A96ED491A03EE07
:1030E000100A23EE022A95ED003A40F6684097ED6B
:1030F000020A31EE021AC2F2000073EE010AE03059
:1031000033E040F6D45440F63005C2F20004C2F277
:10311000000540F6700694ED040AD5ED010AC2F2EE
:10312000000606F1700006F065F840F6183094EDE0
:10313000010AD6ED2D0AC2F20000703006F05AF8EE
:10314000D5ED020A40F6C01594ED060AC2F200055C
:1031500005F1700006F04EF840F6684094ED020A62
:10316000D5ED2D0AC2F20000703006F043F801B030
:10317000BDE8F083CDCCCC3D10B540F64C04C2F296
:103180000004217842F6000E022904BF00212170BC
:103190002178C2F2000E01291CD09EF87D3040F645
:1031A000680CC2F2000C93B19CF8002072B940F692
:1031B0003002C2F2000292ED020A9FED111A30EEC7
:1031C000010A82ED020A01228CF8002013B90022C4
:1031D0008CF800209EF8723040F66902C2F20002BC
:1031E00053B1107828B9481E18BF01202070012063
:1031F0001070002B18BF10BD0020107010BD00BF54
:103200000000344340F64C00C2F200000178B7EEF3
:10321000001A022904BF0021017042F60001C2F227
:10322000000191ED060A40F61031B4EE410AF1EECC
:1032300010FAC2F2000108D10A7832B90278013AD4
:1032400018BF0122027001200870B5EE400AF1EEAD
:1032500010FA04BF002008707047000010B540F657
:103260004C00C2F20000007840F2ED740228C2F275
:10327000000445D001284AD1217A01293ED140F2EB
:103280003011C2F20001CA699FED3F0A01EE102A17
:10329000B4EE401AF1EE10FA30DD40F61830C2F20A
:1032A000000090ED490A886940F2C46201EE100AFC
:1032B00040F2DC00C2F2000090ED042A90ED033AE7
:1032C00021EE021A30EE010ABDEEC00A10EE100A1D
:1032D000C2F200024969908040F66840C2F20000E4
:1032E00090ED490A01EE101A21EE031A30EE010AA0
:1032F000BDEEC00A10EE100AD08022E0022806D1EE
:1033000040F2C460C2F200000021416019E040F6C2
:103310001830C2F2000090ED2D0A40F66841BDEE73
:10332000C00AC2F2000110EE100A91ED2D0A40F21F
:10333000C461C2F20001BDEEC00A888010EE100A1E
:10334000C88042F6C04040F2C462C2F20000C2F23D
:10335000000240F2FE31FFF78BF9A07840F6C05230
:10336000E178C2F2000201381378B0FA80F0013936
:10337000400903F0FC03B1FA81F11844490940EA1D
:103380004100107010BD00BFCDCCCC3D40F64C00CC
:10339000C2F20000022101707047000040F6B854EC
:1033A00041F2E82540F64D06C2F20004C2F20005E3
:1033B000C2F200060CE000BFFFF7A4FBFFF7E8FC39
:1033C000FFF71EFEFFF74AFF204601210BF0F4FA3B
:1033D0000CF086F9297820600129EDD0307800289A
:1033E00008BFFFF7A9FB05F059FAF1E790F8202094
:1033F000013A012A04D8006800F11402002004E018
:1034000000F1240201204FF4802113681943116058
:103410007047000010B590F820E0D0F800C0AEF181
:10342000010EBEF1010FDCF808E00ED81EF0E05FDF
:1034300011D0CEF3016E012000FA0EF018608B68F7
:103440007BB1486843EAC0030DE000F1240101208C
:103450004FF4802223E000F1240101204FF40012F8
:103460001DE008684305D1E9030403430CEB0E108B
:10347000C0F88031C0F88441097D012905D100F5EB
:10348000C2710B6843F480730B605168C0F88C11F3
:10349000126800F5C071C0F88821002001220B6875
:1034A0001A430A6010BD0000B0B590F82020013A20
:1034B000012A2FD846F20060C4F20000026842F0F0
:1034C00001020260026822F47C520260D1F814E02A
:1034D000CC694A6A0368012C43EA022202600EF0BA
:1034E0001F024FF0010303FA02F2C3696FEA020CF4
:1034F00023EA0203C36113D02CBBC36803EA0C03A5
:10350000C360CB688C8844EA034300EBCE04236499
:103510000B4611E0416A41F4802141620120B0BDB7
:10352000C3681343C3600B688C8844EA034300EB11
:10353000CE04236401F10C038C681B8843EA044326
:1035400000EBCE04636443688D6943EA0204D1F85A
:1035500010E0096A002D08BF03EA0C0444604369C7
:10356000BEF1000F43EA020408BF03EA0C0401297C
:10357000446102D1C1691143C161016821F00101B7
:1035800001600020B0BD00007047000010B590F849
:103590002040013C012C0AD8046871B12469A407B9
:1035A0000ED100F1240101204FF4001276E000F169
:1035B000240101204FF4802270E0E468A40771D058
:1035C000046804EB011CDCF8B0410CF5D87E14F063
:1035D00004049460DCF8B04119BFE4085460640D41
:1035E0001460DEF800400CF5DA7E04F00204D460CA
:1035F000DCF8B44124075ABFDEF8004004F00F04A1
:1036000008241461DEF800400029C4F30724946103
:10361000DEF800404FEA14445461DCF8B8211A7017
:10362000026802EB0112D2F8B8214FEA12225A7056
:10363000026802EB0112D2F8B8214FEA12429A70E6
:10364000026802EB0112D2F8B8214FEA1262DA7076
:10365000026802EB0112D2F8BC211A71026802EB77
:103660000112D2F8BC214FEA12225A71026802EB11
:103670000112D2F8BC214FEA12429A71026802EBA1
:103680000112D2F8BC214FEA1262DA71006814BF4D
:1036900000F1100100F10C01002020220B681A43F8
:1036A0000A6010BD00F1240101204FF40012F5E77B
:1036B0002DE9F04F81B0044600684669D0F80490C7
:1036C0008768D0F80CB0D0F810A0D0F81880F107B7
:1036D00003D1002530071CD423E0F90710D00121C5
:1036E000BA07816009D4780700F1AA80380700F191
:1036F000B080204600F006FB02E0204600F004FB0C
:103700000025F80500F18480F80300F1AA80300755
:1037100007D51BF0100004D0206845F40075102177
:10372000C160700708D51BF0080005D0206808218B
:10373000C160204600F0E4F9B00706D52068C068F3
:10374000800702D0204600F0DDF9700607D51AF098
:10375000100004D0206845F4806510210161B00696
:1037600008D51AF0080005D020680821016120461C
:1037700000F020FAF00606D520680069800702D024
:10378000204600F019FAB00308D519F0100005D052
:10379000206810214160204600F084FAF00308D52B
:1037A00019F0080005D0206808214160204600F08B
:1037B000B5FA300440F18F805FEA497040F18880AB
:1037C00006F4807008EA102028435FEA88710146F9
:1037D00048BF41F00201B20558BF01465FEA487098
:1037E0000D4648BF45F00405700558BF0D4630052D
:1037F0006ED518F070006BD010380009052862D81B
:10380000DFE800F0035356595C5F45F008055AE0C5
:1038100020684FF48071BA0581600AD4780512D40B
:10382000380519D4204600F071FAF8037FF56FAF20
:1038300017E0204600F06CFAF8037FF568AF10E05F
:103840004FF400655DE705F50055F8037FF55FAFC0
:1038500007E04FF4805554E705F58045F8037FF500
:1038600056AF20684FF48031BA0381600AD47803E0
:103870000FD4380313D4204600F04CFA30073FF53C
:1038800048AF4EE7204600F047FA30073FF541AF1A
:1038900047E705F5004530073FF53BAF41E705F544
:1038A000803530073FF535AF3BE745F010050AE0BE
:1038B00045F0200507E045F0400504E045F08005AF
:1038C00001E045F480752068816921F07001816113
:1038D0002068042141602DB1606A2843606220465F
:1038E000FFF752FE01B0BDE8F08F0000B0B5C8B1DF
:1038F000044690F8200010B9204600F071F82068C6
:10390000016841F00101016000F0B4FC054600BF10
:1039100020684168C90707D100F0ACFC401B0B28A8
:10392000F6D312E00120B0BD016821F00201016070
:1039300000F0A0FC054600BF2068416889070DD54E
:1039400000F098FC401B0B28F6D3606A052140F478
:1039500000306062012084F82010B0BD217E026832
:10396000012922F0800208BF80320260617E026875
:10397000012922F0400208BF40320260A17E0268A5
:10398000012922F0200208BF20320260E17E026895
:10399000012922F0100218BF10320260217F026854
:1039A000012922F0080208BF08320260617F026824
:1039B000012922F0040208BF04320260D4E901C2E6
:1039C000D4E9033561691A432A431143ACF101027A
:1039D0001143C16100200121606284F82010B0BD54
:1039E00010B586B0006846F60002C4F2000200215D
:1039F0009042CDE90411CDE90211019134D046F293
:103A00000041C4F20001884277D140F6D051C2F2A1
:103A100000010A6843F64000C4F20200531C0B6028
:103A200052B900210091016841F000710160016804
:103A300001F00071009100990021009150F8101CD4
:103A4000142441F0080140F8101C50F8100C00F04C
:103A50000800009000980320019040F20040C4F25A
:103A6000020000F5006035E043F64000C4F20200B9
:103A70000091016841F080610160016801F080619E
:103A80000091009940F6D051C2F200010A68531C1F
:103A90000B6052B900210091016841F00071016092
:103AA000016801F00071009100990021009150F827
:103AB000101C412441F0020140F8101C50F8100C79
:103AC00000F00200009000986020019040F2004059
:103AD000C4F202000221029100210391032104910A
:103AE0000921059101A900F0F1FA204605210022E3
:103AF00000F06EFC204600F067FC06B010BD000030
:103B00007047000010B5016846F20042C4F200029E
:103B1000914200D010BD41F21C24C2F2000440F2D8
:103B20005063C2F2000300212246FFF72FFD2068F8
:103B300040F20321884219D040F20221884228D065
:103B400040F20121884218BF10BD40F6FC7040F2DF
:103B50005061C2F20000C2F2000105F049FE40F6D9
:103B6000F070C2F20000FEF7ADFF10BD41F2802000
:103B7000C2F2000040F250612830C2F2000105F0AC
:103B800037FE41F26420C2F200000C30FEF79AFFCB
:103B900010BD41F2802040F25061C2F20000C2F23A
:103BA000000105F025FE41F26420C2F20000FEF79C
:103BB00089FF10BD70470000B0B5016846F60002ED
:103BC000C4F20002914200D0B0BD41F21C2540F287
:103BD0005864C2F20005C2F2000405F11C02012182
:103BE0002346FFF7D3FCE86940F20231884215DC36
:103BF00040F2011188422BD0B0F5817FE4D140F230
:103C0000D87021686268C2F20000C0E9001240F278
:103C1000F870C2F20000FEF755FFB0BD40F203316C
:103C200088422ED0B0F5417F18BFB0BD40F61C00D1
:103C300040F25861C2F20000C2F20001FEF73CFC03
:103C400040F65000C2F200000C30FEF73BFFB0BD62
:103C5000208841F200216288C2F20001088010BA77
:103C6000A288000C488010BAE288000C888010BA44
:103C7000000CC88041F2F410C2F20000FEF722FFEF
:103C8000B0BD40F6080040F25861C2F20000C2F236
:103C90000001FEF711FC40F65000C2F20000FEF7F2
:103CA00011FFB0BD70470000B0B5044690F8200089
:103CB00001281DD1022084F820002068016821F02D
:103CC0000101016000F0D6FA054600BF2068406897
:103CD000C00713D000F0CEFA401B0B28F6D3606A61
:103CE00040F400306062052084F820000120B0BD5F
:103CF000606A40F4002060620120B0BD0020606274
:103D0000B0BD000070470000704700007047000021
:103D100070470000704700007047000070470000C7
:103D200070B5866D044600F0A5FA94F835100229A6
:103D300025D105462068216C026822F01602026037
:103D4000426922F08002426109B9A16C19B101688F
:103D500021F008010160016821F00101016000BF4C
:103D600020680068C0070ED000F084FA401B0628C7
:103D7000F6D320206065032084F835000CE0802015
:103D80006065012008E0E06D3F2101FA00F0B060BD
:103D9000012084F835000020002184F8341070BD23
:103DA00090F83510022909D1052180F835100068F6
:103DB000016821F001010160002070478021416508
:103DC00001207047F0B581B004460020009040F219
:103DD0001850C2F200000268D4E9166048F2B51328
:103DE00037680821C1F64E3381403942A2FB0325D2
:103DF0000CD0226813685B0708D5136823F004030E
:103E00001360B160616D41F0010161650121814084
:103E1000394208D022685269120604D5B160616D3A
:103E200041F00201616504218140394208D02268D5
:103E30001268920704D5B160616D41F004016165BB
:103E400010218140394215D020680268120711D52F
:103E5000B16002680168520306D4C90506D401683E
:103E600021F00801016001E0080342D4216C09B18E
:103E700020468847E16D202000FA01F23A4244D002
:103E800020680368DB0640D5B26094F835300268DC
:103E9000052B1ED122F016020260426922F0800238
:103EA0004261226C0AB9A26C1AB1026822F00802BF
:103EB00002603F208840B060012084F83500216D09
:103EC0000020002984F8340040D02046884701B003
:103ED000F0BD0168520310D4C90512D4016821F065
:103EE00010010160012084F83500002084F83400BE
:103EF00007E0A16C0029BBD1BCE7080301D4616CC9
:103F000000E0E16B09B120468847606DF0B1606D5B
:103F1000C00717D0052084F835002068A90A026878
:103F200022F00102026000BF009A01328A42009230
:103F300002D80268D207F7D1012084F835000020AA
:103F400084F83400E16C09B12046884701B0F0BD27
:103F50002DE9F041044600F08DF9C4B10546022078
:103F600084F835000020216884F83400086820F0C7
:103F70000100086026683068C0070BD000F07AF9AD
:103F8000401B0528F6D903212022032042E001200E
:103F9000BDE8F081306848F23F01CFF21001251DE5
:103FA00000EA010C2ECDD4E9050E41EA0C011143C3
:103FB00019432943D4E90778084340EA0E01606AAF
:103FC0003943042841EA080103D1D4E90B23114302
:103FD000194331607169042821F0070141EA0005A5
:103FE0000CD1D4E90A1045EA010538B12046FEF7A4
:103FF000FFFA18B10121402201200BE02046756133
:10400000FEF7D8FAE16D3F2202FA01F18160002249
:1040100001210020626584F83510BDE8F0810000C0
:10402000B0B5044690F83400012828D0012084F867
:104030003400A56D94F8350001281DD1022084F8C4
:104040003500002060652046FEF7FAFAE26D3F2356
:10405000206803FA02F2216CAA60026842F016029C
:10406000026019B1016841F008010160016841F086
:10407000010101600020B0BD002084F8340002205E
:10408000B0BD0000B0B5044600F0F4F8054640F2BB
:10409000F150C2F200000078611C18BF044400BF58
:1040A00000F0E8F8401BA042FAD3B0BD7047000012
:1040B00080B543F61441C4F201010A68024208BF08
:1040C00080BD0860FFF7F2FF80BD00002DE9F04FD2
:1040D00083B000F13E4202F1FF724FEAB22241F694
:1040E00000470192C4F2020708224FF0010E00259A
:1040F0004FF0000A4FF00008B84208BF07220092B4
:104100000AE000BF08F101080AF1040AB8F1100F33
:1041100005F1020500F0A4800C680EFA08FB14EA11
:104120000B09EFD04C6804F0030CACF1010EBEF1AA
:10413000010F11D80322876802FA05F6CA68B7434F
:10414000AA403A4382604268C4F3001722EA0B0295
:1041500007FA08F73A434260BCF1030F1CD0C2686B
:1041600003238E6803FA05F7BA4306FA05F73A43C4
:10417000BCF1020FC2600FD16FF0030202EA5802D5
:1041800002440AF01C060F23176A03FA06F40B69AF
:10419000A743B3403B431362026803234F68AB401D
:1041A0009A4307F00303AB401A4317F4403F4FF024
:1041B000010E0260A6D0002243F644030292C4F22C
:1041C00002031A6843F6004442F480421A601A68F7
:1041D000C4F2010402F480420292029A28F003021F
:1041E0004FF6084B2244CFF6FF7B52F80B300AF013
:1041F0000C070F26BE4023EA060C019B009E072BEE
:1042000038BF1E4606FA07F747EA0C0342F80B30A0
:10421000A2684B6842EA090743F60C4CDE0258BF1D
:1042200022EA0907A760C4F2010CDCF800209E0214
:1042300042EA090758BF22EA0907CCF80070626811
:104240009E0342EA090758BF22EA0907676022680D
:10425000DB0342EA090358BF22EA0903236051E75E
:1042600003B0BDE8F08F0000002A08BF0904816197
:104270007047000049F69440C2F2000000687047A1
:1042800040F2F15049F69441C2F20000C2F200013E
:1042900000780A68104408607047000080B543F653
:1042A0000040C4F20200016841F40071016001683D
:1042B00041F480610160016841F480710160032074
:1042C00000F096F8002000F005F800F059F8002002
:1042D00080BD000070B586B0002543F64001019511
:1042E000C4F202010A68044642F001020A60096849
:1042F00001A801F0010101910199694600F0C4FE95
:10430000049E002E18BF012600F0E4FE4DF68361E6
:10431000B040C4F21B31A0FB01014FF0FF3000EBB5
:10432000914143F2C440C2F200004FF0804240F29B
:10433000E733C0E90021C0E902530561856101F05E
:1043400083FB0546C0B943F2C440C2F2000001F04D
:10435000E3FB054680B91C2000F036F80F2C0AD884
:104360001C202146002200F033F840F2F450C2F243
:104370000000046000E00125284606B070BD000082
:1043800080B582B0002043F640010190C4F20201E2
:104390004A6842F480424A604A6802F480420192CC
:1043A000019A00900868002240F080500860086878
:1043B0000F2100F08050009000986FF0010000F095
:1043C00007F802B080BD000080B508F083FE80BD14
:1043D00070B514460D46064608F08CFE2946224666
:1043E00004F0DEFC0146304608F08CFE70BD000093
:1043F00080B508F0A1FE80BD704700000268002073
:104400005162704710B5D0F800C0DCF82400D9B173
:10441000DCF82830B1F1010E00EB13430CD0002181
:10442000002000BF0CEB8101D1F804410130C1B282
:104430008E4503EB1443F5D843EA02400CEB8E01A2
:10444000C1F80401002010BD40EA0240CCF8280069
:10445000002010BD80B5D0F8E00407F0F5F980BD6C
:1044600080B501EBC102D0F8E03400EB8200026AB3
:10447000184607F053F980BD80B501EBC102D0F8B2
:10448000E03400EB8200D0F86022184607F0A0F973
:1044900080BD000080B5D0F8E00407F0D7F980BDFA
:1044A00080B501F00F0202EBC20200EB820303F1C0
:1044B00014020906006858BF03F51572114608F08A
:1044C00075F880BD10B50446080601F00F0000EB3A
:1044D000C00104EB810205D402F51571002382F8B6
:1044E000553203E0012302F11401537594F894242A
:1044F0000870012A04BF022010BD2068012284F840
:10450000942407F0C5FD002084F8940410BD000039
:10451000B0B50279044601F00F00904284BF01203B
:10452000B0BD090609D400EBC00104EB810202F51D
:104530001571002382F8553207E000EBC00104EB4F
:104540008102012302F11401537594F8942400258B
:10455000012A8D70087004BF0220B0BD20680122BE
:1045600084F8942407F0E8FE284684F89454B0BDFB
:1045700001F00F0101EBC10100EB8100D0F86802EE
:1045800070470000B0B50546080601F00F0000EBCB
:10459000C00105EB810C05D40CF5157100248CF8D5
:1045A000554204E001240CF114018CF815404C78BC
:1045B0006FF3DF22002C08708A600B7118BF4883EC
:1045C000022B04BF0020487195F89404012804BF11
:1045D0000220B0BD2868012285F8942407F092FCDF
:1045E000002085F89404B0BD10B501F00F0404EB71
:1045F000C40100EB810E4FF0000CCEF868C28EF8BB
:1046000055C290F806C0CEF86022CEF86432BCF1F4
:10461000010F8EF8544208BFCEF8702200680EF5E4
:104620001571624607F0D8FE002010BDB0B50446F3
:10463000007901F00F05854284BF0120B0BD080656
:1046400009D401EBC10004EB800000F515710022D4
:1046500080F8552207E005EBC50004EB800001223D
:1046600000F11401427594F89404012201288A7023
:104670000D7004BF0220B0BD206884F8942407F0B8
:1046800083FE2DB92068A17904F29C4207F026FE32
:10469000002084F89404B0BD80B501F00F0C0CEB41
:1046A000CC0100EB810E714601F814CF4FF0000CE5
:1046B000C1F814C04FF0010C81F801C090F806C099
:1046C000CA60BCF1010F0B6108BFCEF83020006852
:1046D000624607F081FE002080BD00002DE9F04F0A
:1046E00083B006688346304608F002F810B103B084
:1046F000BDE8F08FDBF8000008F028F80028F6D0BD
:10470000D6F80808C0F30D21DBF80000CBF8D4146C
:1047100008F01CF8800705D5DBF80000416901F0BE
:1047200002014161DBF8000006F5006708F00EF8B1
:10473000C00640D5DBF80000816921F010018161DD
:10474000346AC4F34340062804F00F051CD0022845
:104750002BD147F6F070044027D005EBC5000BEBDA
:104760008005D5F860122209304607F0F3FFD5F82E
:104770006002D5F8681200EB1410C5F8600201EB76
:104780001410C5F8680210E00BF29C413046082274
:1047900007F0E0FF05EBC5000BEB8000D0F86812D6
:1047A000C4F30A121144C0F86812DBF800008169F2
:1047B00041F010018161DBF80000CDE9017607F0DE
:1047C000C5FF00035ED5DBF8000007F09DFF002861
:1047D00058D0064602984FF0000900F5306440F2C8
:1047E0005725002717E000BF0220A0605FEA8A601B
:1047F00044BF2020A0605FEA8A4044BF4FF40050CD
:10480000A0600137B9EB560F4FEA560604F12004B9
:1048100005F1240536D0F007F3D0DBF800005FFA8D
:1048200087F8414607F08AFF8246C00705D001207D
:10483000A0605846394604F009FC5FEA0A7005D5C5
:104840000820A0605846394604F0DAFB5FEACA60E7
:1048500044BF1020A0605FEA8A70C7D50298406903
:10486000000604D50199486840F4806048601BF850
:1048700005000128B8D1584641460BF8059000F0D4
:104880000DFAB1E7DBF8000007F060FF400372D5D6
:10489000DBF8000007F030FF00286CD006460BF272
:1048A0009C40009002980BF1170800F510644FF03F
:1048B000000900270AE000BF0137B9EB560F4FEAA5
:1048C000560604F1200408F1240854D0F007F3D070
:1048D000DBF800005FFA87FA514607F01DFF054636
:1048E000C00723D0019A07F00F00516B012303FA90
:1048F00000F021EA00005063A3609BF80600012845
:1049000010D1D8F80500D8F809100844C8F80900F3
:1049100047B9D8F80D0028B9DBF80000009A01214A
:1049200007F0DCFC58465146FFF79AFD280744BFC4
:104930000820A060E80644BF1020A060680644BFBD
:104940004020A060A8070FD50298394607F09EFEC8
:1049500098F80000012805D15846514688F8009083
:1049600000F096F90220A0602806A5D558463946E1
:1049700004F0D8FBA0E7DBF8000007F0E7FEDDE974
:104980000198B0F1FF3F1ADCD9F8040020F00100D3
:10499000C9F804009BF8CC04012807D100208BF84B
:1049A000CC0458460021FFF727FD02E0584600F0EE
:1049B00057FADBF80000416901F000414161DBF882
:1049C000000007F0C3FE00050CD5D9F80800C007A9
:1049D00002D0584600F08EFADBF80000416901F47D
:1049E00000614161DBF8000007F0B0FEC00460D553
:1049F000D9F80400102120F00100C9F80400DBF808
:104A0000000007F043FE9BF80400F8B19BF8041087
:104A100008F5106000224FF67F3300BF83600768FF
:104A2000013227F400170760C0F80832D0F800728E
:104A30008A4227F40017C0F80072D0F8007247F0DD
:104A40000067C0F8007200F12000E7D3D9F81C001D
:104A500040F00110C9F81C009BF80F0040B1D9F8D4
:104A6000840040F00B00C9F8840009F1440008E01C
:104A7000D9F8140042F22B010843C9F8140009F1D7
:104A8000100001680BF29C4241F00B010160D9F863
:104A9000000020F4FE60C9F80000DBF800009BF87D
:104AA000061007F01BFCDBF80000416901F480519F
:104AB0004161DBF8000007F049FE80041CD5DBF8FB
:104AC000000007F06BFADBF8000007F003FEDBF8EC
:104AD00000408BF8070000F0F7FA9BF8072001462A
:104AE000204607F0B1FE584600F0A8F9DBF80000B8
:104AF000416901F400514161DBF8000007F026FE36
:104B0000000708D5584600F0B1F9DBF8000041690C
:104B100001F008014161DBF8000007F017FE000614
:104B20001ED5D8F8180020F08000C8F818009BF8AF
:104B30000400022814D3012440F27B2507E000BFC3
:104B40009BF804000134844205F1240508D21BF8C7
:104B500005000128F4D1E1B25846FFF7A1FCEFE7C8
:104B6000DBF8000007F0F2FDC00229D59BF8040035
:104B700002281FD308F512640BF13C05012601271A
:104B800008E000BF9BF8040001372034874205F19C
:104B900024050FD22068B0F1FF3FF3DC287801280C
:104BA000F0D147F08000C1B2584605F8016CFFF71C
:104BB00077FCE7E7DBF80000416901F4801141610F
:104BC000DBF8000007F0C2FD80023AD59BF8040034
:104BD000022830D308F532600BF51F710122012342
:104BE00008E000BF9BF8047001332030BB4201F1A4
:104BF000240120D20768B7F1FF3FF3DC0E78012EC5
:104C0000F0D1DBF8D46407F4803706F00106B74230
:104C1000E8D101F8012CD8F8187047F08007C8F8DF
:104C20001870D8F814703F06DCD4D9F8040040F4AA
:104C30000070C9F80400DBF80000416901F40011BC
:104C40004161DBF8000007F081FD400008D55846BF
:104C5000FFF700FCDBF80000416901F08041416191
:104C6000DBF8000007F072FD40077FF540ADDBF890
:104C700000004468600702D55846FFF70BFCDBF8DC
:104C8000000041682143416003B0BDE8F08F00009F
:104C900080B5D0F8E00406F035FE80BD80B5D0F8D0
:104CA000E00406F043FE80BDB0B582B008B3044610
:104CB000056890F8950428B9002084F894042046EB
:104CC00000F078F80320B5F1A04F84F8950404BFF4
:104CD0000020A071206807F0F9FA94E80F00257C05
:104CE000009507F06BF930B1022084F89504012596
:104CF0005CE001255AE02068002107F057FD20B153
:104D0000022084F89504012550E094F804C0BCF119
:104D1000000F1DD094F804C04FF0010E6046BCF1A6
:104D2000010F98BF704600EBC000820000230025F1
:104D3000002000BF611924350875C885AA4200F11A
:104D4000010081F815E00B76C1E907334B62F1D120
:104D5000BCF1000F16D00CEBCC008000002100222B
:104D6000002300BFA518243285F85432904203F185
:104D7000010385F8551285F85812C5E99711C5F851
:104D80006412EFD194E80F00257C009507F0EAF952
:104D900020B1022084F89504012507E000250120B8
:104DA000657484F89504206807F0CCF9284602B0B1
:104DB000B0BD0000B0B586B000680024B0F1A04FCF
:104DC0000594CDE903440294019401D006B0B0BD2E
:104DD00043F630050094C4F20205286801A940F0AA
:104DE00001002860286800F00100009000984FF44E
:104DF000C05001900220CDE90204032004900A2053
:104E000005900020C4F20200FFF760F968680521F0
:104E100040F08000686000946869002240F480409F
:104E20006861686900F48040009000984320FFF7B3
:104E3000CFFA4320FFF7C8FA06B0B0BD10B5C1796C
:104E4000044621B1022918BFFDF794FD0121D4F8D1
:104E5000E00406F0DDFDD4F8E00406F08FFD10BD9F
:104E600080B5D0F8E00406F0BBFD80BD80B5D0F879
:104E7000E00406F0BFFD80BD10B5044690F8940430
:104E8000012804BF022010BD012084F8940461743D
:104E9000206807F0BFFC002084F8940410BD0000D7
:104EA00080B5D0F8E02400F29C41104606F0BCFD2D
:104EB00080BD000010B5044690F89404012804BF9A
:104EC000022010BD2068012184F89414C1684906AD
:104ED00006D5617B012903D1816B41F48031816367
:104EE00007F0A8FB206807F01DF9002084F894045F
:104EF00010BD000010B50446D0F8E00406F0D0FD67
:104F00002068D0F8001E41F00101C0F8001EE07AD0
:104F1000002808BF10BD4EF61050CEF20000016808
:104F200041F00601016010BD2DE9F041002800F0BC
:104F30008B8043F60808C4F202080446D8F8F80348
:104F40000D4600F00700884207D288F8F853D8F8D9
:104F5000F80300F00700A84276D12068810717D532
:104F6000410705D5D8F8001041F4E051C8F8001009
:104F7000010705D5D8F8001041F46041C8F80010C9
:104F8000D8F80010A26821F0F0011143C8F8001011
:104F9000C0073FD1D8F8F80300F00700A84207D9AE
:104FA00088F8F853D8F8F80300F00700A8424BD16E
:104FB0002068410707D5D8F80010E26821F4E051D5
:104FC0001143C8F80010000708D5D8F8000021697F
:104FD00020F4604040EAC100C8F8000000F09EF8EC
:104FE000D8F8001040F6B012C1F30311C0F6010268
:104FF000515C40F2185220FA01F140F2F450C2F232
:1050000000000068C2F200021160FFF763F900209F
:10501000BDE8F0816068811E022907D258F8081C9B
:1050200089015CBF0120BDE8F08110E0012807D1B3
:1050300058F8081C89035CBF0120BDE8F08106E038
:1050400058F8081C890702D40120BDE8F081D8F87F
:10505000001021F003010843C8F80000FFF70AF927
:10506000064641F2883700BFD8F80000616800F0BA
:105070000C00B0EB810F8DD0FFF7FCF8801BB8421D
:10508000F2D90320BDE8F0810F22026043F6080246
:10509000C4F20202136803F003034360136803F0D1
:1050A000F0038360136803F4E053C360D2F800C0D8
:1050B0004FF4E05303EADC030361D2F8F80300F095
:1050C000070008607047000040F21850C2F200006C
:1050D0000068704780B5FFF7F7FF43F60801C4F298
:1050E0000201096840F6C012C1F38221C0F6010234
:1050F000515CC84080BD000080B5FFF7E5FF43F676
:105100000801C4F20201096840F6C012C1F342313D
:10511000C0F60102515CC84080BD000010B543F6E6
:105120000404C4F20204606800F00C0008280AD0ED
:10513000042819BF42F20040C0F2F40041F60030EA
:10514000C0F2B70010BD206821682368490241F60B
:105150000031C0F2B70100F03F02C3F388105CBF1A
:1051600042F20041C0F2F401A1FB00010023FBF771
:105170007BFD21680222C1F3014102EB4101B0FB3A
:10518000F1F010BD2DE9F04182B0002800F0A280BE
:105190000446007843F60006C007C4F2020643D076
:1051A000B06800F00C00042805D1306880033BD5BE
:1051B0006068C8BB8EE0B06800F00C00082802D11F
:1051C00070684002F1D46568B5F5A02F0AD0B5F536
:1051D000803F0BD0306820F480303060306820F49D
:1051E000802006E0306840F480203060306840F471
:1051F00080303060FFF73EF8002D054611D000BF2B
:105200003068800310D4FFF735F8401B6428F7D9C5
:1052100022E100BFFFF72EF8401B64284FF0030087
:1052200055D830688003F5D4207880071AD5B06847
:1052300010F00C0F09D0B06800F00C00082840F006
:105240008A807068400200F186803068800702D54D
:10525000E06801283ED13068216920F0F80040EA7A
:10526000C10030602078000738D4207840074CD443
:10527000A5695DB3B06800F00C00082840F09E807E
:10528000012D27D07068E16900F480028A4221D1A3
:10529000216A00F03F028A421CD147F6C071626A5F
:1052A0000140B1EB821F15D1A26A0023CFF6FF7334
:1052B00003EBC23200F440316FF30F02914209D187
:1052C000E16A00F07060B0EB016F03D1002002B022
:1052D000BDE8F081012002B0BDE8F08160690028DE
:1052E00040F20000C4F2472057D00121C0F8801ED0
:1052F000FEF7C0FF054600BF706F8007B5D4FEF70C
:10530000B9FF401B0228F7D9A6E0306C10F0805896
:105310000AD100200190306C40F080503064306C35
:1053200000F080500190019847F20007C4F2000796
:105330003868C00524D4386840F480703860FEF7BF
:1053400099FF05463868C0051AD4FEF793FF401B45
:105350000228F7D980E0E068002851D00020C4F28C
:10536000472001210160FEF785FF05463068800770
:105370003FF571AFFEF77EFF401B0228F6D96BE0C8
:10538000A568052D50D0012D52D0306F20F00100BE
:105390003067306F20F004004DE00021C0F8801E1F
:1053A000FEF768FF054600BF706F80077FF55DAFB1
:1053B000FEF760FF401B0228F6D94DE00027C4F23B
:1053C000472700203866FEF755FF022D05460BD112
:1053D0003068800158D5FEF74DFF401B02284FF082
:1053E0000300F5D973E700BF306880017FF56EAF29
:1053F000FEF740FF401B02284FF00300F4D966E798
:105400000020C4F2472000210160FEF733FF05466B
:10541000306880077FF526AFFEF72CFF401B02287F
:105420004FF00300F4D952E7306F40F004003067CA
:10543000306F40F001003067FEF71CFF002D05467D
:1054400041F2883714D000BF306F800713D4FEF7C5
:1054500011FF401BB842F7D9032002B0BDE8F0812C
:10546000FEF708FF401BB8424FF003003FF62FAF96
:10547000306F8007F4D4B8F1000F7FF4F9AE306CD0
:1054800020F080503064F3E604F11C052FCD084372
:105490000021CFF6FF7140EA821001EBC3316FF3B8
:1054A0000F0140EA05600843706001203866FEF78E
:1054B000E1FE0446306880013FF508AFFEF7DAFEF2
:1054C000001B02284FF00300F4D900E770470000EA
:1054D00010B50446006841688A0615D44A0615D4FA
:1054E000C90710D0016821F0080101608168E160FE
:1054F0006079042808BF10BD012060710020207170
:10550000204600F04DF810BD102000E00820A060FB
:10551000042060712046FFF7D9FF20686FF060011A
:10552000416010BD002804BF0120704710B504463B
:10553000407920B900202071204600F00DF80220AB
:1055400060712068016841F0040101600120607110
:105550000020A06010BD000080B582B0006840F659
:105560000001C5F20601884201D002B080BD0020D2
:10557000019043F63400C4F202000168002241F0B9
:10558000400101600068052100F040000190019891
:105590005020FEF71DFF5020FEF716FF02B080BD21
:1055A0007047000070B538B10446406A30B1002041
:1055B000206104F1140007E0012070BD6068B0F5BF
:1055C000827F03D004F11C00002101600026A66246
:1055D00094F8510020B9204684F8506000F03CF85F
:1055E000022084F8510094E80F0001F482710568EC
:1055F00002F4044225F040050560114403F4006202
:105600002369114403F002026369114403F00102AB
:10561000A369E569114403F40072114405F03802EE
:10562000256A114405F08002A56A114305F4005271
:1056300011430160626A042101EA134102F0100281
:1056400011444160C16921F40061C16101206665B6
:1056500084F85100304670BD2DE9F04F87B0044604
:1056600043F200070068C4F201070026B84206961C
:10567000CDE904660396029602D007B0BDE8F08F2C
:1056800043F630000196C4F20200416902AD41F4D4
:105690008051416141694FF0020901F4805101914B
:1056A0000199019601684FF0010A41F00201016081
:1056B00001684FF0030B01F002010191019901967D
:1056C00001684FF0050841F00101016000682946BA
:1056D00000F00100019001981820029007F5544055
:1056E000CDF80C90CDF810A0CDF814B0CDF81880FE
:1056F000FEF7ECFC802002A981E8010ECDF81880AD
:1057000046F2404807F550402946C4F20208FEF729
:10571000DDFC42F6E845C2F200054FF440304FF0A0
:10572000C0674FF48069C5E908062846C5E90087C7
:10573000C5E90266C5E90496C5E90666FEF708FCF8
:10574000002818BFFDF716F9E564AC6342F648552A
:1057500008F11800C2F200054021C5E9000705F173
:105760000800002280E806024FF40030C5E9080274
:105770002846C5E90522EA61FEF7EAFB002818BFC2
:10578000FDF7F8F8A564AC6307B0BDE8F08F000042
:105790002DE9F04381B01E4615460F460446FEF73C
:1057A00069FD94F851108146012909D06068B0F56F
:1057B000827F14D104294FF0020007D1A16829B9D2
:1057C000002F4FF0010018BF002D02D101B0BDE83D
:1057D000F083002EFAD094F85000012803D1022063
:1057E00001B0BDE8F083012084F8500094F8510026
:1057F000002104281CBF052084F851006165A563C1
:10580000E687A6872763E6862068A686216461640A
:105810000168490603D4016841F0400101606168F4
:10582000731EE268B1FA81F1B3FA83F3DDF82080E8
:1058300049095B09B2F5006F41EA030139D139B179
:10584000216B0988C160B81C2063E08E0138E086B6
:10585000012608F1010500BFE08E10B9E08F002895
:105860006CD02068816889070CD5E18E012E09D1A2
:1058700041B1216B002631F8022BC2602163E18E19
:105880000139E1868168C9070AD0E18F41B1C0685A
:10589000A16B012621F8020BA163E08F0138E0879C
:1058A000FEF7E8FC002DD7D0A0EB09004045D3D38C
:1058B0003AE039B139780173206B01302063E08E12
:1058C0000138E086012608F1010500BFE08E08B925
:1058D000E08F98B32068816889070DD5E18E012E8D
:1058E0000AD149B1216B002609780173206B013080
:1058F0002063E08E0138E08620688168C9070BD0FC
:10590000E18F49B1C068A16B01260870A06B01301E
:10591000A063E08F0138E087FEF7ACFC002DD5D006
:10592000A0EB09004045D1D3012084F851000020AC
:1059300084F85000032001B0BDE8F08320464146C2
:105940004A4604F077F840B120206065002084F8D2
:105950005000012001B0BDE8F083A06838B90020F4
:1059600000902068C1680091806800900098012034
:1059700084F85100002084F85000606D002818BFA2
:10598000012001B0BDE8F0837047000070470000BF
:1059900010B590F83C20012A4FF0020252D00123AA
:1059A00080F83C3080F83D200268D2F804E0D2F85C
:1059B00008C00C682EF07003234341F2FF74C4F258
:1059C0000004A24253600DDC40F2FF73C4F20003F6
:1059D0009A4215DCB2F1804F29D040F20043C4F264
:1059E000000322E040F2FF33C4F201039A4212DCCA
:1059F00041F60003C4F200039A4218D0002312E0DB
:105A000040F60003C4F200039A4210D040F600436F
:105A1000C4F2000309E044F20003C4F201039A4215
:105A200005D040F20043C4F201039A4204D1496810
:105A30002CF08003194391600121002280F83D1071
:105A400080F83C20104610BD002804BF012070479C
:105A500010B5044690F83D0028B9002084F83C00B9
:105A6000204600F01FF8022084F83D002068211D28
:105A700004F0E4FC012084F8460084F83E0084F839
:105A80003F0084F8400084F8410084F8420084F824
:105A9000430084F8440084F8450084F83D00002069
:105AA00010BD000080B582B0006844F20041C4F22D
:105AB000010188421ED040F20041C4F20001884238
:105AC00027D10020019043F64000C4F20200016893
:105AD000002241F0020101600068052100F002008F
:105AE000019001981D20FEF773FC1D20FEF76CFC51
:105AF00002B080BD0020009043F64000C4F20200D6
:105B0000416841F400314160406800F40030009089
:105B1000009802B080BD000090F83D1001291CBF24
:105B200001207047022180F83D10006841F2FF72A9
:105B3000C168C4F20002904241F00101C1600DDC75
:105B400040F2FF71C4F20001884215DCB0F1804FD1
:105B500029D040F20041C4F2000122E040F2FF31BE
:105B6000C4F20101884212DC41F60001C4F20001D6
:105B7000884218D0002112E040F60001C4F2000172
:105B8000884210D040F60041C4F2000109E044F21E
:105B90000001C4F20101884205D040F20041C4F284
:105BA0000101884206D1816801F00701062904BF7E
:105BB00000207047016841F001010160002070473A
:105BC00010B5044690F83C0001284FF0020008BFD1
:105BD00010BD012284F83C2084F83D0020684FF677
:105BE000777382689A4382600A684F2A0FDC1F2A03
:105BF00022DD202A23D0302A21D0402A4DD14B68E3
:105C0000CA68194604F0B8FD206840213BE06F2ABD
:105C100017DDB2F5005F20D0B2F5805F2AD0702A80
:105C20003BD1D1E9012CCB68614604F0B3FC20687C
:105C3000816841F077011AE00AB1102A2DD111468E
:105C400021E0502A18D0602A27D14B68CA6819462B
:105C500004F0A4FD2068602115E0D1E9012CCB6897
:105C6000614604F097FC2068816841F480418160BE
:105C700000200BE0002009E04B68CA68194604F0D8
:105C80007BFD2068502104F091FC0020012184F864
:105C90003D10002184F83C1010BD0120F6E7000003
:105CA00070470000B0B504460068C168026902EAA6
:105CB0000105A9071DD4680731D4280747D4E80691
:105CC0005CD4E80773D128067BD4680606D5206823
:105CD0006FF040010161204600F028FAA80658BF85
:105CE000B0BD20686FF0200101612046FFF74EFE35
:105CF000B0BD6FF002010161012121778069800749
:105D000003D02046FFF7CCFF05E0204600F0B6F8B0
:105D1000204600F04BF9002020776807CDD5206899
:105D20006FF00401016102212177806910F4407F46
:105D300003D02046FFF7B4FF05E0204600F09EF8B0
:105D4000204600F033F9002020772807B7D52068D7
:105D50006FF00801016104212177C069800703D039
:105D60002046FFF79DFF05E0204600F087F820461B
:105D700000F01CF900202077E806A2D520686FF01B
:105D80001001016108212177C06910F4407F03D020
:105D90002046FFF785FF05E0204600F06FF820461B
:105DA00000F004F900202077E8073FF48CAF20686A
:105DB0006FF001010161204600F08CF928067FF5A3
:105DC00084AF20686FF0800101612046FFF7DCFDA1
:105DD00068067FF583AF7AE780B586B0006844F245
:105DE0000042C4F2010200219042CDE90411CDE944
:105DF000021101911ED040F60001C4F20001884258
:105E000039D10020009043F63000C4F2020001684E
:105E1000032241F0080101600068022100F008003F
:105E2000009000984FF48040019040F60040C4F28A
:105E3000020017E043F630000091C4F2020001684E
:105E4000022241F0200101600068032100F02000DF
:105E5000009000984020019040F60040C4F20200FB
:105E600000F50060022302930123059101A9CDE909
:105E70000332FEF72BF906B080BD0000704700002A
:105E8000B0B5044690F83C00012804BF0220B0BD24
:105E90000D464FEAB2010120032984F83C0037D8AF
:105EA000DFE801F0020A12222068294604F086FB8E
:105EB000206850F8181F0EE02068294604F0B0FB57
:105EC000206850F8181F16E02068294604F0DEFB11
:105ED000206850F81C1F41F008010160016821F0A2
:105EE0000401016029690FE02068294604F002FCE2
:105EF000206850F81C1F41F400610160016821F422
:105F00008061016029690902026811430160002073
:105F1000002184F83C10B0BD002804BF0120704768
:105F200010B5044690F83D0028B9002084F83C00E4
:105F3000204600F01FF8022084F83D002068211D53
:105F400004F07CFA012084F8460084F83E0084F8CE
:105F50003F0084F8400084F8410084F8420084F84F
:105F6000430084F8440084F8450084F83D00002094
:105F700010BD000081B0006840F60001C4F20001CD
:105F8000884201D001B070470020009043F64000E5
:105F9000C4F20200016841F004010160006800F0F1
:105FA00004000090009801B07047000070470000A6
:105FB00010B5044641B1082909D0042914BF04F1E1
:105FC000410004F13F0004E004F13E0001E004F16F
:105FD0004000007801281CBF012010BD022041B103
:105FE000082909D0042914BF84F8410084F83F002F
:105FF00004E084F83E0001E084F8400020680122BB
:1060000004F0B6FA206841F2FF71C4F20001884240
:106010000FDC40F2FF71C4F20001884217DCB0F1DE
:10602000804F49D040F20041C4F20001884243D081
:1060300049E040F2FF32C4F20102904214DC41F622
:106040000003C4F20003984236D0002314E040F667
:106050000001C4F2000188422ED040F60041C4F293
:106060000001884228D02EE044F20003C4F201036C
:10607000984221D040F20043C4F20103984222D159
:10608000436C884243F400434364C2DD904207DC22
:1060900041F60001C4F2000188420DD0002107E062
:1060A00044F20001C4F20101884205D040F20041EF
:1060B000C4F20101884206D1816801F00701062976
:1060C00004BF002010BD016841F001010160002003
:1060D00010BD000010B504460068B0F1804F08BF45
:1060E000FEF7CEF843F20C50C2F20000844218BF13
:1060F00010BD40F64D00C2F200000078012841F2C8
:106100009430C2F2000002D101680131016041F215
:10611000D821C2F200010968012902D18188013128
:106120008180C1880131C18010BD0000704700002E
:1061300070B582B0044690F84200202822D1002990
:106140004FF0010518BF002A1DD00125002620466A
:106150002563666304F0EEFC206B012813D10196E1
:10616000206801680191406801900198206850E81A
:10617000030F216840F0100041E80302002AF5D126
:10618000002500E00225284602B070BD70B582B03F
:10619000044690F84200202822D100294FF0010542
:1061A00018BF002A1DD001250026204625636663FE
:1061B00004F00CFD206B012813D1019620680168C2
:1061C0000191406801900198206850E8030F216810
:1061D00040F0100041E80302002AF5D1002500E05C
:1061E0000225284602B070BD80B542F60002C2F218
:1061F0000002D2F88430834218BF80BD02F18A00C9
:1062000006F0F0FD06F0C8FC42F68C10C2F2000069
:10621000FCF758FC80BD000080B542F60001C2F2D8
:106220000001D1F88410814208BF06F0B5FC80BDA2
:10623000B0B582B0036804461868D9685A6900F09E
:106240002F05202D01F0200505D125B1204604F0B1
:106250009FFB02B0B0BD5FEA007C1EBF02F0010EE2
:1062600001F4907212EB0E024AD1226B0840C10673
:106270003DD5012A3BD10020019018680190586853
:10628000019001985869400642D4A08DE18DE28DBD
:10629000002A1CBF401A5FEA004101D102B0B0BD24
:1062A000216851E8031F226821F4907142E803132A
:1062B000002BF5D1216851E8051F226821F001016A
:1062C00042E80513002BF5D1202184F8421000216B
:1062D000216300BF216851E8031F226821F01001EB
:1062E00042E80313002BF5D10221616354E001065B
:1062F00058D44006D2D5204604F030FB02B0B0BDE1
:10630000C20718BF11F4807251D1420755D45BE027
:10631000E06B016849688AB2002ABFD0A38D9A4217
:10632000BCD2E185C069B0F5807F30D0206850E8EC
:10633000030F216820F4807041E80302002AF5D1A0
:10634000206850E8050F216820F0010041E80502AF
:10635000002AF5D1206850E8050F216820F04000A0
:1063600041E80502002AF5D1202084F842000020EF
:10637000206300BF206850E8030F216820F0100060
:1063800041E80302002AF5D1E06BFDF7C9FC0220C9
:106390006063A08DE18D401A81B22046FFF724FF93
:1063A00002B0B0BD204604F02BFC02B0B0BD626C60
:1063B00042F001026264420706D5BEF1000F03D02D
:1063C000626C42F002026264820706D5BEF1000FE1
:1063D00003D0626C42F004026264BCF1000F06D587
:1063E0005EEA050203D0626C42F008026264626CED
:1063F000002A3FF453AF0840800602D5204604F03F
:10640000C7FA20684069616C00F0400001F00801A3
:10641000401827D0204604F079FA206840694006E9
:106420001BD500BF206850E8050F216820F0400010
:1064300041E80502002AF5D1E06B70B14AF2C17162
:10644000C0F600010165FDF7ABFC00283FF426AF64
:10645000E06B016D884702B0B0BD2046FFF7DCFE5F
:1064600002B0B0BD2046FFF7D7FE0020606402B046
:10647000B0BD0000002804BF0120704710B50446DD
:1064800090F8410028B9002084F84000204600F030
:1064900021F8242084F841002068C16821F40051CB
:1064A000C160204604F0D8FA2068016921F49041C7
:1064B0000161416921F02A014161C16841F4005143
:1064C000C16000202021606484F8411084F84210EB
:1064D000606310BD2DE9F04F87B00446006844F6B4
:1064E0000001C4F2000100268842CDE90566CDE92D
:1064F0000366029600F0968041F20041C4F2010169
:10650000884200F0DB8041F20001C4F201018842C0
:1065100040F03181002743F630000197C4F20200B9
:106520004169002541F0100141614169C4F2020551
:1065300001F01001019101990197016802AE41F04B
:1065400002010160016846F2280801F00201019190
:106550000199019701684FF0020941F001010160C2
:1065600000684FF0030A00F00100019001988020BC
:1065700002904FF0070B05F580603146C4F2020827
:10658000CDE90397CDF814A0CDF818B0FDF79EFD26
:106590004FF40070CDE9020904A880E8800C284679
:1065A0003146FDF793FD42F6086508F59260C2F2A8
:1065B00000054FF0006A4021C5E9000A05F1080016
:1065C0004FF4806980E882024FF440362846C5E9DE
:1065D0000577EF61C5E90867FDF7BAFC002818BF29
:1065E000FCF7C8F9A563AC6342F6A85508F58C60C2
:1065F000C2F20005C5E9000A2846C5E90277C5E9E7
:106600000497C5E90677C5E90867FDF7A1FC0028EE
:1066100000F0A280FCF7AEF942F6A8552526C2F29A
:1066200000059EE043F630000196C4F202000169C5
:1066300041F480210161016901F4802101910199F6
:106640000196016841F004010160006802A900F0B0
:106650000400019001984FF4406002900220CDE9BF
:10666000030603200590072006900020C4F20200D4
:1066700000F50060FDF72AFD42F6686546F2280045
:10668000C2F20005C4F202004FF000614FF48062D4
:1066900085E843002846C5E90362C5E90566C5E902
:1066A00007666E62FDF754FC002857D0FCF762F9CC
:1066B00042F668652726C2F2000552E0002643F63E
:1066C00030000196C4F20200416941F020014161AD
:1066D000416901F02001019101990196016841F0A1
:1066E00040010160006802A900F04000019001989B
:1066F0004FF4844002900220CDE903060320059068
:10670000082006900020C4F2020000F5C050FDF7FA
:10671000DDFC46F22800C4F2020042F6C86500F52E
:106720008060C2F200054FF020614FF4806285E87E
:1067300043002846C5E90362C5E90566C5E9076661
:106740006E62FDF705FC58B1FCF714F942F6C86516
:106750004726C2F2000504E0252602E0272600E0D5
:106760004726304605210022E563AC63FDF730FE85
:106770003046FDF729FE07B0BDE8F08F70470000F6
:10678000704700002DE9F041044690F841002028B0
:106790001CBF0220BDE8F0810E4600294FF0010029
:1067A00042D01746002A08BFBDE8F0814FF000082C
:1067B00021201D46C4F8448084F84100FDF75AFDAD
:1067C000A784E784A1680746B1F5805F0DD12069F1
:1067D000002814BF3046B046064606E016F8010B06
:1067E00021684860E08C0138E084E08C80B120466C
:1067F00080213A462B4604F02DFAB8B9002EEDD18F
:1068000038F8020B21686FF35F2048600026E9E743
:10681000204640213A462B4604F01CFA202184F8F9
:106820004110002818BF0320BDE8F081202084F823
:1068300041000320BDE8F081B0B5044690F8410066
:1068400020281CBF0220B0BD4FF0010089B3002AF0
:10685000134608BFB0BD4FF0000C21202162A38475
:10686000E384C4F844C084F84100A06B4AF6C10E2A
:106870004AF601152268C0F6000EC0F60005C0E910
:106880000FE54AF2D175C0F600050432C0E9135C89
:10689000FDF7C6FB20686FF040010160206850E8FA
:1068A000050F216840F0800041E80502002AF5D17B
:1068B0000020B0BD704700007047000080B543F273
:1068C0001440C2F20000FEF703FE80BD70B543F62F
:1068D0007C450446C2F2000500202A88A37B207470
:1068E000D4F8F40061685A43FAF7EFF92988A27BDB
:1068F00060685143FAF702FA2988A27BD4F818019C
:1069000051435143FAF7FAF92988227BA37BD4F843
:106910000C0151435943FAF7F1F9A07B60B3002011
:10692000002105E0A27B0131914200F1040023D255
:10693000D4F8F420131893ED000AB5EE400AF1EEF6
:1069400010FAEFD0237C656A02EB830282ED000A25
:10695000E954D4E9053294F80CE052F800C0227CE6
:106960005B5CD4F80C5112FB0E3305EB8303013250
:1069700043F804CC2274D5E7207CE0B1237CD4F822
:106980001CC01946D4F824E0D4F81851012B98BF44
:10699000012149424FF0FF320EEB020676780132B8
:1069A0005CF8266002FB002045F820608818013062
:1069B0001846F1D11846217BA4F87800A4F87A1083
:1069C000A4F88010A4F88200A4F89000A4F8920023
:1069D000A4F89810A4F89A00A4F8480070BD00002C
:1069E000FEE7000040F6D450C2F2000090ED040A29
:1069F0009FED1C3AB0EEC01AB4EE431AF1EE10FA55
:106A000011DC90ED031AB0EEC12AB4EE432AF1EE88
:106A100010FA08DC90ED052AB0EEC24AB4EE434A03
:106A2000F1EE10FA02DD4FF0FF307047B5EE400A8C
:106A3000F1EE10FA4FF00001B5EE401A4FF00000F1
:106A400008BF0121F1EE10FA4FF00002B5EE402A26
:106A500008BF01221140F1EE10FA18BF01200840D2
:106A60004042704700003443B0B52DED088BD0F89C
:106A7000EC50044695ED00AA95ED018A95ED029A39
:106A800095ED03BA2AEE0A0A28EE081A30EE010A3A
:106A900029EE091A30EE010A2BEE0B1A30EE010A2C
:106AA00006F02EFF6FF00300291891ED011A043053
:106AB00020EE011A0C2881ED011AF5D141F21000E7
:106AC000C2F2000090ED670AB6EE001A28EE000A46
:106AD000D4F8002120EE010A82ED040A90ED670A45
:106AE000D4F8F81029EE000A20EE010A82ED050A1A
:106AF00090ED670A2AEE400A20EE010A82ED0A0AAA
:106B000090ED670A2BEE000A20EE010A82ED0B0AD7
:106B100090ED670A2BEE400A20EE010A82ED100A82
:106B200090ED670A2AEE400A20EE010A82ED110A72
:106B300090ED670A29EE000A20EE010A82ED160A9E
:106B400090ED670A28EE400A20EE010A82ED170A4E
:106B500090ED6A0A91ED1C1A81EE001A91ED230A5C
:106B600081ED1C1A90ED6A2A44F2000080EE022AA0
:106B70009FED0B0AC4F21C60B4EE401AF1EE10FA5D
:106B800081ED232AC8BF086791ED231AB4EE401A9D
:106B9000F1EE10FAC8BFC1F88C00BDEC088BB0BD97
:106BA00000401C46B0B541F210050446C2F2000593
:106BB0000120287005F5C87080EC030A4CF6774078
:106BC000C3F22B20B7EE000AC5F8A4010020F4EEB2
:106BD000401A85F86401F1EE10FAC8BFF0EE401AD1
:106BE000C5E90200C5E9040005F1300006210022D4
:106BF0000323C5ED6A1A85ED6E2A00F0C3FE05F584
:106C0000E67005F5D07301210122F9F7E5FBD5F80F
:106C10001801211F0438042251F8043F013A40F8BA
:106C2000043FF9D146F67D4046F66921C0F60000E2
:106C3000C0F6000146F6B94247F2FD0305F1FC0C2F
:106C4000C0F60002C0F600038CE80F0040F201110C
:106C5000D5F83001A5F85A1040F6EC21C0F6010134
:106C60009022FAF732F8D5F8280140F24C01C2F22E
:106C700000019022FAF729F8B0BD000010B50446D3
:106C8000D0F8F81040F24C00C2F200009022FAF75F
:106C90001CF8D4F81C1140F65C60C2F200004822D7
:106CA000FAF713F8D4F80C1140F61460C2F20000A1
:106CB0004822FAF70AF810BD10B52DED088B43F6FF
:106CC0007C410446C2F20001D0F8EC000988A27BA6
:106CD000237B90ED000A90ED011A90ED022A90EDD1
:106CE000033AD4F80C015143594330EE008A31EE97
:106CF000019A32EE02AA33EE03BAF9F7FFFFD4F895
:106D00000C01B1EE481AB1EE4A0A80ED021AB1EE5A
:106D1000491A80ED000A80ED01BA80ED039A80EDFA
:106D2000069A80ED078A80ED08BA80ED09AA80ED09
:106D30000C8A80ED0D1A80ED0E0A80ED0FBABDECC5
:106D4000088B10BDB0B52DED108B41F21004C2F2CE
:106D50000004B0EE43BAB0EE429A84ED673A94ED87
:106D60005E2A94ED5F3A94ED604A30EE420A30EECE
:106D7000C32A31EE441AB6EE003AD4F8300140F698
:106D8000EC2120EE03CA22EE03EA61EE038AC0F68C
:106D900001019022B0EE628AB0EE61AA84ED060A8B
:106DA00084ED072A84ED081A2CEE0BDA2EEE0BFA8E
:106DB00068EE8B9AF9F789FFD4E90401D4F8302101
:106DC0002CEE4B0A2EEE4B1A28EECB2A084382ED0E
:106DD000010A82ED021A82ED032A82ED06DAC2ED83
:106DE000089A82ED091A82ED0CFA82ED0D2A82EDE5
:106DF0000FDAC2ED129A82ED13FA82ED140A05D170
:106E000084ED09AA84ED0A9A84ED0B8A94ED6E0A4A
:106E100094ED091A94ED0A2A94ED674A94ED0B3A21
:106E200021EE001A30EE045A24EE0A6A20EE022AFD
:106E300024EE097A81EE051A86EE056A82EE052AAD
:106E400087EE057A20EE030A24EE083A80EE050A62
:106E500083EE053A31EE061A84ED091A37EE022A5E
:106E600084ED0A2A21EE011A22EE022A33EE000AEC
:106E700084ED0B0A31EE021A20EE000A31EE000A10
:106E800006F03EFD606BB0EE408A2021621892ED64
:106E9000010A4218043128EE000A2C2902ED080AE2
:106EA000F4D194ED060A94ED071A94ED082A20EE29
:106EB000000A21EE011A30EE010A22EE021A30EE2B
:106EC000010A06F01DFDB7EE001A81EE000A81EE00
:106ED000081A9FED832A00200021002584ED6F0A07
:106EE000B4EE420A9FED7F0AF1EE10FAB4EE401ABA
:106EF0009FED7D0A84ED701AB8BF0120F1EE10FA03
:106F0000C8BF0121B4EE401A94ED640A94ED671AEB
:106F1000D4F8442120EE010A82ED000A94ED640ABF
:106F200094ED671A084020EE010A82ED070A94EDFD
:106F3000640A94ED671A002120EE010A82ED0E0A20
:106F400094ED640A94ED671AF1EE10FA20EE010A4E
:106F500082ED150A94ED650A94ED671AB8BF012118
:106F600020EE010A82ED1C0A94ED650A94ED671A81
:106F7000084020EE010A82ED230AD4F89811D4F8D3
:106F8000482160701160D4F898011061D4F898110C
:106F900004F13000116200F0B7FF206BBFEE008AF1
:106FA00090ED001A84ED5A1A90ED012A84ED5B2AC7
:106FB00090ED020A84ED5C0A90ED033A22EE000A9D
:106FC00084ED5D3A016921EE033A21EE011A22EEC9
:106FD000022AC4F8781131EE021A406930EE030A31
:106FE00031EE011A30EE000A71EE080AC4E95F05BD
:106FF00008F0E6FE9FED3D9A94ED5A1A20EE090A3C
:1070000084ED630A94ED5B0A94ED5C2A94ED5D3A9D
:1070100021EE000A22EE032A30EE020A21EE011AC6
:1070200023EE032A31EE021A31EE011A30EE000A85
:1070300071EE080A08F0C4FE20EE090A84ED620A27
:1070400094ED5A0A94ED5B1A94ED5D2A94ED5C3A46
:1070500021EE021A20EE030A31EE400AB8EE001AC1
:1070600020EE010A08F016FE20EE092A94ED630ACC
:1070700094ED761A9FED1E3A30EE411AB4EE431AA3
:10708000F1EE10FA84ED612A02DD4FF6FF7007E0A1
:107090009FED182AB4EE421AF1EE10FA05DA01203B
:1070A000B4F8D4110844A4F8D401B4F9D4019FED84
:1070B000122A01EE100AD4E90401B8EEC11A21EE39
:1070C000021A013030EE011A41F1000184ED721A0A
:1070D00084ED760AC4E90401BDEC108BB0BD00BF9D
:1070E0009A99993ECDCC1441CDCC2441E12E6542F4
:1070F00000003443000034C30000B4432DE9F04FD6
:1071000081B000F1780500F1800804462846414628
:10711000F9F720FD84F8C800B4F87800274627F86E
:10712000A80FB4F85A0004F15801A4F8AA002846A0
:107130003A460091F9F7ECFB84F8C8003888A3467A
:10714000B4F882102BF8B00FA4F8B21038464146BC
:107150005A46F9F7DDFB214684F8C80051F8900F34
:10716000264646F8A00F58463246F9F7B1F884F89B
:10717000C80030465946F9F733F984F8C800B4F826
:107180007800A2462AF8B80FDAF83400DAF874105A
:1071900090ED000A90ED011A90ED022A90ED033A6D
:1071A00020EE025A21EE034A34EE454A34EE044AF8
:1071B00081ED004A20EE014A20EE000A21EE011A7C
:1071C00022EE035A30EE410A22EE021A34EE054A4C
:1071D00030EE410A23EE031A41F21005012034EE8D
:1071E000044A30EE010A4FF4D476C2F20005AAF840
:1071F000020081ED014A81ED020A00BFD4F82C01A2
:10720000304410ED6A0AB0EEC00A08F0B7FCA819C5
:107210000436B6F5DA7F80ED010AEFD1204630F86A
:10722000481F264626F8C01F4FF001095146324636
:10723000A6F80290F9F70AFC3188307226F8181C7B
:10724000584631463A4626F8169CF9F761FB3072EB
:107250003088514626F8060C304626F8089CF9F787
:1072600079FC307205F5E67250463946F9F750FB65
:1072700095ED691A95ED680AB6EE002A21EE022A0C
:10728000B4EE420AF1EE10FA3072B8BF85F864919C
:1072900095F86401B4EE410AF1EE10FA16DDA8B1DA
:1072A000D5E902106A78013140F10000002A04BFDC
:1072B00010461146B1F1330270F10002C5E9021027
:1072C000C0F0C180002085F864011DE09FED6D2AAB
:1072D00031EE403A21EE022A83EE022A9FED683A0F
:1072E000002821EE031AB7EE003A08BFB0EE432A99
:1072F000B4EE410A0020F1EE10FAD8BFB0EE432AF6
:1073000085ED712AC5E90200002084F82C00B4F84C
:107310005800B4F88210A4F8A8000098A4F8AA10A5
:1073200041463A46F9F7F4FA04F1980884F8C8009F
:10733000384659464246F9F7EBFAB4F898C0B4F823
:107340009A2084F8C80002FB0CF2BAB1B4F898C0D5
:10735000B4F89A20D4F81C0102FB0CF20027002399
:1073600000EB870195ED710A91ED001A0133DFB250
:1073700020EE010ABA4281ED000AF1D8D4F81C01CE
:107380009FED410A042200BF05EB820101F5CE7397
:107390002C2700BF93ED001AC11981EE001A91ED60
:1073A000012A0437382F21EE021A81ED011AF1D19A
:1073B0000132062A00F10C00E6D10120A4F8BA003F
:1073C000404631465246A4F8B8C0F9F7A1FA95F8FC
:1073D000641184F8C80031B3D4F8BC009FED2B0AC7
:1073E0009FED2B1A10300021421895ED672A92ED7F
:1073F000003A22EE002AB4EE423AF1EE10FAC8BF8B
:1074000082ED002A95ED672A92ED003A22EE012ADC
:10741000B4EE423AF1EE10FA01F10401B8BF82ED88
:10742000002A0829E0D1D4F8BC000021C16004F191
:10743000380004F130025146F8F74AFF84F8C800DA
:1074400001B0BDE8F08F43F67C45C2F200052A8802
:10745000237BD4F8E800D4F8EC105A43F9F735FC54
:107460002A88237BD4F8F800D4F8FC105A435A43F6
:10747000F9F72BFC012084F82C0001B0BDE8F08F57
:10748000CDCCCC3D6666663FDA0FC93F0AD7233CB8
:107490000AD723BC80B540F6A460C2F2000090ED8C
:1074A000040A90ED051A90ED062A9FED193A9FED1A
:1074B000194A21EE031A20EE030A22EE032A81EE76
:1074C000041A80EE040A82EE042AD0E90BE240F6A8
:1074D000D451C2F20001D0E90D3CC1E903E241F20E
:1074E0001002C2F20002C1E9053CB2F9D4C1D0E9F0
:1074F0000032D0E902E081ED001A81ED010A81ED50
:10750000022AC1E90832C1E90AE0C1F830C080BDF1
:1075100000003443DB0F494010B540F20460C2F272
:10752000000090ED070A40F25410C2F2000041F250
:10753000E924D0ED000AC2F20004204601F0B0FEBA
:10754000606B00EE100A06F09FF900EE100ADFED06
:107550000A0A9FED0A1AB8EEC00A06F083F9BDEEDA
:10756000C00A43F27C4010EE102AC2F20000002153
:1075700003F0E8F810BD00BF0000000000FF7F47E7
:1075800080B584B040F6C430C0F60100D0E90012E6
:10759000D0E90203DFED1F0A9FED1F1A9FED1F2A9E
:1075A000CDE902036846B2EE040AF7EE001ACDE90F
:1075B0000012FFF7F7FA9FED1D1A41F2E9209FED47
:1075C000180ADFED180ADFED181AC2F20000B3EE58
:1075D000042AF0EE412AB0EE413AF0EE413AB0EE24
:1075E000414AF0EE414A0021002201F0A5FF43F29A
:1075F0007C40C2F200000021FEF7DAFC40F6A460F5
:1076000044F29631C2F20000C3F60B41816204B02D
:1076100080BD00BF6F12833A0024744948E17A3F6D
:1076200000409C450000964300007A4400000000A2
:1076300070B540F6E460C2F20000FBF777F843F65D
:107640008440C2F2000042F6A41690ED001AC2F285
:10765000000640F2046486ED000A30EE010AC2F230
:10766000000480ED000A2046F9F7D4FE40F6A46538
:1076700004F10C00C2F20005D4EC031A90EC030AEA
:1076800096ED003A05F1100080EC050AC5ED092AD7
:10769000FFF758FB41F21000C2F2000000F5B4768B
:1076A0004ECE05F12C0C85E84E0000F5C2730ECBD2
:1076B000D0F8C8018CE80E00A863FFF7EBFE40F697
:1076C0000860C2F20000FBF7FDF940F6E864C2F280
:1076D00000042078C00708BFFFF71EFF20680130B4
:1076E000206070BD10B582B007F038F842F69844BB
:1076F000C2F200042046FAF729FA2046FCF7D4FA31
:1077000020460221FBF772FE42F6C044C2F200049A
:107710002046FAF71BFA2046FCF7C6FA204610214D
:10772000FBF764FE06F086FF41F20C20C2F2000077
:10773000142105F03DFC40F60860C2F2000014215F
:1077400005F036FC40F65004C2F2000404F10C00CF
:107750000A2105F02DFC20460A2105F029FC41F202
:107760006424C2F2000404F10C000A2105F020FC9C
:1077700020460A2105F01CFC40F6F070C2F2000021
:107780000A2105F015FC40F2F870C2F20000322127
:1077900005F00EFC40F6E070C2F20000642105F036
:1077A00007FC41F2F410C2F20000322105F000FCA7
:1077B00042F68C10C2F20000142105F0F9FB43F2EE
:1077C0000C50C2F20000FEF7A7F9072040F6407403
:1077D000009048F28D70C2F20004C0F6000040A193
:1077E0004FF480720023019407F0F6FE41F2D4209A
:1077F000C2F2000001904AF2FD200424C0F600000D
:107800003BA14FF480720023009407F0E5FE49F697
:107810009040C2F2000001904EF24D60C0F60000B0
:1078200036A14FF400720023009407F0D5FE40F615
:10783000BC50C2F20000019043F29D30C0F600003F
:1078400031A14FF480720023009407F0C5FE40F68A
:10785000EC70C2F20000019049F23560C0F6000001
:107860002CA180220023009407F0B6FE052042F6EA
:10787000981C00904CF6D530C2F2000CC0F6000007
:1078800028A180220023CDF804C007F0A5FE40F215
:10789000D470C2F20000019042F28D40C0F60000A8
:1078A00023A14FF480720023009407F095FE40F668
:1078B000647C48F64950C2F2000CC0F6000020A1DA
:1078C0004FF4807200230094CDF804C007F084FECA
:1078D00006F068FF002007F0C3F802B010BD00BF3B
:1078E0004D61696E4374726C5F5461736B0000008C
:1078F00053686F6F745F5461736B00007573625FE0
:107900007461736B0000000047696D62616C5F54C5
:1079100061736B00506C6F747465725F5461736B4C
:1079200000000000565430335F5461736B00000058
:10793000436861737369735F5461736B0000000087
:107940004D757369635F5461736B000010B5002A55
:1079500008BF10BD02394FF0370C4FF0000E00BFCA
:107960000CEB1074B0F1204F4FEA107338BF03F1E5
:10797000300401F8024F0001013A81F801E0EFD133
:1079800010BD00002DE9F04F81B043F67C4904465C
:10799000C2F200090420A9F8000043F67A408846A4
:1079A000C2F20000082101800020207418469A4687
:1079B000154684F80C806273A37308F0A1FB51464E
:1079C0006061F9F79BF94FEA8A07384608F098FB9F
:1079D0003946A061F9F792F9384608F091FB39462B
:1079E000E061F9F78BF94FEA8806304608F088FB2A
:1079F00031462062F9F782F9504608F081FB514682
:107A00006062F9F77BF9304608F07AFB3146206076
:107A1000F9F774F9384608F073FB39466060F9F7F6
:107A20006DF9AF00384608F06BFB3946A060F9F7F6
:107A300065F9304608F064FB31460746C4F8E800B3
:107A4000F9F75CF904F13000414601223B46F8F7B2
:107A5000C3FCB9F8000000FB08F6304608F050FB04
:107A600031460746C4F8EC00F9F748F9217B04F1E8
:107A7000380001223B46F8F7AFFCB5B143F67C4035
:107A8000C2F20000008800FB05F6304608F038FB23
:107A900031460746C4F8F000F9F730F9617B04F18C
:107AA000400001223B46F8F797FC43F67C49C2F2BE
:107AB0000009B9F80000009500FB0AF6304608F00E
:107AC0001FFB31460746C4F8F400F9F717F9A17B0C
:107AD00004F1480001223B46F8F77EFCB9F80000AB
:107AE00008FB08FB0BFB00F6304608F009FB3146AB
:107AF0000746C4F8F800F9F701F9217B04F15000BA
:107B00000A463B46F8F768FCB9F800000BFB00F6A4
:107B1000304608F0F5FA31460746C4F8FC00F9F79C
:107B2000EDF8217B04F158000A463B46F8F754FC77
:107B3000B9F800000BFB00F6304608F0E1FA074602
:107B4000C4F80001304608F0DBFA0546C4F8040129
:107B500038463146F9F7D2F8B9F80000009E0BFB21
:107B600000F12846F9F7CAF8217BD4F8003104F176
:107B700060000A46F8F730FC217BD4F8043104F1A8
:107B800068000A46F8F728FCC6B143F67C40C2F20A
:107B90000000008806FB08F101FB00F5284608F00C
:107BA000AFFA2946C4F80801F9F7A8F8217B627BEF
:107BB000D4F8083104F17000F8F70EFC43F67C4964
:107BC000C2F20009B9F800000AFB08F808FB00F54A
:107BD000284608F095FA0646C4F80C01284608F035
:107BE0008FFA0746C4F8100130462946F9F786F89F
:107BF000B9F8000008FB00F13846F9F77FF8227B5E
:107C0000A17BD4F80C3104F17800F8F7E5FB217B77
:107C1000A27BD4F8103104F18000F8F7DDFBB9F84D
:107C200000000BFB00F5284608F06AFA29460646D4
:107C3000C4F81401F9F762F8217B04F188000A46C0
:107C40003346F8F7C9FBB9F800000AFB0AF101FB5B
:107C500000F5284608F054FA29460646C4F81801EB
:107C6000F9F74CF8A17B04F190000A463346F8F787
:107C7000B3FBB9F8000008FB00F5284608F040FA0D
:107C80002946C4F81C01F9F739F8217BA27BD4F806
:107C90001C3104F19800F8F79FFBB9F80000257B30
:107CA00005FB00F606FB05F7384608F029FAC4F88C
:107CB0002001384608F024FAC4F82401384608F0B8
:107CC0001FFAC4F82801304608F01AFAC4F82C014B
:107CD000304608F015FAD4F82031C4F8300104F128
:107CE000A00029462A46F8F777FB217BD4F82431F7
:107CF00004F1A8000A46F8F76FFB217BD4F828317D
:107D000004F1B0000A46F8F767FB217BD4F82C3168
:107D100004F1B8000122F8F75FFB217BD4F8303181
:107D200004F1C0000122F8F757FB002084F82C0072
:107D3000A06201B0BDE8F08FB0B50446C07B43F649
:107D40007C45C2F2000518B12046FEF7BFFD0DE0EC
:107D50002A88A37BD4F8F40061685A43F8F7B5FF8A
:107D60002988A27B60685143F8F7C8FF2A88637BA3
:107D7000D4F8F000A1685A43F8F7A7FFB0BD00009F
:107D800070B5044690F82C00002818BF70BD20463E
:107D900030F8982F24F8A82F254625F8082F34F816
:107DA0004E2C34F82E3CA4F13001628122466380CF
:107DB000A4F15006F8F7ACFD84F8200020463146C7
:107DC0002A46F8F7A5FD84F82000A4F158023046B1
:107DD0002946F8F73BFE84F8200070BDF0B581B06D
:107DE000044690F8290008B101B0F0BD04F1600527
:107DF00004F1680628463146F8F7ACFE04F158074E
:107E000084F8C80004F1500128463A46F8F780FD8E
:107E1000B4F85810254625F8A81F35F83E1C84F8FC
:107E2000C8006980384631462A46F8F771FD84F863
:107E3000C800A5F1200128463A46F8F749FA84F827
:107E4000C80001B0F0BD00002DE9F04381B0044648
:107E500090F82A0010B101B0BDE8F08304F1780772
:107E600004F1800938464946F8F774FE84F8C800E2
:107E7000B4F87800264626F8A80FB4F85A0004F1A2
:107E80005808A4F8AA00384641463246F8F740FDA3
:107E900084F8C80030882746B4F8821027F8B00F5D
:107EA000A4F8B210304649463A46F8F731FD21466B
:107EB00084F8C80051F8900F254645F8A00F3846C1
:107EC0002A46F8F705FA84F8C80028463946F8F734
:107ED00087FA84F8C800B4F85800B4F882103080EB
:107EE000A4F8AA10404649463246F8F711FD84F836
:107EF000C800A5F1080230463946F8F709FD84F8B4
:107F0000C80001B0BDE8F083F0B581B00446FFF7CA
:107F100013FFD4F8CC1009B120468847204600F062
:107F200073F8D4F8D01009B1204688472046FFF7EF
:107F300055FFD4F8D41009B120468847207C43F679
:107F40007C47C2F2000798B12046FFF77DFFD4F8C6
:107F5000D81009B120468847204600F08DF8D4F8A3
:107F6000DC1009B1204688472046FFF709FF15E0DD
:107F7000E07B0028E8D03A88237BD4F8E800D4F8E6
:107F8000EC105A43F8F7A1FE3A88237BD4F8F800A6
:107F9000D4F8FC105A435A43F8F797FED4F8E0108F
:107FA00009B120468847227BEAB1267BD4F8F80045
:107FB000216A33460025012E98BF012302FB05529A
:107FC00091ED000A00EB820292ED001A0135B4EE49
:107FD000401AF1EE10FAB8BF82ED000A0431AB424C
:107FE0003246EBD100E016463A882068D4F8E81013
:107FF0007243F8F76AFED4F8E41009B120468847C6
:10800000206801B0F0BD000070B5044690F828006B
:10801000002818BF70BD607B10B3207B254625F873
:10802000B80F012604F1600004F130012A46A4F8DB
:10803000BA60F8F76DFC217B24F8C01F2072A4F110
:108040005000A4F1800122466680F8F761FC20729E
:10805000A4F1880228462146F8F73AF9207270BD4B
:1080600004F1600004F1300104F13802F8F750FC2B
:1080700084F8C80070BD00002DE9F04381B00446CB
:1080800090F82B0010B101B0BDE8F083204630F825
:10809000781F254625F8B81F04F138084FF001096C
:1080A00041462A46A4F8BA90F8F732FC84F8C80092
:1080B000204630F8481F274627F8C01F29463A4671
:1080C000A4F8C290F8F7C2FC264636F8981F84F848
:1080D000C8002980304639462A46A4F8BA90F8F7F5
:1080E00017FC84F8C800A6F1680240462946F8F754
:1080F000EFF884F8C80001B0BDE8F08380B542F61F
:10810000984046F20041C2F20000C4F2000103228E
:10811000002380E80E0000F10C014FF4102C4FF406
:10812000001E81E8085083618383FBF7DFFB002892
:1081300018BFFAF71FFC80BD10B542F6C04046F6E6
:108140000001C2F20000C4F20001062200234FF039
:10815000012480E80E0000F10C014FF4003C4FF4C4
:10816000001E81E8085084618383FBF7BFFB002871
:1081700018BFFAF7FFFB10BD80B582B0002043F6B0
:1081800030010190C4F202010A6842F480020A60E0
:108190000A6802F480020192019A009008680022A5
:1081A00040F4001008600868052100F400100090F9
:1081B00000980C20FCF70CF90C20FCF705F939208D
:1081C00005210022FCF704F93920FCF7FDF83A20DC
:1081D00005210022FCF7FCF83A20FCF7F5F83B20DB
:1081E00005210022FCF7F4F83B20FCF7EDF84420D1
:1081F00005210022FCF7ECF84420FCF7E5F84620C6
:1082000005210022FCF7E4F84620FCF7DDF802B077
:1082100080BD000080B54AF22D3040F67C32C0F6B9
:108220000000C0F60102002105F0F4FB40F6E06119
:10823000C2F2000108604AF2413040F6A032C0F6B6
:108240000000C0F60102002105F0E4FB40F6EC61FD
:10825000C2F20001086080BD2DE9F04F87B0002513
:1082600043F630000695CDE90455CDE90255019558
:10827000C4F20200016840F2000A41F0020101600C
:108280000168C4F2020A01F002010191019901950D
:1082900001680AF5006841F04001016001680022B0
:1082A00001F04001019101990195016841F001013E
:1082B0000160016801F001010191019901950168D6
:1082C00041F008010160016801F008010191019984
:1082D0000195016841F004010160016801F00401A9
:1082E000019101990195016841F480710160016873
:1082F00001F48071019101990195016841F08001BB
:108300000160016801F08001019101990195016806
:1083100041F02001016000684FF4807100F02000FE
:10832000019001984046FBF79FFF0AF5C054204694
:10833000402101220126FBF797FF0AF5E05B584632
:108340004FF4E0510022FBF78FFF5046102101222D
:10835000FBF78AFF0AF58069484641F201010122D4
:10836000FBF782FFC02002904FF4881002AFCDE9E6
:1083700003050AF500503946FBF7A8FE4FF480705C
:10838000CDE9020640463946CDE90455FBF79EFE8D
:108390004020CDE9020620463946CDE90466FBF7C8
:1083A00095FE4FF4E050CDE9020658463946CDE936
:1083B0000455FBF78BFE082002904FF4041B204667
:1083C0003946CDE903B6FBF781FE50463946CDE983
:1083D00002650496FBF77AFE1020CDE9020602241E
:1083E0005046394604960594FBF770FE3020CDE9DF
:1083F000020B404639460496FBF768FE4FF4805066
:10840000CDE9020648463946CDE90466FBF75EFE33
:1084100048463946CDE90266CDE90464FBF756FECD
:10842000092005210022FBF7D3FF0920FBF7CCFF31
:108430000A2005210022FBF7CBFF0A20FBF7C4FF2F
:10844000172005210022FBF7C3FF1720FBF7BCFF15
:1084500007B0BDE8F08F000080B543F2144040F64D
:108460000001C2F20000C5F206010160FDF75AF8F2
:10847000002818BFFAF77EFA80BD0000B0B543F2BD
:10848000244043F20001C2F20000C4F201014FF4A3
:108490008272002380E80E0000F10C014FF0020C04
:1084A0004FF0010E4FF40074102581E808500A21A6
:1084B000C0E90645C0E90833C0E90A31FDF772F8A2
:1084C000002818BFFAF756FAB0BD000080B588B092
:1084D00043F27C4044F200420021C2F20000C4F2A8
:1084E0000102532340F2CF7C0791CDE90511CDE97C
:1084F0000311CDE90111C0E90023C0E9021C0161AB
:108500008161FDF7A1FA002818BFFAF733FA43F2A8
:108510007C40C2F20000FDF7FFFC002818BFFAF70C
:1085200029FA602001900020CDE90200059043F275
:108530007C40C2F2000001A90022FDF7A1FC002846
:1085400018BFFAF717FA43F27C40C2F20000FDF7B9
:1085500043FC08B080BD000080B586B043F20C50EB
:1085600040F200420021C2F20000C4F20002532394
:1085700040F2CF7CCDE90411CDE90211CDE9001123
:10858000C0E90023C0E9021C01618161FDF75CFACA
:10859000002818BFFAF7EEF94FF48050029043F22A
:1085A0000C50C2F2000002A9FDF70AFB002818BF18
:1085B000FAF7E0F90020CDE9000043F20C50C2F2D6
:1085C00000006946FDF7E4F9002818BFFAF7D2F970
:1085D00006B080BD10B58AB043F2545040F6000199
:1085E0000024C2F20000C4F200014FF6FF730994A8
:1085F000CDE90744CDE90544CDE90344CDE9014483
:10860000A72280E81600C0E903348461FDF784FCEA
:10861000002818BFFAF7AEF943F25450C2F2000036
:1086200008A9CDE90844FDF7B3F9002818BFFAF707
:10863000A1F9602001900020CDE90200059043F2ED
:108640005450C2F2000001A90822FDF719FC0028CD
:1086500018BFFAF78FF943F25450C2F20000FDF749
:10866000BBFB0AB010BD000080B543F29C5041F244
:108670000001C2F20000C4F2010100234FF00C0C13
:108680004FF4E13280E80E00C0E90333C0E905C3CE
:10869000C361FDF7EFFE002818BFFAF76BF980BD44
:1086A00080B543F2E45044F60001C2F20000C4F287
:1086B000000148F2A062C0F20102002380E80E002F
:1086C00000F10C014FF4806C4FF0040E81E808506B
:1086D000C0E90633FDF7CEFE002818BFFAF74AF9C5
:1086E00080BD000080B543F22C6041F20041C2F22F
:1086F0000000C4F2010100234FF0040C4FF461228A
:1087000080E80E00C0E90333C0E905C3C361FDF78B
:10871000B1FE002818BFFAF72DF980BD80B542F6EA
:10872000BC1040F23001C2F20000C2F2000100228F
:1087300002F0CCFF002818BFFAF71CF942F6BC1073
:1087400040F21C51C2F20000C2F2000103F0D2F963
:10875000002818BFFAF70EF942F6BC1040F2B851E3
:10876000C2F20000C2F2000102F0D8FC002818BFDB
:10877000FAF700F942F6BC10C2F2000003F07CFAEE
:10878000002818BFFAF7F6F880BD000040F63C74E8
:1087900041F2D42740F6BC5642F6000840F6C055D8
:1087A00040F6387940F6F86BC2F20004C2F20007D6
:1087B000C2F20006C2F20008C2F20005C2F20009CD
:1087C0004FF0000AC2F2000B14E000BF42F6C040B6
:1087D00040F6C652C2F200004FF49871C2F2000295
:1087E000F8F730FF89F800A004F0F6FB20460F21CF
:1087F00006F0E2F806F074FF014640F2ED70C2F2B6
:108800000000827A40F2D470C2F200000068012AAF
:10881000216009D105F058F9386805F055F930683C
:1088200005F052F91AE000BF05F060F9306805F074
:108830005DF9386805F05AF901F014F841F2E820C2
:10884000C2F2000080F800A040F64D00C2F2000025
:10885000CBE900AACBE902AA80F800A098F8790039
:1088600098F87F10002818BF012000294FF001015F
:1088700008BF410099F80000E970411C012889F8FF
:108880000010A3D00028AFD142F6C040C2F20000D1
:108890004FF490712A46F8F7D5FEA5E72DE9F04F81
:1088A00081B02DED048B41F2943940F61C0740F65F
:1088B0000806C2F20009C2F20007C2F20006D9F8A7
:1088C00000003C88358840F648783128C2F200081C
:1088D0000ED8A4F67B7080B240F6FF71884240F655
:1088E0004C70C2F2000034BF01210021017013E07E
:1088F00040F64C70C2F2000000780028204614BFF9
:1089000041F27A7140F27A7100F0B0FE00EE100A86
:10891000B8EEC00A88ED000A01EE104A98ED000A90
:10892000F8EE410A9FED721A00F0BCFE388840F65E
:10893000C014BDEEC01A00EE100AC2F20004B8EE78
:10894000400AF8EE410A204600F054FCB7F9020054
:10895000D4ED110A40F6684400EE100AC2F2000499
:10896000B8EEC00A204600F045FC94ED110A9FEDD8
:10897000618A45F2000BB4EE480AF1EE10FACCF22F
:10898000C36BB8BFC4F844B094ED110A9FED5A9A76
:1089900045F20007B4EE490AF1EE10FAC4F2C367DB
:1089A000C8BF6764308841F2171100F05FFE01EE26
:1089B000105A00EE100A40F6447AF8EE410A9FED94
:1089C0004F1AB8EEC00AC2F2000A8AED000A00F09F
:1089D00069FE308840F67005BDEEC01A00EE100A40
:1089E000C2F20005B8EE400AF8EE410A284600F04F
:1089F00001FCB6F9020040F6183600EE100AD5ED7B
:108A0000110AC2F20006B8EEC00A304600F0F2FBCE
:108A100096ED110A40F2C460B4EE480AF1EE10FA85
:108A2000B8BFC6F844B096ED110A49F65762B4EEE5
:108A3000490AF1EE10FAC8BF776495ED110AC2F247
:108A40000000BDEEC00A10EE101A94ED110ACFF628
:108A5000FF72BDEEC00A8180914210EE101AC180F3
:108A6000DEBF49F65861CFF6FF718180B0F904107E
:108A700046F2A9129142A4BF46F2A811818042F6A3
:108A8000C04040F2C462C2F20000C2F2000240F2F2
:108A9000FE31F9F7EDFDD9F80000B0F57A7F21D36A
:108AA00040F64D010020C2F2000140F6300240F6CF
:108AB000D4570870D8F80010C2F20002DAF800307B
:108AC000C2F20007C9F800003E69BF69C2E90500AB
:108AD00041F2E820C2E90313C2F200000121C2E919
:108AE00001670170BDEC048B01B0BDE8F08F00BFE1
:108AF000000048430050C3C60050C346000048422F
:108B0000FEE7000080B582B013881BBA4FEA134C11
:108B10005388ADF800C01BBA4FEA134C9388D28833
:108B20001BBA12BA120C1B0CADF806206A46ADF83F
:108B300002C0ADF80430F8F785FD02B080BD00003A
:108B400041F2082CB0F90030C2F2000C03226FF0A1
:108B5000C70113F1C90F8CF80020D8BF0180B0F90C
:108B600000209FED361AC92AA4BFC8220280B0F99E
:108B700002208A42B8BF4180B0F90220C92AA4BFAE
:108B8000C8224280B0F904208A42B8BF8180B0F97F
:108B90000410C929A4BFC8218180B0F90010B0F920
:108BA000022000EE101AB8EEC00AB0F9040080EE00
:108BB000013A00EE102AB8EEC00A80EE012A00EE5B
:108BC000100AB8EEC00A80EE010A9FED1D1A40F6A9
:108BD0005070C2F20000B4EE413AF1EE10FA80EDAE
:108BE000003A80ED012A80ED020A08DC9FED154A6B
:108BF000B4EE443AF1EE10FAA4BF00210160B4EEE5
:108C0000412AF1EE10FA08DC9FED0E3AB4EE432A49
:108C1000F1EE10FAA4BF00214160B4EE410AF1EE7A
:108C200010FAC8BF70479FED071AB4EE410AF1EE83
:108C300010FAA4BF00218160704700BF00004843C4
:108C40000AD7233C0AD723BC80B52DED048BB0EEA8
:108C5000000A002004F0E0F99FED1D8A4FF48370B4
:108C6000B0EE480A04F0D8F9B0EE089A0020B0EE51
:108C7000490A04F0D1F940F29320B0EE480A04F01A
:108C8000CBF90020B0EE490A04F0C6F94FF4C460F5
:108C9000B0EE480A04F0C0F9B1EE040A002004F076
:108CA000BBF99FED0C0A40F2174004F0B5F940F211
:108CB000FC50C2F20000016843F274620139C2F252
:108CC0000002116001210160BDEC048B80BD00BF7A
:108CD000000048430000FA4310B5FBF7CBFA40F21E
:108CE000EC52C2F20002116843F6804C40F6687EF6
:108CF000C2F2000C01EB4103C2F2000EDCF80040AE
:108D00000EEB83039B68041B9C424FF0000416D3B8
:108D100043F27463C2F200031B680131116099428F
:108D200081BF012401211160CCF8000010689FED83
:108D3000050A00EB40003EF8200004F073FB2046DB
:108D400010BD00BFCDCCCC3D0A2005F00BFEFFF7D7
:108D50007BFF40F65C7440F6607540F66476C2F2C4
:108D60000004C2F20005C2F2000603E02046012121
:108D700005F022FE06F0B4FC29882060481C2880FB
:108D8000FFF7AAFFB5F90000B0F5617FEEDB04F054
:108D900097FB306804F0AAFEE8E70000FEE7000059
:108DA00000F0070080F00703042B28BF04234FF0D6
:108DB000FF3C03380CFA03F338BF0020994381408D
:108DC0000CFA00F022EA0000084370472DE9F04356
:108DD000B0F800C0D0F80680BCF1020F00F11A0212
:108DE0001ED3B0F800C098ED011AD0F80A30ACF1EB
:108DF00001040027002600BF7D1C08EB850191EDD2
:108E0000002A08EB870132EE412A81ED002A53F84F
:108E10002510013643F82710B7B2BC42ECDC01E064
:108E2000ACF1010408EB8C0313ED021AD0F80AE050
:108E3000D0F8025031EE000A08EB84070EEB8404F0
:108E400087ED000A6545C4ED000A3CBF691CC0F807
:108E5000021000F10E0340884FF00009ACEB000057
:108E600080B26045C2F80C90C2F80890C2F8049035
:108E7000C2F800903CD26FF0030101EB80010EEBD1
:108E8000010608EB0107ACEB000500BF97ED010AF6
:108E9000116820EE000A01EE101A31EE000A10EE01
:108EA000101A5468116097ED010A01EE104A30EE75
:108EB000010A10EE101A516097ED010A916896EDC3
:108EC000011AD46820EE010A01EE101A31EE000AF0
:108ED00010EE101A916096ED010A01EE104A30EE84
:108EE000010A0437043610EE101A013DD160CDD1CD
:108EF000116855689668D26801EE10CA00EE106AD3
:108F0000B8EE411A02EE105A03EE102A20EE010AC2
:108F100022EE033A30EE430A03EE101A23EE013A32
:108F200022EE022A33EE422A80EE020A6045C3F89E
:108F3000089010EE101A196024D2596802EE101A27
:108F40006FF0030101EB80010EEB01024144ACEB39
:108F5000000000BF91ED013A92ED014A20EE033A84
:108F600033EE023A9F6833EE443AB0EEC33A04EE71
:108F7000107A34EE033A0431043213EE107A0138D9
:108F80009F60E7D1986802EE100A82EE011A11EE96
:108F9000100A9860BDE8F0832DE9F0414FF0000819
:108FA0008D0004460180C0F80280284607F0A8F82A
:108FB0000646C4F80600284607F0A2F844F80E8FCB
:108FC000074644F8040C30462946C4F80480F7F7F5
:108FD00095FE38462946F7F791FEC4F81880C4F884
:108FE0001480C4F81080C4F80C80BDE8F081000043
:108FF00080B542F63070C2F20000FBF76FFB80BD17
:1090000070B50446006843F20B06056C00EB411096
:10901000D0F8081BC4F65476B54207D311F40041CA
:109020001EBF00F530604FF4004181602046FBF721
:1090300037FFB54209D3A079012818BF70BD206859
:1090400004F29C42012103F049F970BD70B5044659
:1090500000680E4600EB4111036CD1F8082BA5798E
:1090600001F53061012D27D1150737D4950650D46D
:1090700012F0280F18BF70BD43F20B05C4F65475EB
:10908000AB4202D312F4004231D106EBC60204EB2C
:109090008202D2F8743209696FF3DF41A3EB010158
:1090A000C2F86812AEB9D2F86432ABB3D2F860023B
:1090B0000844C2F860020CE043F20B05C4F6547594
:1090C000FF35AB4217D1100411D4900644BF2020C5
:1090D0008860F1B22046FBF7CFF970BD43F20B0078
:1090E000C4F65470834213D312F4004010D04FF4EE
:1090F0000040886070BD3EB9D4F8641221B904F212
:109100009C42002103F0EAF8F1B22046FBF7B4F9E3
:1091100070BD2020886070BD04F29C42012103F0E4
:10912000DDF8D6E72DE9F04F85B0064601EBC1002A
:1091300006EB8000054655F8247F2C4654F8042F92
:10914000974254D38346D6F800C05BF81C3FBA1A46
:109150009A4288BF1A460291CDF810C00CEB41111B
:10916000D1F8183903329BB2B3EB920F2ED300F132
:109170002008029801F510615FFA80FA039100BFA0
:1091800020682968814221D9DBF80020A1EB000981
:109190009145D8F80010B77988BF914604981FFA16
:1091A00089F35246009703F0EFFBD8F800002168DE
:1091B0004844C8F8000001EB09002060039809F159
:1091C0000301806980B2B0EB910FD9D22868216881
:1091D000884202980BD8049B00F00F000121D3F8BD
:1091E000342801FA00F022EA0000C3F8340805B080
:1091F000BDE8F08F10B5044690F8680010B19FEDFF
:10920000270A10BD84ED080A30EEC00A94ED161A44
:10921000B0EEC02AB4EE412AF1EE10FAC4ED000A15
:1092200084ED0A0A2EDD94ED043A94ED0D6A20EEE9
:10923000033A94ED032A36EE033A94ED0B6A94ED6B
:10924000011A94ED054A94ED065A20EE022A30EEFA
:10925000460A84ED0C2A24EE000A30EEC11A32EEE2
:10926000032A84ED0E0A25EE011A32EE000A30EED2
:10927000010A204684ED0D3A84ED0F1A84ED110A9F
:1092800004F034FA206A2168606294ED110AA06A41
:10929000616084ED120AE06210BD00BF00000000B2
:1092A00010B52DED048B044690F99800B0EE608A5D
:1092B000B0F1FF3FB0EE409A02DC204604F048FADD
:1092C00004F18C00F9F732FA10EE100AC4F890009D
:1092D00019EE100AD4F8A210206118EE100A38EE28
:1092E000490A206010EE100AA06109B120468847A3
:1092F000A069A16C00EE900AB0EEE00A01EE101A2F
:10930000B4EE410AF1EE10FA40F3AA80D4F89400CA
:10931000616800EE101A80B30168426801EE101A0D
:1093200030EE010A20EE800A10EE101AD0F808C0C4
:109330006162A168D4F8900000EE101A01EE102AC4
:1093400030EE010A20EE801A00EE100A20EE011A1B
:10935000E36811EE100A2063B4F8600001EE103AE1
:1093600002EE10CA032831EE028A20D304F1620013
:10937000FFF72CFD28EE000A22E020EE800A10EE16
:10938000100A6062A068D4F8902000EE100AE1682C
:1093900020EE801A00EE102AB4F8602021EE001AA8
:1093A00011EE100A032A08EE101A2063DED2E069DB
:1093B00001EE100A30EEC11A28EE011A81EE000A01
:1093C000D4F8A61010EE100AE06209B120468847D2
:1093D00094F89800400702D5204604F01FFA94F84C
:1093E0009800800602D5204604F072F894F89800A0
:1093F000800702D5204604F0BDF894F89800400696
:1094000002D5204604F098F894F89800C00702D0DE
:10941000204604F00BF9A16A226B606AE36A00EE51
:10942000102A01EE101A30EE010A01EE100A10EEB9
:10943000101A30EE010A01EE103A94F8980030EE5E
:10944000010AA16210EE101AC006616302D520461F
:1094500004F02EF9204604F061F9204604F0C4F926
:109460002069A169E26A6061606B236B00EE100AFB
:10947000A063E263E1612362BDEC048B10BD0000D8
:1094800090ED072A30EEC00A90ED051AB0EEC03A12
:10949000B4EE423A80ED091AF1EE10FA80ED050AB9
:1094A000BCBF0021416190ED050A90ED043AB0EE99
:1094B000C04AB4EE434AF1EE10FA10DAB1EE423A85
:1094C000B5EE400AF1EE10FAC8BFB0EE432A90EDB7
:1094D000063A30EE022A32EE032A80ED062A90ED9B
:1094E000032A90ED064AB1EE423AB4EE434AF1EE59
:1094F00010FAB8BF80ED063A90ED063AB4EE423A63
:10950000F1EE10FAC8BF80ED062A90ED002A90ED2A
:10951000013A90ED065A90ED024A20EE022A23EE1F
:10952000053A30EE410A32EE032A20EE040A32EE0A
:10953000000A80ED080A704770B5054611EE100A62
:10954000A86410EE900A686410EE100A286411EE08
:10955000900A686012EE100AA86012EE900AE860A5
:1095600013EE100A286513EE900A686514EE100ACF
:10957000A86514EE900A0026E86505F1620014461D
:109580002E602E63A5F86010FFF706FDC5F88C600D
:1095900085F89840C5F89D60C5F8996085F8A16088
:1095A0006E6370BD04EE101AB8EE444A002100F15B
:1095B0000C0280ED144A80ED150AC0ED160A016018
:1095C00082EC051A016470470000000000000000F2
:1095D000EFF30980BFF36F8F154B1A681EF0100F61
:1095E00008BF20ED108A20E9F04F10602DE9090036
:1095F0004FF0500080F31188BFF34F8FBFF36F8F90
:1096000005F0E6FB4FF0000080F31188BDE809008B
:1096100019680868B0E8F04F1EF0100F08BFB0ECF2
:10962000108A80F30988BFF36F8F704700BF00BFB7
:10963000A837002040F6D45540F6300643F278644F
:10964000C2F20005C2F20006C2F2000495ED041A4F
:1096500095ED060AD6ED011AD6ED020A204603F072
:1096600001FD0A2004F098F9F0E7000001F6FF720E
:109670006FF35F3200234FF0000C824238BF4FF08F
:10968000010C88BF01234FF400508A423ABF4EF2CA
:109690000000CFF6FF706346002B18BF014408B2EC
:1096A0007047000030EE600AB5EE400AF1EE10FAA5
:1096B00009DDB4EE410AF1EE10FACCBF30EE810ABA
:1096C00030EE200A7047B1EE412AB4EE420AF1EEC4
:1096D00010FAB4BF30EEC10A30EE200A7047000025
:1096E00080B543F2E453C2F20003D3F800C0DCF8C3
:1096F000143043F04003CCF81430DCF80C3043F065
:109700001003CCF80C3042F66863C2F20003D3F8C1
:1097100000E0DEF800C02CF00103CEF80030DEF8E7
:109720000030DB070AD000BFDEF8003023F0010371
:10973000CEF80030DEF80030DB07F5D144F6040344
:10974000C4F20003CEF80830CEF80C00CEF81010AA
:10975000CEF80420DEF8000040F48020CEF80000AF
:10976000DEF8000040F00100CEF8000080BD0000EF
:1097700040F21810C2F20000017A013902292CD8F7
:10978000417A0139022928D801884288A1F5B671A9
:10979000B1F5A56F4FF00001A2F5B67288BF0121A7
:1097A000B2F5A56F4FF0000288BF012211438288F5
:1097B0000023A2F5B672B2F5A56F4FF0000288BF84
:1097C0000122C0881143A0F5B670B0F5A56F88BF1F
:1097D000012343EA0100404270474FF0FF307047D9
:1097E00081790020502988BF4FF0FF30704700007A
:1097F00080B50A8813BA4FEA134CA0F800C04A8813
:1098000012BA120C42808A8812BA120C828091F825
:1098100006E0028980F806E0C2EB1342CB7911B270
:10982000B1F5805FC37102DD4289013A428111F5D1
:10983000805F02DA418901314181B0F90A109FED60
:10984000081A0CEB413100EE101AB8EEC00A20EEF7
:10985000010AC160A0F808C080ED040A80BD00BF05
:109860000000343D40F21810C2F200004FF0042115
:109870000160416040F202210181017D827D01F0A1
:10988000FD01017502F0FD0181750021C0F80A108B
:10989000C0F80E1041827047B0F90010B0F90220F4
:1098A000A1F5806100EE101A9FED372AB0F904305F
:1098B000B8EEC00AA2F5806180EE024A00EE101AEE
:1098C000B0F90600B8EEC00AA3F5806180EE023A56
:1098D00000EE101AB8EEC00AA0F5806080EE021A01
:1098E00000EE100AB8EEC00A80EE020A41F208202B
:1098F0009FED262AC2F200000121017040F6F860B7
:10990000B4EE424AC2F20000F1EE10FA80ED004AD5
:1099100080ED013A80ED021A80ED030A08DC9FED2C
:109920001C5AB4EE454AF1EE10FAA4BF00210160C2
:10993000B4EE423AF1EE10FA08DC9FED154AB4EEAF
:10994000443AF1EE10FAA4BF00214160B4EE421A8D
:10995000F1EE10FA08DC9FED0E3AB4EE431AF1EE88
:1099600010FAA4BF00218160B4EE420AF1EE10FAB1
:10997000C8BF70479FED061AB4EE410AF1EE10FA27
:10998000A4BF0021C160704700002544CDCCCC3D70
:10999000CDCCCCBD10B50178427840F2181462F3FA
:1099A0000A21C2F20004218041788378C90863F358
:1099B0004A116180C17802798378890041EA931164
:1099C00002F0010241EA8221A1800179427949082D
:1099D00062F3CA11E1804179890921724179C1F3A9
:1099E00001116172C288032962810289A2814289C0
:1099F000E281027BA274427BE274C089A0820AD019
:109A000002290FD001290FD140F21810C2F2000034
:109A1000FFF742FF08E0E28A81B204F10A00FFF793
:109A20008FF801E000F0BAF8608AA18A2082E18212
:109A300010BD000070B582B00D461646022101220D
:109A40002B460446009600F039F828B1606D0325D6
:109A500040F0200060652DE040F21850C2F2000096
:109A6000006849F68171C1F25E61A0FB0101480DF9
:109A70004FF47A71484301906068B0F5827F0FD14E
:109A80002046802100222B460096002500F016F883
:109A900080B1606D032540F0200060650AE000BFE2
:109AA000019830B101980138019020688068000663
:109AB000F6D40025284602B070BD00002DE9F0471D
:109AC00082B00A9C984615460E468146FAF7D2FBAC
:109AD000201A00EB0804FAF7CDFB40F21851C2F24D
:109AE00000010968C1F3CB3161430191D9F800103D
:109AF00089683140891BB1FA81F14909A94203D132
:109B0000002002B0BDE8F087824608F1010709E0B5
:109B1000D9F8000080683040801BB0FA80F040091E
:109B2000A842EDD0002FF3D0FAF7A4FBA0EB0A0077
:109B3000A04207D201980199002808BF0446481E98
:109B40000190E5E7D9E900014268B1F5827F22F092
:109B5000E00242600BD1D9F80810B1F5004F02D0F5
:109B6000B1F5806F03D1016821F040010160D9F89F
:109B70002810B1F5005F07D1016821F400510160A0
:109B8000016841F400510160012089F85100002072
:109B900089F85000032002B0BDE8F08741F20820A8
:109BA000C2F20000022101707047000000000000B6
:109BB000074B19680868B0E8F04F80F30988BFF3D5
:109BC0006F8F4FF0000080F31188704700BF00BF17
:109BD000A837002080B503F0A7FA80BD0088704741
:109BE00080B540F2ED70C2F20000807A01280AD1FF
:109BF00042F60000C2F200000078022806D010B938
:109C000000F0BCF980BD00F011F980BD00F00CFA45
:109C100080BD000010B541F20020C2F20000418872
:109C20008288C08800EE101A42F62871B8EE400A09
:109C3000C2F2000102EE100A42F62C7081ED000A19
:109C400001EE102A42F6A011B8EE423AC2F200002C
:109C50009FED4A2AB8EE411AC2F2000180ED003AA7
:109C600030EE433A81ED001A40F2E8700021B4EE84
:109C7000423A43F6784CC2F20000C4F22011F1EEF1
:109C800010FAC2F2000C016002DDB2EE0E0A2CE006
:109C9000B4EE423AF1EE10FA23DAB3EE0E4AB4EE25
:109CA000443AF1EE10FA1CDDBCF80010B2EE043AB2
:109CB00005EE101A21EE034AB8EE455A9FED306AC0
:109CC00024EE054A84EE064A25EE022A82EE062A92
:109CD00020EE030A30EE040A30EE410A80EE020A5A
:109CE00003E0B2EE040A81EE000A40F2F052C2F242
:109CF0000002127843F6744101EE102A40F2EB5252
:109D0000C2F20001B8EE411AC2F2000281ED000A6F
:109D100020EE010A9FED1B1A127820EE010A01EED7
:109D2000102AB8EE411A80EE010A40F64C0140F2CA
:109D3000301341F2542EC2F20001C2F20003C2F20B
:109D4000000E0978DA789EF80C0081F0010182F0AB
:109D50000102BCF800304FF0FF34032808BF012493
:109D600051EA020008BF0124E018BDEEC00AACF8B9
:109D7000000010EE100AAEF8040010BD0000C8424A
:109D800000007A44000070C210B541F25424C2F2BF
:109D90000004207B4EF29C61C1F66411042821600E
:109DA00088BF10BDDFE800F003122C303D0000F04A
:109DB000EDF940F6FC72C2F2000241F29430D26832
:109DC000C2F200000021C180A26010BD40F200611B
:109DD000C2F2000101220A7041F218210020C2F2F1
:109DE0000001087040F6FC71C2F20001488141F2A6
:109DF0009432C968C2F20002A080D080A16010BD78
:109E00004FF48770A08010BD41F20020C2F2000024
:109E1000007801281ABF4EF6E820A080FFF7FAFE6E
:109E200010BD41F21850A08010BD000080B540F276
:109E3000BC62C2F2000200201060908042F698409E
:109E4000C2F200004FF40071FEF75CFE80BD00001E
:109E5000F0B581B040F6FC70C2F20000B0F902002B
:109E600041F25426C2F2000600EE100AB6F90400D0
:109E700040F2F00501EE100AC2F20005B8EEC00A89
:109E8000F8EEC10A2846FFF7FBFA41F28027C2F23A
:109E90000007B7F92A0040F2C84400EE100AB6F9EC
:109EA0000200C2F2000401EE100AB8EEC00AF8EE99
:109EB000C10A04F12800FFF7E3FAB7F9020000EE47
:109EC000100AB6F90000B8EEC00A01EE100AF8EE6A
:109ED000C10A2046FFF7D4FA95ED080A9FED231A30
:109EE000B4EE410AF1EE10FABEBF44F20000CCF22B
:109EF0001C60286295ED080A9FED1D1AB4EE410A18
:109F0000F1EE10FAC2BF44F20000C4F21C602862F5
:109F100094ED121A9FED170A0020B4EE401AF1EEEC
:109F200010FACCF28060B8BFA06494ED122A9FEDC5
:109F3000121AB4EE412AF1EE10FAC4BF4FF08D416F
:109F4000A16494ED082AB4EE402AF1EE10FAB8BFED
:109F5000206294ED080AB4EE410AF1EE10FAC4BF93
:109F60004FF08D40206201B0F0BD00BF00401CC624
:109F700000401C46000080C60000804640F64C00B1
:109F8000C2F200000078012819D140F23011C2F26B
:109F90000001CA699FED231A00EE102A41F25420F5
:109FA000B4EE410AC2F200000122F1EE10FA02738F
:109FB000D8BF7047C97849B30321017331E042F635
:109FC0000000C2F2000090F8702041F2542041F2EB
:109FD0007C21C2F20000C2F200011AB100230B8002
:109FE0000323037322B9027B032A04BF01220273F5
:109FF0000A88013293B2B3F5FA6F0A8011D9017B56
:10A0000004291EBF0021017370470AE042F60001D7
:10A01000C2F2000191F8701000291EBF03210173E4
:10A0200070477047CDCCCC3D40F64C00C2F20000EA
:10A030000078012841F25420C2F200001AD140F207
:10A040003011C2F20001CB7842F60001C2F20001E9
:10A0500091ED090AB7EE001A0122B4EE410A01217E
:10A060000273F1EE10FA08BF0321012B18BF11464D
:10A070000173704742F60001C2F2000191ED091A26
:10A08000B7EE000AB4EE401AF1EE10FA02BF032157
:10A090000173704791ED071A0021B4EE401AF1EEFA
:10A0A00010FA08BF012149000173704780B540F2E2
:10A0B000F000C2F2000090ED080A40F2BC61BDEE73
:10A0C000C00A10EE100AC2F20001088040F2C84037
:10A0D000C2F2000090ED120A90ED081ABDEEC00A1F
:10A0E00010EE100A888041F25420C2F20000007B7A
:10A0F000BDEEC10A002810EE100A488008BF80BDDE
:10A1000042F6984040F2BC62C2F20000C2F2000285
:10A110004FF40071FEF7F6FC80BD000040F2ED70D8
:10A12000C2F2000001798279407982F0010280F068
:10A130000100104381F001010843B0FA80F140F6BC
:10A14000C050C2F200004B0941F254214278C2F2E1
:10A150000001097B02F0FE021A44427069B140F628
:10A160004C020329C2F2000202D11378012B06D15E
:10A170001278012A05D1032202E00A4600E00222F9
:10A180008270042904BF042181707047F0B581B04A
:10A1900040F6FC71C2F20001B1F9021041F25426FE
:10A1A00040F2F004C2F20006002000EE101AC2F2E3
:10A1B0000004DFED4D0A3060B080B8EEC00A2046E2
:10A1C000FFF75EF941F28027C2F20007B7F92A00D3
:10A1D00040F2C84500EE100AB6F90200C2F20005CE
:10A1E00001EE100AB8EEC00AF8EEC10A05F1280027
:10A1F000FFF746F9B7F9020000EE100AB6F90000C1
:10A20000B8EEC00A01EE100AF8EEC10A2846FFF7C0
:10A2100037F994ED080A9FED351A40F2BC62B4EEAE
:10A22000410AF1EE10FABEBF4CF20000CCF2A85089
:10A23000206294ED080A9FED2E1AC2F20002B4EEDD
:10A24000410AF1EE10FAC2BF4CF20000C4F2A8506D
:10A25000206295ED121A9FED270A0020B4EE401AF5
:10A26000F1EE10FACCF28060B8BFA86495ED122A26
:10A270009FED211AB4EE412AF1EE10FAC4BF4FF05F
:10A280008D41A96495ED082A4FF40071B4EE402A7F
:10A29000F1EE10FAB8BF286295ED080AB4EE410A53
:10A2A000F1EE10FAC4BF4FF08D40286294ED080A19
:10A2B00095ED081ABDEEC00A10EE100A95ED120ACF
:10A2C0001080BDEEC00A10EE100ABDEEC10A9080EB
:10A2D00010EE100A508042F69840C2F20000FEF7DD
:10A2E00011FC01B0F0BD00BF0000000000C0A8C517
:10A2F00000C0A845000080C60000804641F2D0247E
:10A30000C2F2000405F0ECF92060FFF769FCF8F7F1
:10A31000EBFAFFF739FDFFF79BFDFFF7C7FEFFF7ED
:10A32000FDFE2046012104F047FBEBE7FEF7F6F9BE
:10A33000FDF726F9FDF77CF9012003F02DFBF9E785
:10A3400080B5FDF7CFF980BD80B54EF21000CEF29A
:10A350000000006805F0B0F9012818BF04F04AFEBB
:10A3600080BD000070B592B006AC20463021F6F7F3
:10A37000C5FC002543F640000595CDE90355CDE920
:10A3800001550095C4F202000168022641F0805197
:10A390000160006800F080500090009847F20000D3
:10A3A0000095C4F20000016841F48041016000683A
:10A3B00000F4804000900098012006904FF4803017
:10A3C00007904FF480000D9006200E90A820CDE954
:10A3D0000F060720119020460C96FAF7D3FE88B995
:10A3E0000F20CDE901064FF4A05004904FF48050A7
:10A3F000059001A805210395FAF796FD002804BFF2
:10A4000012B070BDF8F7B6FA4EF68850CEF20000E2
:10A41000016841F4700101607047000080B543F2AB
:10A42000C440C2F20000FBF73DFC80BD80B543F2A2
:10A430000C50C2F20000FBF735FC80BD10B540F6B1
:10A44000FF3E0368C4F2000E40F2004C7045C4F2B7
:10A45000010C0FDCB0F1804F19D040F20042C4F281
:10A460000002904213D040F60002C4F20002904273
:10A470000DD010E040F60042C4F20002904206D037
:10A48000604504D00022C4F20102904203D14A6820
:10A4900023F07003134341F6FF72C4F200029042AE
:10A4A0000DDC70451FDCB0F1804F41D040F200421E
:10A4B000C4F2000290423BD040F6000221E043F695
:10A4C000FF72C4F20102904220DC42F20002C4F2A8
:10A4D000000290422CD00022C4F20102904227D008
:10A4E000604525D028E040F60042C4F200029042C8
:10A4F0001ED041F60002C4F20002904218D041F68C
:10A500000042C4F20002904212D015E044F2000270
:10A51000C4F2010290420BD044F60002C4F20102E0
:10A52000904205D044F20042C4F20102904203D1AD
:10A53000CA6823F44073134323F080024B69D1F8B7
:10A5400000E08C681A430260C46240F48062C0F884
:10A5500028E0624504BF0969016301214161016985
:10A56000C90708BF10BD016921F00101016110BDDB
:10A5700080B501F01F014FF0010CD0F820E00CFA7B
:10A5800001F32EEA03030362036A02FA01F119439D
:10A59000016280BDD0F808C011432CF47F4C41EA21
:10A5A000032141EA0C01816070470000826822F0BB
:10A5B0007002114341F0070181607047B0B5026A33
:10A5C000036A40F2004523F001030362D0F804E07F
:10A5D000D0F818C08C6822F0020240F48063C4F204
:10A5E0000105AB4242EA040205D1CC6822F00C021C
:10A5F00024F0040422430C68AB4207D1D1E905538F
:10A600002EF4407E45EA0E0545EA030E2CF0730356
:10A610002343C0F804E08361496841630262B0BD2E
:10A6200070B5026A036A40F2004423F0100303622B
:10A63000D0F804E0D0F818C08D6822F0200240F471
:10A640008063C4F20104A34242EA051207D1CD6837
:10A650006FF0400622F0C00206EA05152A430D6895
:10A66000A34207D1D1E905642EF4406343EA86038F
:10A6700043EA840E2CF4E64343EA0523C0F804E0E1
:10A68000836149688163026270BD000070B5026A2F
:10A69000036A40F2004423F480730362D0F804E0BC
:10A6A000D0F81CC08D6822F4007240F48063C4F2BC
:10A6B0000104A34242EA052207D1CD6840F2FF46D9
:10A6C0002D0222F44062B5432A430D68A34207D10C
:10A6D000D1E905642EF4405343EA061343EA041E0D
:10A6E0002CF073032B43C0F804E0C3614968C163D5
:10A6F000026270BD70B5D0F820C0026A40F2004618
:10A7000022F4805202624268C3690C68D1F808E002
:10A7100040F48065C4F20106B54204D14D6922F4CB
:10A72000804242EA851223F4E64343EA042342606E
:10A73000C3612CF40056496846EA0E320164026295
:10A7400070BD000000684FEAB101C36A934238BF90
:10A75000C26A032988BF7047DFE801F0020B0508D1
:10A7600091B24163704791B2C163704791B2016485
:10A77000704791B281637047D0F820C0036A23F01C
:10A7800001030362836923F0F00343EA02122CF011
:10A790000A0319438261016270470000D0F820C0AB
:10A7A000036A23F010030362836923F4704343EACE
:10A7B00002322CF0A00343EA01118261016270476A
:10A7C00080B5806B0021C185C184FBF725FD80BD6C
:10A7D00010B5846B2068406994F84110212907D195
:10A7E00010F0800004D00020E084204600F0C2F881
:10A7F0002068406994F84210222907D110F04000E7
:10A8000004D00020E085204600F080F8606C40F025
:10A81000100060642046FBF7FFFC10BD80B50168A6
:10A82000806B0968C9052FD40021C185016851E8F2
:10A83000031F026821F4807142E80313002BF5D155
:10A84000016851E8051F026821F0010142E8051383
:10A85000002BF5D1016851E8051F026821F0400185
:10A8600042E80513002BF5D1202180F84210016B3E
:10A87000012909D1016851E8031F026821F0100184
:10A8800042E80313002BF5D100214163016B01293C
:10A8900003D1818DFBF7A8FC80BDFBF76FFF80BD66
:10A8A00080B5806B01214163016B012904D1818D49
:10A8B0004908FBF799FC80BDFBF762FF80BD0000F3
:10A8C00080B50168806B0968C90516D40021C18470
:10A8D000016851E8051F026821F0800142E8051374
:10A8E000002BF5D1016851E8031F026841F04001D7
:10A8F00042E80313002BF5D180BDFBF7DBFF80BDE1
:10A9000080B5806BFBF7D8FF80BD0000016851E87F
:10A91000031F026821F4907142E80313002BF5D164
:10A92000016851E8051F026821F0010142E80513A2
:10A93000002BF5D1016B01290AD100BF016851E854
:10A94000031F026821F0100142E80313002BF5D128
:10A95000202180F8421000210163704780B5016812
:10A96000CA6822F04002CA60202180F84110FBF73B
:10A97000A1FF80BD016851E8031F026821F0C001FA
:10A9800042E80313002BF5D1202180F841107047D5
:10A9900080B582B090F8421022291ED18268B2F5AB
:10A9A000805F02D1016900294AD0816AB2F5805FD7
:10A9B00007D00AB9026922B10268526802F07F0228
:10A9C00001E0026852680A700121826A11448162C2
:10A9D000C18D01390A04C18501D002B080BD016872
:10A9E000CA6822F02002CA60CA6822F48072CA6073
:10A9F0004A6922F001024A61202180F842100021B8
:10AA00004163026B012A23D1016300BF016851E851
:10AA1000031F026821F0100142E80313002BF5D157
:10AA200001680A68D20606D5002201920A680192DE
:10AA3000496801910199818DFBF7D6FB02B080BD79
:10AA40000168826A49686FF35F2111800221BCE7C7
:10AA5000FBF794FE02B080BD10B504460068D4E94F
:10AA600002C22369016921F4405111430161626905
:10AA700043EA0C01E3691143C268194349F20C63CC
:10AA80009A431143C1604169A26921F4407141F2C6
:10AA90000043114340F48062C4F201039A424161D1
:10AAA00002D1FAF729FB01E0FAF714FBE1696368C8
:10AAB0001922B1F5004FA0FB02011CD15A00DB0F97
:10AAC000F6F7D2F848F21F51C5F2EB11A0FB0123B3
:10AAD0005A096FF0630302FB0300322303EBC0004B
:10AAE000A0FB01014FF4F87000EA111000EB021016
:10AAF000C1F342111AE09A009B0FF6F7B5F848F23D
:10AB00001F51C5F2EB11A0FB01235A096FF063033B
:10AB100002FB0300322303EB0010A0FB0101F02035
:10AB200000EA511000EB0210C1F343112268084300
:10AB3000906010BD70B582B0134600260446816255
:10AB400083854664222084F842000A462168E06B2F
:10AB50004AF61D0C4AF6A10E4AF2D175C0F6000C59
:10AB6000C0F6000EC0F600050431C0E90FCEC0E902
:10AB70001356F9F755FA019620680168019140686B
:10AB800001900198206948B1206850E8030F2168BE
:10AB900040F4807041E80302002AF5D1206850E8B3
:10ABA000050F216840F0010041E80502002AF5D1B7
:10ABB000206850E8050F216840F0400041E8050298
:10ABC000002AF5D1002002B070BD00008162002192
:10ABD0008285C2854164222180F84210016921B139
:10ABE0000168CA6842F48072CA600168486940F02E
:10ABF00001004861C86840F020020020CA60704728
:10AC000090F84110212923D18168B1F5805F01D1ED
:10AC1000016931B1016A02684B1C03620978516015
:10AC200007E0016A036831F8022B6FF35F225A6074
:10AC30000162C18C01390A04C18418BF70470068E1
:10AC4000C16821F08001C160C16841F04001C1606C
:10AC5000704700002DE9F04182B0044600680068AA
:10AC60000840884203D1002002B0BDE8F0811D46B3
:10AC70000E4690465F1C04E0206800683040B042F9
:10AC800028D0002FF8D0F9F7F5FA01464FF003006D
:10AC90000DB3A1EB0801A9421DD82068C16849077E
:10ACA000EAD5402EE8D0802EE6D001680907E3D52A
:10ACB00000250195016801914068019001982046A6
:10ACC000FFF724FE0820606484F84050012002B0A1
:10ACD000BDE8F081002002B0BDE8F08180B543F20C
:10ACE0009C50C2F20000FBF7A3FA80BD80B582B091
:10ACF00043F2E450C2F2000000680168890635D4CE
:10AD000044F60001C4F200010968C9064CD50021CF
:10AD100000910168009140680090009841F20C2079
:10AD2000C2F20000F7F7CEFE42F66860C2F2000001
:10AD30000068242302680168120321F00101016008
:10AD40004168436089B21AD40268122942F4002291
:10AD50000260026842F00102026025D143F6214000
:10AD6000C2F20000FEF716FE02B080BD0021019184
:10AD70000168019140680190019802B080BD46F2DF
:10AD80002802C4F202021368122923F4002313607C
:10AD9000026842F00102026006D143F62140C2F28D
:10ADA00000002430FEF7F6FD02B080BD80B543F20E
:10ADB0002C60C2F20000FBF73BFA80BDB0B5D0F8C2
:10ADC000D42200EB8202D2F8C03233B301F00F0577
:10ADD0008C4605EB850100EB810151F8184F64B1F9
:10ADE000D0F8C8E205EBC5050EEB8505D5F81CE0EB
:10ADF000B4FBFEF505FB1E458DB10024C3F81442DB
:10AE0000D2F8C402056935B1D3F8080203F504711C
:10AE10006246A84700242046B0BD0320B0BD0024F0
:10AE20000C6061460022002300F048FE2046B0BDC1
:10AE3000B0B50446D0F8D40204EB8000D0F8C0527C
:10AE400095B1204600F012FDD4F8D412C5F80C02DA
:10AE500004EB8101D1F8C412D5F80402CA6805F5E3
:10AE6000037190470020B0BD0320B0BD70B58121B3
:10AE7000044600F04BFC002520460121258700F008
:10AE800045FC20468221A4F8785100F03FFCD4F81C
:10AE9000D402E56404EB8000D0F8C01289B1D0F888
:10AEA000C40240688047D4F8D40204F5307656F8DE
:10AEB000200001F01FF8D4F8D40246F82050C4F85E
:10AEC000BC52002070BD000010B5D0F8D41200EBC9
:10AED0008100D0F8C04284B1D0F8C41279B194F89E
:10AEE0000002FF280BD08B6894F801222146984776
:10AEF000FF2084F80002002010BD032010BD0020B8
:10AF000010BD0000014640F298500A22C2F2000033
:10AF10000A807047F0B581B040F25457C2F2000782
:10AF200004463846822100F04BFB06463846012194
:10AF300000F046FB05463846812100F041FB002E1B
:10AF40001CBF1021B171002D1CBF4021A980002819
:10AF50001CBF40218180432140F25450C2F20000C6
:10AF6000218001B0F0BD0000F0B581B040F254572F
:10AF7000C2F2000704463846822100F021FB064653
:10AF80003846012100F01CFB05463846812100F0BF
:10AF900017FB002E1CBF1021B171002D1CBF4FF4F8
:10AFA0000071A98000281CBF4FF4007181804321EB
:10AFB00040F25450C2F20000218001B0F0BD000008
:10AFC000F0B581B040F25457C2F20007044638464B
:10AFD000822100F0F5FA06463846012100F0F0FA29
:10AFE00005463846812100F0EBFA002E1CBF1021E7
:10AFF000B171002D1CBF4021A98000281CBF402139
:10B000008180432140F25450C2F20000218001B0FF
:10B01000F0BD00002DE9F04104464FF4077000F048
:10B020006BFF00284DD04FF407710546F5F766FE1B
:10B03000D4F8D402402704EB8000C0F8C052207C32
:10B04000C4F8BC52002808BF4FF400772046812185
:10B0500002223B46022600F07DFC4FF0010820460C
:10B06000012102223B46A4F8388000F073FC102036
:10B07000A4F84E002046822103220823A4F87881F8
:10B0800000F068FCD4F8D4020027C5F8047204EB81
:10B090008000D0F8C402A4F84C8000688047C5F84E
:10B0A0001472C5F81872D5F804223AB1207C90B118
:10B0B00020460121402300F059FC00263046BDE81F
:10B0C000F081D4F8D402002104EB8000C0F8C01253
:10B0D0000220BDE8F081204601214FF4007300F00A
:10B0E00045FC0020BDE8F08180B5D0F8D41200EB1B
:10B0F0008101D1F8C01271B190F810C0D1F80422CA
:10B1000040230121BCF1000F08BF4FF4007300F091
:10B110002DFC002080BD032080BD000000290FBF52
:10B120000320D0F8D42200EB8200C0F8C41218BF6C
:10B1300000207047D0F8D42200EB8200D0F8C00283
:10B1400000280EBF0320C0F8041200207047000042
:10B15000D0F8D43200EB8300D0F8C00200280FBF33
:10B160000320C0F80812C0F8102200207047000029
:10B1700070B582B00446D0F8D4020D4604EB8000CE
:10B18000D0F8C06200218DF80710ADF80410C6B1E8
:10B19000297811F0600216D0202A2BD1EA88002AE3
:10B1A0002ED0090635D46878314686F8000220464C
:10B1B000402A28BF402286F8012200F0C3F800266A
:10B1C00060E003265EE068780B2844D80026DFE8BC
:10B1D00000F006594242424242424242303C94F818
:10B1E0009C0203283DD101A92046022200F0C4F8A8
:10B1F000002647E02046294600F09AF8032641E061
:10B20000D0F8C4022946836868780022002698474F
:10B2100038E0D0F8C4023146836868789847EA88F5
:10B2200020463146072A28BF072200F0A5F800264D
:10B2300028E094F89C02032819D10DF1070120465B
:10B24000012200F099F800261CE094F89C020328E3
:10B2500013D1002616E02046294600F069F803269F
:10B2600010E02046294600F063F803260AE0204655
:10B27000294600F05DF8032604E02046294600F048
:10B2800057F80326304602B070BD000080B5D0F8F4
:10B29000D41200EB8101D1F8C0223AB1D2F81412D5
:10B2A00000294FF0010103D0084680BD032080BD76
:10B2B000C2F81412D2F81032D2F808228121C362E7
:10B2C00000F0FCFB0021084680BD000080B5D0F8EE
:10B2D000B82252689047002818BF032080BD0000A4
:10B2E00080B590F89C22013A022A09D849880129A0
:10B2F00018BF80BD0021C0F8A41200F04BF880BD3B
:10B3000000F016F880BD0000002070470020704754
:10B3100080B513460A46002100F028FB002080BDBE
:10B3200080B513460A46002100F0C8FB002080BD0E
:10B3300010B58021044600F0A3FB2046002100F058
:10B340009FFB10BD80B513460A460321C0F8941236
:10B350000021C0E9563300F009FB002080BD000049
:10B3600080B50521C0F8941200210022002300F0CE
:10B37000FDFA002080BD000080B513460A46022178
:10B38000C0F894120021C0E9063300F097FB0020BA
:10B3900080BD000080B50421C0F894120021002275
:10B3A000002300F08BFB002080BD000010B541F2AF
:10B3B000A034C2F200040A4602A0214600F056F969
:10B3C000204610BD43444320436F6E66696700000A
:10B3D00040F2A4501222C2F200000A80704700001E
:10B3E00010B541F2A034C2F200040A4602A0214680
:10B3F00000F03CF9204610BD43444320496E74657B
:10B40000726661636500000040F2CC500422C2F213
:10B4100000000A807047000010B541F2A034C2F26B
:10B4200000040A4602A0214600F020F9204610BD83
:10B4300053544D6963726F656C656374726F6E69A6
:10B440006373000010B541F2A034C2F200040A4652
:10B4500002A0214600F00AF9204610BD53544D3396
:10B4600032205669727475616C20436F6D506F7233
:10B470007400000080B51A200880F7F729FB40F21D
:10B48000D050C2F2000080BD80B5C988012910D11A
:10B4900090F89C124A1E022A04D20022014641F86A
:10B4A000082F02E0032904D1011D0122FFF764FFE8
:10B4B00080BDFFF73DFF80BDB0B582B0044648882F
:10B4C0000D464FF0FF3101EB102100220629ADF8A7
:10B4D000062061D8DFE801F00414086060212A002A
:10B4E000D4F8B402026841E0C0B2052854D8DFE8BD
:10B4F00000F003292D313539D4F8B402426834E024
:10B50000217CD4F8B80200290CBF816AC16A0DF110
:10B51000060088470146022012E0207CE0BBD4F8F8
:10B52000B802416B0DF10600884723E0207C98BBF0
:10B53000D4F8B802016B0DF10600884701460720D8
:10B54000487018E0D4F8B40282680EE0D4F8B4026F
:10B55000C2680AE0D4F8B402026906E0D4F8B40282
:10B56000426902E0D4F8B4028269AAB1207C0DF1EC
:10B570000601904701460120A8B1EA88AAB1BDF8AA
:10B580000600B8B1904238BF02462046ADF806200A
:10B59000FFF7F2FE02B0B0BD2046FFF7C9FE002162
:10B5A00000200028E9D102B0B0BD2046FFF7F2FE2E
:10B5B00002B0B0BD2046FFF7BBFE02B0B0BD000038
:10B5C00070B582B004464288007882421AD90D468E
:10B5D0006188ADF80600814214D90DF106062046B7
:10B5E00005E000BFBDF80610628891420AD23146DC
:10B5F00000F01CF841780529F4D18178A942F1D1F5
:10B6000002B070BD002002B070BD0000017849B1E9
:10B61000411E00208A780130002A01F10101F9D190
:10B62000C0B270470020C0B27047000002780B889B
:10B63000104413440B80704780B590F89C22013A67
:10B64000022A0FD8C98802290CD1D0F8A4120322EB
:10B65000002908BF0122014641F80C2F0222FFF702
:10B660008BFE80BDFFF764FE80BD000070B5F0B1B9
:10B67000164605460C46FFF7C9FF022101EB4000C4
:10B6800030802070032060702878002808BF70BDCB
:10B69000691E0222002300BFD6B2A05546F0010069
:10B6A000235488780232002801F10101F4D170BDE1
:10B6B000032884BF0320704740F20031C000C0F26D
:10B6C000013121FA00F0C0B270470000002804BF29
:10B6D0000320704780B50023C0F8B832C0F8C432E8
:10B6E0000029C0F8D03218BFC0F8B412012180F888
:10B6F0009C12027000F0C0F880BD000080B5D0F848
:10B70000C802F8F705FFFFF7D3FF80BD80B5D0F87A
:10B71000C802F8F7D7FEFFF7CBFF80BDB0B50446EF
:10B7200089B194F89C0203284FD1D4F8B802426939
:10B73000002A4AD00020C4F8D402204690470028AE
:10B7400008BF0020B0BDD4F89402022836D1D4E955
:10B75000071081420DD90B1A204611461A46E361A3
:10B76000FFF7DEFD204600210022002300F0FEF856
:10B7700024E00FD1A16981420CD3D4F89802814210
:10B7800008D22046002100220025FFF7C9FDC4F899
:10B790009852E7E794F89C02032808D1D4F8B8023D
:10B7A000C16821B10020C4F8D40220468847204651
:10B7B000802100F065F92046FFF7D2FD94F8A00241
:10B7C00000281CBF002084F8A0020020B0BD0000AB
:10B7D00010B5044669B194F89C0203281DD1D4F831
:10B7E000B80282690020CAB1C4F8D402204690474A
:10B7F00014E0D4F89402032824D1D4E957039842E2
:10B8000010D9C01AC4F85C01984238BF03462046DC
:10B8100011461A46FFF77CFD14E00020002808BFFF
:10B82000002010BD94F89C02032808D1D4F8B80277
:10B83000016921B10020C4F8D4022046884720467F
:10B84000FFF7A8FD002010BD0020704780B5012142
:10B8500080F89C12D0F8B81231B14A68017990474B
:10B86000002818BF032080BD002080BD80B5D0F81F
:10B87000C802F8F77DFE80BD10B5017809B100203F
:10B8800010BD42F63071C2F20001C1F8E004C0F808
:10B89000C8124FF0A0400860042008714FF40070F7
:10B8A000C8800220C1F809000020C8810846F9F7C5
:10B8B000FBF9002818BFF7F75DF842F63074C2F2C2
:10B8C000000420468021F8F799FD204600214022FF
:10B8D000F8F798FD204601218022F8F793FD00201B
:10B8E00010BD0000D0F8C80201F07F0202EBC202D6
:10B8F00000EB820000F11602090658BF00F2562242
:10B900001078704780B5D0F8D42200EB8202D2F8CC
:10B91000B82242B190F89C32032B02D1126A02B1D4
:10B920009047002080BD032080BD000080B5D0F886
:10B93000D42200EB8202D2F8B82242B190F89C32B5
:10B94000032B02D1526A02B19047002080BD032030
:10B9500080BD000080B59446D0F8C8021A46634600
:10B96000F8F710FEFFF7A4FE80BD000080B5D0F808
:10B97000C802F8F739FEFFF79BFE80BDF0B581B035
:10B980000126002580F89C62C0F894520446456068
:10B99000D0F8B802C4F8A45284F8A05250B142685A
:10B9A0003AB12046002190470546002818BF0325DC
:10B9B00000E0002520460021002240234027FFF719
:10B9C000C9FF2046802100224023A4F86461C4F806
:10B9D0006071FFF7BFFFA6842846276201B0F0BD63
:10B9E00090F89C12042904BF90F89D1280F89C12D4
:10B9F0000020704780B590F89C12032906D1D0F83A
:10BA0000B81219B1C969002918BF8847002080BD44
:10BA1000024600201174704780B5D0F8C802F9F7CB
:10BA20002BFAFFF745FE80BDB0B500F2AA2504460B
:10BA3000284600F04BF80120C4F8940294F8AA02BA
:10BA4000B4F8B02200F01F010229C4F8982207D0F0
:10BA500001290AD071B92046294600F011F9B0BD7C
:10BA60002046294600F048F9B0BD2046294600F09E
:10BA700003FAB0BD00F08001204600F001F8B0BD2F
:10BA800080B5D0F8C802F8F7D1FDFFF711FE80BDF0
:10BA900080B5D0F8C802F9F70DFAFFF709FE80BDAE
:10BAA000014690F89C02042204281CBF91F89C02D5
:10BAB00081F89D02002081F89C22704780B5D0F863
:10BAC000C802F8F7E9FDFFF7F3FD80BDB0B50C46FD
:10BAD00009780546017060786870A01CFEF77EF852
:10BAE0006880201DFEF77AF8A880A01DFEF776F882
:10BAF000E880B0BD10B582B004460020ADF8060065
:10BB0000B1B1D4F8D42204F52E70C4F8B81250F8AC
:10BB10002200C16A21B10DF106008847C4F8D002A5
:10BB2000D4F8D8020130C4F8D802002002B010BD09
:10BB3000032002B010BD0000B0B58A88044642B9A7
:10BB4000C88830B948887F2803D894F89C12032904
:10BB500003D12046FFF7ECFBB0BD00F07F05204687
:10BB6000294684F89E52FFF757FF2046FFF712FC44
:10BB7000002D14BF0220012084F89C02B0BD0000FB
:10BB800080B5D0F8B82212B11268904780BD00206D
:10BB900080BD0000B0B50446488841F29C35C2F231
:10BBA000000510F0FE0F287004D02046FFF7C0FB00
:10BBB0000320B0BD94F89C22C1B2032A0CD0022A03
:10BBC00022D189B320466160FFF7DAFF054680B3D2
:10BBD0002046FFF7ADFB15E0F9B16068884223D03D
:10BBE000C1B22046FFF772FB297820466160FFF75B
:10BBF000C7FF054628B32046FFF79AFB2179204668
:10BC0000FFF764FB022018E02046FFF791FB29783C
:10BC10002046FFF75BFB0320B0BD022084F89C02A6
:10BC200020466160FFF752FB2046FFF7B3FB002080
:10BC3000B0BD2046FFF7AEFB032084F89C022846E7
:10BC4000B0BD2046FFF7A6FB2846B0BD80B54A88A8
:10BC5000022A07D0012A0BD10121C0F8A412FFF754
:10BC600099FB80BD497980F8A012FFF793FB80BD56
:10BC7000FFF75EFB80BD000080B5FFF709FF80BDC8
:10BC800080B50A7812F060020CD0402A01D0202A38
:10BC900016D1D0F8D42200EB8202D2F8B8229268F2
:10BCA000904780BD4A78092A0AD8DFE802F0050DDE
:10BCB000091109152009191DFFF7BEFC002080BDE0
:10BCC000FFF736FB002080BDFFF70AFB002080BD98
:10BCD000FFF7BCFF002080BDFFF72EFF002080BDD6
:10BCE000FFF7D2FB002080BDFFF754FF80BDFFF7B8
:10BCF000E3FB002080BD000070B50E460978357961
:10BD000011F0600104460CD0402901D0202922D135
:10BD100020462946FFF7F8FA4FF00005F8B128460B
:10BD200070BD707830B3012842D0032872D194F8E6
:10BD30009C02032840D1708848B945F080008028D3
:10BD400005D0F08818B920462946FFF799FE20460D
:10BD5000FFF720FB61E02046FFF7EAFA5DE0D4F848
:10BD6000B802C4F8D4528268002AD8D0204631469E
:10BD7000904770BD94F89C0203282CD0022849D12A
:10BD800045F08000802845D105F07F0000EB800061
:10BD900004EB800000F114012A0658BF00F5AA71D7
:10BDA0000025204602220D60FFF7E6FA284670BD06
:10BDB00094F89C02032833D002282BD145F0800050
:10BDC000802827D020462946FFF75AFE20468021AA
:10BDD000FFF756FE21E005F00F0101EB810115F0A0
:10BDE000800004EB810114BF898CB1F8641189B122
:10BDF00005F07F0101EB810104EB810101F11406E3
:10BE0000002845F0800008BF01F5AA76802825D1DA
:10BE100000202AE02046FFF78BFA0025284670BD57
:10BE200070880028F9D1680603D020462946FFF71C
:10BE300065FC2046FFF7AEFA20462946FFF764FA74
:10BE400000284FF000057FF46AAFD4F8B802C4F8B8
:10BE5000D4528268002A7FF489AF60E720462946E1
:10BE6000FFF740FD0028D3D0012030602046314646
:10BE70000222FFF781FAD0E770B50D460978044633
:10BE800011F0600118BF40290ED194F89C020138CE
:10BE9000022803D8A88810F0FE0F0DD02046FFF727
:10BEA00047FA0026304670BD2029EED02046FFF725
:10BEB0003FFA0026304670BDC1B22046FFF726FA91
:10BEC00010B1032676B1F5E7D4F8B8028268002AEB
:10BED000F7D00020C4F8D4022046294690470646F1
:10BEE000002EE7D1E8880028E4D12046FFF752FA77
:10BEF000304670BD7047000041F2A050C2F2000011
:10BF00007047000080B54B780A78012B02F00F03D0
:10BF100024D14FF0010CD0F81CE80CFA03F343EAEB
:10BF20000E03C0F81C3800F5106C53015CF80300D8
:10BF3000000431D4886891F804E06FF3DF2053F8EF
:10BF40000C1040EA8250084340EA8E4040F0805096
:10BF500040F4004043F80C00002080BD4FF4803CCA
:10BF6000D0F81CE80CFA03F343EA0E03C0F81C38BF
:10BF700000F53060520183581B040DD48B6891F892
:10BF800004C011586FF3DF23194341EA8C4141F09B
:10BF9000805141F400411150002080BD0146D0F88D
:10BFA000000940F2FF729043C1F80009D1F804087B
:10BFB00040F480720020C1F80428704770B50D4627
:10BFC00002F47F41B1F5807F04461AD1A06B4FF691
:10BFD000BF7120F48030A063E068CFF6BD710840E7
:10BFE000E0600499E068C9B220F440100129E060E3
:10BFF00003D1E06840F48010E060204600F022F8B1
:10C0000010E0E0681E4640F04000E060204600F08E
:10C0100019F8A16B16F47F4F14BF21F4803141F45D
:10C020008031A16305F47F01B1F5803F18BF70BD79
:10C03000A16841F00601A160A16841F02001A16062
:10C0400070BD000081B00021009100BF0099013156
:10C0500000910099B1F1706F17D80169B1F1FF3FFC
:10C06000F4DC00210091016941F00101016100BF90
:10C070000099013100910099B1F1706F05D8016903
:10C08000C907F5D1002001B07047032001B0704707
:10C0900010B54B7891F800E047F6000C012BCEF676
:10C0A000334C00EB4E1108D1D1F80039B3F1FF3F0A
:10C0B00001F510630DDD01241FE0D1F8002B01F51F
:10C0C0003063B2F1FF3F0CF1707C0CDD4FF4803433
:10C0D00013E01968012441F000611960196841F00A
:10C0E0008041196009E019684FF4803441F0006123
:10C0F0001960196841F0804119600EF00F02D0F804
:10C100003C1804FA02F29143C0F83C18D0F81C180D
:10C110009143C0F81C18186800EA0C01002019604F
:10C1200010BD00000146D0F8000E20F00300C1F859
:10C13000000ED1F8040820F002020020C1F8042803
:10C14000704700000146D0F8000E20F00300C1F84F
:10C15000000ED1F8040840F002020020C1F80428C3
:10C16000704700002DE9F04F81B091468B460446A0
:10C17000180C4121002200BF44F821200131502930
:10C18000FAD15FFA80FABAF1000F07D0A06B20F461
:10C190000010A063A06B40F4002010E0D4F8040865
:10C1A00040F00200C4F80408A06B40F40010A06343
:10C1B000A06B20F40020A063A06B20F480204FF03F
:10C1C0000008A06309F47F404FEA1B61B8EB1B6FC6
:10C1D000C4F8008E18BF0121B0F5807F204618BF3B
:10C1E000032100F029FB2046102100F04FFA0090B7
:10C1F000204600F027FA5FFA8BF1C4F81088C4F8E3
:10C200001488C4F81C8889B304F5106249014FF6FC
:10C210007F3C0027D5594FF09043002F08BF4FF0C7
:10C22000006303EAE573D619D3512037B942C6F843
:10C230001080C6F808C0EDD104F530624FF0000C54
:10C240004FF67F3E002600BF93594FF09047002ED7
:10C2500008BF4FF0006707EAE37395199351203642
:10C26000B142C5F810C0C5F808E0EDD1D4F81018F7
:10C270001BF47F0F21F48071C4F810186FF0804117
:10C28000C4F81880616103D1A16941F01001A16176
:10C29000A16943F60002C8F23C02114319F47F0F72
:10C2A000A16103D0A16941F00801A161BAF1010FB8
:10C2B00005D1A16941F0804141F00401A1610099DB
:10C2C000084318BF012001B0BDE8F08F0146806827
:10C2D00020F0010200208A6070470000D0F840C0C2
:10C2E00043F20B03C4F654739C4503D3D0F8003BD0
:10C2F000002B1ED40023C0F8103BD0F8103B0129BE
:10C3000043F40023C0F8103BD0F8103B43F018036F
:10C31000C0F8103BD0F8103B43F0C043C0F8103BCE
:10C3200007D1C0F8142BD0F8001B41F08021C0F8D1
:10C33000001B0020704700004B780A78012B11D1B8
:10C3400000F510605201835823F4001383500979DB
:10C3500001F0FE01022915D1115841F08051115010
:10C360000020704700F530605201835823F4001319
:10C370008350097901F0FE01022903D1115841F0DF
:10C3800080511150002070474A780978012A0ED157
:10C3900000EB4112D2F80009002902F5106114D017
:10C3A000002812D4086820F0804008600DE000EBFF
:10C3B0004112D2F8000B002902F5306105D00028A7
:10C3C00003D4086820F080400860086840F4001238
:10C3D00000200A607047000070B582B04B78944628
:10C3E0000A78012B2AD10C6900EB421EDEF81059A5
:10C3F000002C0EF5106348D06FF312051D611D6906
:10C40000002A6FF3DC451D618D6874D02C44013C1B
:10C41000B4FBF5F40025C1F6F8751E6905EAC445BC
:10C4200035431D610D79012D6DD11D6925F0C04584
:10C430001D614FF0C04505EA447461E000EB421312
:10C44000D3F8106B002A6FF31206C3F8106BD3F801
:10C45000106B03F530626FF3DC46C3F8106B0D69A7
:10C460001ED08B6815B3EE18013EB6FBF3F6B5B2DD
:10C470006B430B620025C1F6F875146905EAC646E0
:10C4800026436FF3DF43166117E06FF3DC451D6150
:10C490001C6944F400241C611C696FF3120437E02A
:10C4A000002D1CBF8B680B618B680B6216696FF3E4
:10C4B000DF43334313614FF400231669BCF1010FCE
:10C4C00043EA0603136103D1CB68002B18BF536105
:10C4D000097901290AD1D0F808081168C0054FF080
:10C4E000805058BF4FF0005008431060106840F073
:10C4F0000440106056E0AC4288BF0D614FF4002448
:10C500001D692C431C610C691D696FF3DF442C43CA
:10C51000BCF1010F1C611BD1CA69002A18BFCEF8FB
:10C520001429097901290CD1D0F80808DEF800197E
:10C53000C0054FF0805058BF4FF000500843CEF870
:10C540000009DEF8000940F00440CEF8000929E0B7
:10C5500000F5106354011E5946F004461E510E7931
:10C56000012E13D1D0F80868E558F6054FF0805633
:10C5700058BF4FF000562E43E650D1F80CE00B8A1E
:10C580007146CDF800C000F0FFF90BE0096949B130
:10C5900002F00F010122D0F8343802FA01F11943F8
:10C5A000C0F83418002002B070BD000081B0002235
:10C5B00000924A78012A1BD1097800F510604901E0
:10C5C0004258B2F1FF3F2EDC0A5842F000620A5096
:10C5D0000A5842F080420A5042F21072009B013326
:10C5E0000093009B934221D80B58002BF6D41AE0FD
:10C5F000097800F5306049014258B2F1FF3F12DC82
:10C600000A5842F000620A500A5842F080420A502A
:10C6100042F21072009B01330093009B934205D8B5
:10C620000B58002BF6D4002001B07047012001B058
:10C63000704700000146806840F0010200208A60D7
:10C640007047000081B00021009100BF00990131C6
:10C6500000910099B1F1706F15D80169B1F1FF3FF8
:10C66000F4DC002100911021016100BF009901312B
:10C6700000910099B1F1706F05D80169C906F5D430
:10C68000002001B07047032001B0704781B0002244
:10C69000009200BF009A01320092009AB2F1706FCE
:10C6A00015D80269B2F1FF3FF4DC89010022203184
:10C6B000009201610099013100910099B1F1706F10
:10C6C00005D801698906F5D4002001B07047032020
:10C6D00001B07047D0F8080810F0060F04BF002022
:10C6E000704780074FF0020058BF0F2070470000CE
:10C6F000406900F001007047D0F81818D0F81C0805
:10C70000084080B270470000D0F81818D0F81C0814
:10C710000840000C70470000D0F810C8D0F834383A
:10C7200001F00F0223FA02F2D20100EB4110D2B263
:10C73000D0F8080942EA0C010840704700EB4111AB
:10C74000D1F8081BD0F81408084070474169806987
:10C750000840704780B50023B3EB920F02F003034B
:10C760000BD0920804394FF4805C00BF50F80CE005
:10C77000013A41F804EFF9D1043173B14FF480521A
:10C7800050F802C0002200BF2CFA02F0013B01F871
:10C79000010B180402F10802F6D1084680BD000022
:10C7A00080B5F4F77BFF002080BD000070B5044623
:10C7B000C06820F0C040E06099B1012928D1E0684C
:10C7C000002540F00050E0600A202E46F7F75AFCA2
:10C7D00020460A35FFF78CFFBD2E13D80128F3D170
:10C7E00010E0E068002540F08040E0600A202E461E
:10C7F000F7F748FC20460A35FFF77AFFBD2E01D82F
:10C800000028F3D1A5F1C800B0FA80F0400970BD4E
:10C81000012070BD0246D0F8000801F07F0120F42D
:10C82000FE60C2F80008D2F8000840EA01110020BA
:10C83000C2F80018704700000246D0F80008014313
:10C840000020C2F800187047022A02460DD145F2B6
:10C850004030CFF6277043F200530844C0F20C0377
:10C8600098420DD24FF4705001E04FF41050D1684F
:10C8700021F47051D160D16801430020D16070472C
:10C8800041F64060CFF61B7044F240230844C0F2EA
:10C890000F03984202D24FF46050E8E7A1F574000C
:10C8A00044F68073A0F51050C0F21203984202D2F1
:10C8B0004FF45050DBE7A1F183704DF22063A0F5F7
:10C8C000E740C0F21303984202D24FF44050CEE743
:10C8D0004BF26060CFF6E5604EF260330844C0F280
:10C8E0001603984202D24FF43050C0E74DF20030A8
:10C8F000CFF6CE6047F240730844C0F21B03984263
:10C9000002D24FF42050B2E745F6C030CFF6B36004
:10C9100049F2C0130844C0F22103984202D24FF4F6
:10C920001050A4E7A1F1B77047F22053A0F558507A
:10C93000C0F23803984202D24FF4005097E745F214
:10C94000E040CFF6596049F6E0430144C0F24103AC
:10C950004FF4C050994238BF4FF4E05087E70000D1
:10C96000F0B581B00C460546002641F6FE7700BFC3
:10C9700028462146F4F7A2FEBE4203D8002806F15D
:10C980000106F5D101B0F0BDDDF800C0BCF1000F2B
:10C9900012D103F1030C0023B3EB9C0F0CD04FEA30
:10C9A0009C0300F5805C1203043900BF51F8040FAA
:10C9B000013B42F80C00F9D100207047FEE700006F
:10C9C00040F29840C2F20000002180F82310C0F825
:10C9D0001F10C0F81B10C0F81710C0F81310C0F8D3
:10C9E0000F10C0F80B10C0F8071040F2BD40C2F2A3
:10C9F0000000A0F80710417240F23010C2F20000AF
:10CA0000C0F80310C0F80710C0F80B10C0F80F10E2
:10CA1000C0F81310C0F81710C0F81B10C17770478A
:10CA2000F0B58BB041F2C0740020C2F200040A904D
:10CA30000AA92046FFF7B4FE40F23010C2F200000F
:10CA400090E80E5000F11407019190F82010E0CF0B
:10CA50000292039308978DF8241094E88E00CDF885
:10CA600010C080E88E0094F82010CDF814E0CDE9D5
:10CA70000656D4E90465D4E906CE80F8201001A951
:10CA80002122C0E90465C0F818C0C0F81CE0F4F722
:10CA900040F928B140F6E070C2F20000F6F712F853
:10CAA0000BB0F0BD80B5F7F7E5FB40F6D452C2F20B
:10CAB000000292ED044A9FED276A92ED055A9FED20
:10CAC000267A92ED033A24EE064A92ED011A84EE9C
:10CAD000074A25EE065A92ED022A85EE075A23EE02
:10CAE000063A92ED000A83EE073A21EE061A81EE2D
:10CAF000071A22EE062A82EE072A20EE060A80EEA8
:10CB0000070A014640F29840C2F2000040F2D87293
:10CB1000C2F20002C0F8031014EE101A526801614C
:10CB200015EE101AC16013EE101A8260416111EE09
:10CB3000101A41F20022C16112EE101AC2F2000274
:10CB4000816110EE101A527801622521C271FFF73F
:10CB500007FF80BDDB0F49400000344380B5F7F785
:10CB600089FB40F2BD41C2F20001C1F8030040F26E
:10CB70000110A1F807000020487208460B21FFF7BA
:10CB8000EFFE80BD42F60002C2F20002C2F884004D
:10CB900082F888107047000010B542F60004C2F217
:10CBA000000494F88810D4F8840069B104F18A0173
:10CBB000FF22F9F7BDFAD4F88400C06B0068016861
:10CBC00021F00801016010BD04F18A01FF22F9F78C
:10CBD000DDFA10BD43F22C60C2F200000121FFF724
:10CBE000D1FFFFF7D9FF00BF012000F0D5FEFBE722
:10CBF000B0B50446D0F802009FED781A6FF3DF203D
:10CC0000A0F5806000EE100AB8EEC00A80EE010ABE
:10CC100042F60005C2F2000585ED010AD4F80200D3
:10CC2000C0F3CA20A0F5806000EE100AB8EEC00A7A
:10CC300080EE010A85ED020AD4F80200D4F806104D
:10CC4000800D40EA81206FF3DF20A0F5806000EEC8
:10CC5000100AB8EEC00A80EE010A002185ED040A30
:10CC6000D4F80600C0F34A00A0F5806000EE100A78
:10CC7000B8EEC00A80EE010A85ED030AD4F806007A
:10CC8000C0F34A40A0F5806000EE100AB8EEC00A7A
:10CC900080EE010A85ED050AD4F80600C0F3C03025
:10CCA000F4F7DCF9A861D4F806000021C0F30040D5
:10CCB000F4F7D4F9E861D4F806000021C0F380301D
:10CCC000F4F7CCF92862D4F806000021C0F3007014
:10CCD000F4F7C4F9B4F90A109FED411A00EE101AE6
:10CCE000B4F90C10B8EEC00A02EE101AB4F90E1026
:10CCF000B8EEC22A03EE101AB8EEC33A80EE010A6B
:10CD000082EE012A83EE011A686285ED190A85ED2B
:10CD10001A2A85ED1B1A207C10F0030018BF012091
:10CD200085F87000207C10F0300018BF012085F8D5
:10CD30007100207C10F00C0118BF0121B4F8110023
:10CD400085F87210C1B200F0010285F87420C1F3B9
:10CD5000400285F87520C1F3800285F87620C1F382
:10CD6000C00285F87720C1F3001285F87820C1F35E
:10CD7000401285F87920C1F38012C90985F87B102B
:10CD8000C0F3002185F87C10C0F3402185F87D10A8
:10CD9000C0F3802185F87E10C0F3C02185F87F1094
:10CDA000C0F3003185F88010C0F3403185F8811060
:10CDB000C0F38031C00B85F87A2085F8821085F8A1
:10CDC0008300D4F80600C0F301300146012818BFE3
:10CDD0000221002808BF01462970B0BD000025448B
:10CDE0000000484370B5044642F60000C2F200005D
:10CDF000012280F8892020780D46A92814D1617875
:10CE0000532911D1152D32D32046152102F02EF8C9
:10CE100068B32046FFF7ECFEA5F1150104F11500FB
:10CE200089B2FFF7DFFF70BD40F25816C2F200066C
:10CE30007168A9421BD83278904218D1204602F07E
:10CE400039F8A0B1331D0ECBB4F8010011440844E9
:10CE5000C618AE420BD82046314602F007F800282B
:10CE600008BF70BDA91BA01989B2FFF7BBFF70BD39
:10CE700070B5044641F20C20C2F20000844205D194
:10CE800040F2ED70C2F200000021017040F608602F
:10CE9000C2F20000844205D140F2ED70C2F20000FF
:10CEA0000021417040F65005C2F20005AC4211D19C
:10CEB00042F6C040C2F200000121002203230026F6
:10CEC000F5F7E2FB0A2000F067FD40F2ED70C2F2D8
:10CED0000000867005F10C00844211D142F6C0407A
:10CEE000C2F200000221002203230025F5F7CCFB4B
:10CEF0000A2000F051FD40F2ED70C2F20000C57052
:10CF000041F26420C2F2000000F10C018C423FD0DB
:10CF1000844245D040F6F070C2F20000844205D150
:10CF200040F2ED70C2F200000021817140F2F87011
:10CF3000C2F20000844205D140F2ED70C2F200005E
:10CF40000021C17140F6E070C2F20000844205D1B8
:10CF500040F2ED70C2F200000021017241F2F410C3
:10CF6000C2F20000844205D140F2ED70C2F200002E
:10CF70000021417242F68C10C2F20000844218BFB8
:10CF800070BD40F2ED70C2F200000021817270BDF0
:10CF900040F2ED71C2F2000100224A718442B9D11F
:10CFA00040F2ED70C2F2000000210171B2E7000012
:10CFB00040F60A73C2F200031A880A2A88BF704733
:10CFC0004160511C0172198040F60C71C2F20001DF
:10CFD00041F822007047000070B540F60A74C2F2B2
:10CFE00000042088002808BF70BD40F60C7600259C
:10CFF000C2F20006E8B256F82000D0E90012013172
:10D000009142016088BFFFF733FF01352088E9B204
:10D010008842EFD870BD000080B540F2FC5CC2F2DF
:10D02000000CDCF8002040F6687E02EB4203C2F2FE
:10D03000000E0EEB830111ED011A4EF82300B8EE3D
:10D04000411A31EE001ABCEEC11A501C81ED010AE2
:10D0500081ED021ACCF8000080BD000080B500F020
:10D060007BF880BD80B51021017210EE101A0246C7
:10D0700042F8091F10EE901A516011EE101A9160DB
:10D0800011EE901AD16000F001F880BD10B5044691
:10D090000279237A0068A11D002A03F1030203D05C
:10D0A000F9F7CAFB607110BDFF23F9F76BFB6071E4
:10D0B00010BD000010B504460160027100206071CF
:10D0C000A01D00F003F8204610BD00004BF6AA3169
:10D0D00001807047002848BF704700F01F010122FF
:10D0E00002FA01F14EF200124009CEF2000242F8BB
:10D0F000201070474EF60C50CEF200000068C0F3CE
:10D10000022070474EF6145300F00F02CEF20003D7
:10D1100009011A4400F16043B0F1FF3FC8BF03F5B5
:10D1200064421170704700004EF61F50CEF20000AE
:10D1300000210170704700004EF60C51CEF2000144
:10D140000A684FF6FF031A4060F30A2242F080603B
:10D1500040F0FD700860704780B543F2786043F29C
:10D160009C51C2F20000C2F200010122FFF7A2FFAF
:10D1700080BD0000F0B581B02DED028BF4F72CF9E5
:10D180008020F4F72BFA5520F4F728FA5520F4F70D
:10D1900025FA43F62044C2F200042070F4F712F995
:10D1A0009FED4D8AB0EE480AF5F7A4FAF4F714F9AA
:10D1B0008020F4F713FA5520F4F710FA5520F4F70D
:10D1C0000DFA2070F4F7FEF8B0EE480AF5F792FA7F
:10D1D000F4F702F97E20B621F4F71AFAF4F7F2F820
:10D1E0009FED3E0AF5F786FAF4F7F6F88020F4F79B
:10D1F000F5F95520F4F7F2F95520F4F7EFF920701E
:10D20000F4F7E0F8B0EE480AF5F774FAF4F7E4F84A
:10D210008020F4F7E3F95520F4F7E0F95520F4F70E
:10D22000DDF92070F4F7CEF8B0EE480AF5F762FAAF
:10D2300020781E2849D14AF2643540F6C8169FED81
:10D24000268A42F6A817C2F200050020C0F60106A1
:10D25000C2F20007287004E00130C1B2062928702C
:10D2600035D2F4F7B9F8287800EB40003118305C7B
:10D270004978F4F7CDF9F4F7A5F8B0EE480AF5F7D8
:10D2800039FAF4F7A9F8287800EB4000305C40F058
:10D290008000F4F7A3F95520F4F7A0F95520F4F72E
:10D2A0009DF92070F4F78EF8B0EE480AF5F722FAEF
:10D2B0002878227800EB400131444B789A42CBD059
:10D2C00089783A7811433970C6E7FF2000E00020E2
:10D2D000BDEC028B01B0F0BD6F12833A0AD7A33DBB
:10D2E0002DE9F0412DED028BF4F78AF8002000249F
:10D2F000F4F766F9F4F77AF89FED488AB0EE480A39
:10D30000F5F7F8F9F4F77CF80020F4F759F9F4F799
:10D310006DF8B0EE480AF5F7EDF9F4F771F814205E
:10D32000B621F4F775F9F4F761F89FED3D0AF5F7CA
:10D33000E1F9F4F765F80020F4F742F9F4F756F84C
:10D34000B0EE480AF5F7D6F9F4F75AF80020F4F7EA
:10D3500037F9F4F74BF8B0EE480AF5F7CBF943F696
:10D360002045C2F2000528780F284CD14AF26436D5
:10D37000C2F20006347040F6DA149FED288A40F6B7
:10D38000C81842F6A817C0F60104C0F60108C2F298
:10D39000000705E030780130C1B20629307037D27D
:10D3A000F4F72EF8307800EB40002118205C497823
:10D3B000F4F72EF9F4F71AF8B0EE480AF5F79AF9EF
:10D3C000F4F71EF8307800EB4000205CF4F7F8F832
:10D3D000F4F70CF8B0EE480AF5F78CF930782978B4
:10D3E00000EB4002224452789142D3D00138C1B2BE
:10D3F000490051FA80F1414489783A78307042EA24
:10D4000001003870C6E7FF20BDEC028BBDE8F0815B
:10D410000020BDEC028BBDE8F08100BF6F12833AA3
:10D420000AD7A33D80B5B7EE001AB4EE410AF1EE7B
:10D4300010FA08DCB5EE400AB0EE401AF1EE10FA30
:10D44000B8BF9FED1E1A43F25451C2F200010968A1
:10D4500041F211130A6A1A4208D10A6A40F244439F
:10D460001A4203D10A6822F001020A6000224A62CD
:10D4700049F2400244F62003C0F20202C0F2010366
:10D48000B2FBF0F2B3FBF0F0013A013800EE100A03
:10D49000B8EEC00A21EE000ABCEEC00ACA6281EDF5
:10D4A0000F0A086840F00100086043F25450C2F2CD
:10D4B00000000821F8F77CFD80BD00BF00000000DF
:10D4C00043F25450C2F2000000680021C16370476B
:10D4D0008169826A00EE101A01EE102A20EE011A0C
:10D4E000B5EE401AF1EE10FA16DD416DB0EEC01A3D
:10D4F00000EE101AB4EE401AF1EE10FAD8BF7047E1
:10D50000016D02EE101A30EE023AB4EE431AF1EE5B
:10D5100010FA02DD00210163704732EE411A30EE4D
:10D52000010A80EE020A016B01EE101A20EE010AD8
:10D5300010EE101A01637047C16AD0F83CC0C36D89
:10D54000D0F8902000EE101A01EE102A02EE103AE8
:10D5500003EE10CA20EE010A31EE021A22EE032A6F
:10D5600080EE010A82EE011A30EE010A10EE101A66
:10D57000C162704710B52DED028BC268D0F89410CF
:10D580000446B0F8600008EE102AB1B1896803289B
:10D5900000EE101A38EE008A21D3D4F890102269D8
:10D5A00000EE101A82F0004104F1620000EE901AC1
:10D5B000FBF70CFC28EE000A32E0032820D3D4F855
:10D5C0009010226900EE101A82F0004104F162000E
:10D5D00000EE901AFBF7FAFB28EE000A20E0206923
:10D5E0006169D4F8902000EE101A01EE100A30EEB6
:10D5F000410A28EE000A01EE102A80EE010A0FE02F
:10D6000020696169D4F8902000EE101A01EE100A2A
:10D6100030EE410A28EE000A01EE102A80EE010ADF
:10D6200010EE100AE062BDEC028B10BDD0F824C0F1
:10D63000826AC36A016B01EE102A02EE10CA00EE84
:10D64000101A31EE022A03EE103A016C32EE032A70
:10D65000B0EEC22A03EE101AB4EE432AF1EE10FA2D
:10D6600031EE000A0BDD816902EE101A21EE021A7A
:10D67000B5EE401AF1EE10FAC4BF00210163416C0F
:10D6800001EE101AB4EE410AB1EE411AF1EE10FAB1
:10D69000B4EE410AC2BF002202638162F1EE10FAC9
:10D6A000A8BF70470021016311EE101A8162704714
:10D6B000416BD0F838C0836DD0F8902000EE101A7E
:10D6C00001EE102A02EE103A03EE10CA20EE010A13
:10D6D00031EE021A22EE032A80EE010A82EE011ACE
:10D6E00030EE010A10EE101A4163704790ED111AE6
:10D6F00090ED140AB4EE401AF1EE10FAC8BF80EDB6
:10D70000110A90ED111AB1EE400AB4EE401AF1EE92
:10D7100010FAB8BF80ED110A70470000426B016C2F
:10D7200001EE102A00EE101AB4EE401AF1EE10FAD3
:10D73000C8BF4163416BB1EE400A01EE101AB4EE6E
:10D74000401AF1EE10FABCBF10EE101A4163704798
:10D75000026C416B9FED211A02EE102A00EE101AA6
:10D7600022EE011AB4EE410AF1EE10FA35DB01683F
:10D770009FED1B1A00EE101AB0EEC02AB4EE412A3B
:10D78000F1EE10FAB8BF7047016901EE101A30EEE1
:10D79000411A81EE000A9FED131A00F19901B0EED3
:10D7A000C00AB4EE410AF1EE10FA06DD0A684B68D1
:10D7B00012F1010C43F1000302E04FF0000C0023D2
:10D7C00040F2F512BCEB0202C1F800C073F1000296
:10D7D0004B6024BF012180F8A11070476F12833A7B
:10D7E00017B7D1383333733F426A016C01EE102A08
:10D7F00000EE101AB4EE401AF1EE10FAC8BF416202
:10D80000416AB1EE400A01EE101AB4EE401AF1EE90
:10D8100010FABCBF10EE101A41627047D0F8941095
:10D82000826800EE102A21B1496801EE101A30EE2C
:10D83000010A8169C26901EE101A02EE102AD0F8BD
:10D84000903031EE021AB6EE002A21EE021A20EED6
:10D85000010A01EE103A21EE000A10EE101A0163DF
:10D8600070470000B4EE600AF1EE10FA08DBB4EE87
:10D87000410AF0EE410AF1EE10FAD8BFF0EE400A8C
:10D88000B0EE600A70470000BDEEC01AB8EEC12AC3
:10D8900011EE100A30EE420AB6EE001AB4EE410A5A
:10D8A000F1EE10FAC8BF01307047000080B598B1A2
:10D8B00081B140F6E63C0138C0F6010C10F801EFEA
:10D8C000D3B283EA0E033CF8133092B2013983EAF3
:10D8D0001222F3D190B280BD4FF6FF7290B280BD9C
:10D8E00061B140F6EC1C0138C0F6010C10F8013FA4
:10D8F000D2B25A401CF802200139F7D110467047C5
:10D9000045F6862110EE100AC5F63771BEEE001AF4
:10D91000A1EB600020EE011A00EE100A21EE001AC1
:10D9200021EE001AB7EE082A31EE021A21EE000AA3
:10D9300070470000F6F7B2FCFCF714FDFAF78CFC18
:10D94000FAF71AFCFAF79AFDFAF7C0FDFAF7D6FBD8
:10D95000FAF7F2FBFAF700FEFAF7A2FEFAF784FEF6
:10D96000FAF738FEFAF778FDFAF7BCFEA820F4F7CC
:10D9700029FF43F22444C2F2000400BF20460121E3
:10D98000F3F7D8FC0028F9D100F016F8FAF742FCBA
:10D9900000F026F8FEE70000EFF3058100291CBF28
:10D9A0006FF005007047002804BF0020704780B565
:10D9B00000F0D8FF002080BDEFF3058000281CBFD9
:10D9C0006FF00500704740F6F060C2F20000016899
:10D9D000002911BF4FF0FF30012101600020704786
:10D9E00010B5EFF3058000281CBF6FF0050010BDD7
:10D9F00040F6F064C2F20004206801281CBF4FF01A
:10DA0000FF3010BDFCF7E6F80220206001F020F99D
:10DA1000002010BD70B584B08E460021002803910F
:10DA2000EFF3058146D0002944D1FAB19369002B68
:10DA300008BF1823382B16D81179C90713D1556997
:10DA4000946811684FEA950C002D08BF4FF0800CC8
:10DA5000FCB1D6685C2E1BD3D5B11569C5B10024C5
:10DA6000012555B91BE0002004B070BD0124002140
:10DA700018234FF0800C00258DB194681269029430
:10DA8000CDE900326246734601F0DAFD039011E001
:10DA90000CB9D4689CB100250024002DEDD14CB107
:10DAA00003AC00931FFA8CF27346019401F094FDCD
:10DAB000012802D1039804B070BD0020E6E7146984
:10DAC000B4FA84F46409D6E7EFF3058100291CBF9A
:10DAD0006FF005007047002804BF6FF00300704727
:10DAE00080B501F06FF8002080BD0000EFF30581E4
:10DAF00000291CBF6FF005007047002804BF6FF0BD
:10DB00000300704780B501F0F5F8002080BD0000EB
:10DB1000F0B581B00C464AF2644143F2A876C2F2F5
:10DB20000001C2F200060F683168002281F85A2015
:10DB300031680546081D00F09DFD681C0AD14CB1F6
:10DB40003068011D4AF23C40C2F2000000F0EEFDD8
:10DB500001B0F0BD30687C1944600AD343F2B8705C
:10DB6000C2F2000000683168043100F0C1FD01B06C
:10DB7000F0BD43F2B070C2F20000006831680431B9
:10DB800000F0B6FD4AF2C830C2F2000001688C42D3
:10DB900038BF046001B0F0BD70B5044600F0DEFD92
:10DBA00049F69840C2F20000016843F2A8750131BD
:10DBB0000160C2F2000529684AF23046C2F200064E
:10DBC00041B1306860B92868E16AC06A884298BF8C
:10DBD0002C6005E02C600068012801D100F0C6F936
:10DBE00049F6A440C2F2000001680131016061649D
:10DBF00049F6A841C2F20001E06A0A68904288BF73
:10DC0000086043F2C07100EB8000C2F2000101EB3A
:10DC10008000211D00F08AFD00F0C4FD306880B155
:10DC20002868E16AC06A884228BF70BD4EF6045079
:10DC3000CEF200004FF080510160BFF34F8FBFF371
:10DC40006F8F70BD70B582B000F088FD4AF26846F3
:10DC5000C2F20006306850BB4AF26834C2F20004D7
:10DC6000204600F035FD4AF27C35C2F20005284618
:10DC700000F02EFD43F2AC70C2F20000046043F2EB
:10DC8000BC70C2F2000043F2B46243F25473056008
:10DC90000025C2F20002C2F200030A201021009502
:10DCA00001F0C0F9306010B103A100F025FE00F0D2
:10DCB00079FD02B070BD00BF546D725100000000CC
:10DCC000F0B581B049F69C45C2F200052868E0B184
:10DCD0004AF2504649F69847C2F20006C2F20007DF
:10DCE00000F03CFDF068C468201D00F0C3FC3868FB
:10DCF0000138386028680138286000F053FD20465C
:10DD000000F058F828680028EAD101B0F0BD000002
:10DD100080B5026C002A08BF80BDD0E902C313445D
:10DD2000C360634524BF0368C360C36808461946DF
:10DD3000F2F7CBFF80BD000070B5866B036C044624
:10DD4000E3B115461AB3E0681A46F2F7BEFFE16880
:10DD5000206C2268091A9142E16003D2A168404216
:10DD60000844E060A81EB0FA80F040093146002E59
:10DD700018BF01210840361A002516E0206800254A
:10DD800098B9A06801F05CFDA56005460DE06068EB
:10DD90001A46F2F79AFF216CD4E9010200250844E3
:10DDA0006060904224BF20686060711C2846A163B7
:10DDB00070BD000010B5044690F85900022808BF55
:10DDC00010BD012803D030B9206B00F003FD2046C0
:10DDD00000F000FD10BD4FF0500080F31188BFF33C
:10DDE0006F8FBFF34F8F00BFFEE7000043F2AC71AF
:10DDF000C2F2000109680A68B2FA82F35B090360A3
:10DE0000002A0EBF0020C8680068704743F68840AB
:10DE1000C2F20000C21D22F0070210F0070CA0EBB6
:10DE2000020318BF10464AF23442C2F20002002137
:10DE3000C2E900014FF4C042BCF1000F18BF03F566
:10DE4000C0420244083A43F2B47322F00702C2F21D
:10DE500000031A60C2E90011111A1A68C0E9002112
:10DE60004AF2C430C2F2000001604AF2BC30C2F291
:10DE7000000001604AF29030C2F2000001210170FE
:10DE80007047000043F2C0744EF60455C2F200041D
:10DE9000CEF200054FF08056FFF712FF20680228EF
:10DEA000FAD32E60BFF34F8FBFF36F8FF4E70000FC
:10DEB000B0B5049D002914BF2A602D60C5E90F018B
:10DEC000284601211C4601F0F9F885F84C40B0BD08
:10DED0002DE9F0470A9C8246206B16460F46DDE985
:10DEE00008599100A5229846F2F701FF206B00EB3C
:10DEF0008600A0F1040020F007067FB104F1340091
:10DF0000002100BF7A5C42547A5C1AB10F2901F1FA
:10DF10000101F7D3002084F8430002E0002084F8D8
:10DF200034000027201D372D28BF3725E562C4E9BE
:10DF3000135700F0D9FB04F1180000F0D5FBC5F130
:10DF40003800A061304651464246246164626765EC
:10DF500084F8587084F85A7000F058FBB9F1000F3B
:10DF6000206018BFC9F80040BDE8F087B0B543F2A3
:10DF7000C0750024C2F20005281900F0A9FB143472
:10DF8000B4F58C6FF8D14AF29434C2F20004204602
:10DF900000F09EFB4AF2A835C2F20005284600F0C8
:10DFA00097FB4AF2DC30C2F2000000F091FB4AF22B
:10DFB0005040C2F2000000F08BFB4AF23C40C2F23B
:10DFC000000000F085FB43F2B070C2F20000046074
:10DFD00043F2B870C2F200000560B0BD80B54AF2ED
:10DFE0003442C2F2000200BF114612688242FBD3E3
:10DFF000D1F804C001EB0C03834203D140686044B4
:10E0000048600846D0F804C000EB0C03934201D0EE
:10E0100013460BE043F2B473C2F200031B689A424A
:10E0200004D0D2E9003E0EEB0C0242608142036054
:10E0300018BF086080BD000080B58C46014641F8DD
:10E0400004CF9445006108D99A4201D29C4511D26F
:10E0500043F2AC70C2F2000007E08069D21A82423B
:10E0600008D243F2BC70C2F20000006800F040FB2E
:10E07000002080BD012080BD10B5044600F06EFB7D
:10E08000A06BB0FA80F0440900F08CFB204610BD74
:10E0900010B5044600F062FBA06BE16B401AB0FAC9
:10E0A00080F0440900F07EFB204610BD084800685F
:10E0B000006880F308884FF0000080F3148862B68F
:10E0C00061B6BFF34F8FBFF36F8F00DF00BF00BF9C
:10E0D00008ED00E070B582B043F2AC72C2F200020B
:10E0E00012680546D2680E46D468201D00F0C2FAB8
:10E0F00094F82800410704D400F0FE0084F82800BA
:10E1000010E0A0693246411920462B46FFF794FFE4
:10E1100040B10026204600212A460023009601F047
:10E12000E5FC20B1216A2046884702B070BD4FF05F
:10E13000500080F31188BFF36F8FBFF34F8F00BF84
:10E14000FEE700002DE9F04186B04AF26847C2F2CE
:10E150000007386802A900224FF0000801F028F9F2
:10E1600000286AD001AC02AD0BE000F0FE0086F89A
:10E17000280000BF38682946002201F019F900285C
:10E180005BD00298B0F1FF3F03DCDDE90320059985
:10E19000904702980028EDD4049E706910B1301D9C
:10E1A00000F068FA204600F0B3F802990929E1D896
:10E1B0000246DFE801F0080808052A390808052AA0
:10E1C00096F82800D1E796F82800039BB16940F043
:10E1D000010086F8280019443046FFF72DFF00287B
:10E1E000C8D0316A3046884796F828004007C1D524
:10E1F0000398B16900230A1830460021CDF8008049
:10E2000001F074FC0028B5D123E096F8280040F016
:10E210000101039886F82810B06188B18118304652
:10E220001346FFF709FFA5E796F8280081073FF599
:10E230009CAF304600F0CEFA9CE706B0BDE8F08116
:10E240004FF0500080F31188BFF36F8FBFF34F8FF3
:10E25000FEE74FF0500080F31188BFF36F8FBFF3DC
:10E260004F8F00BFFEE7000070B582B00E46044637
:10E2700000F0A6FD01A800F04BF8019919B101F0DA
:10E2800071FB02B070BD05464EB9A54207D301F03F
:10E2900069FB20462946FFF71DFF02B070BD4EB155
:10E2A00043F2BC70C2F2000000680068B0FA80F06F
:10E2B000420900E000224AF26840C2F20000006811
:10E2C000611B00F02DFB01F04DFB0028D9D14EF66B
:10E2D0000450CEF200004FF080510160BFF34F8F29
:10E2E000BFF36F8F02B070BD43F2B070C2F2000096
:10E2F0000168096821B10068C068C068406801E031
:10E300004FF0FF304AF2C831C2F200010860704796
:10E3100070B5044601F0E4F943F2A476C2F20006B7
:10E3200031680546884203D200F008F8012000E079
:10E33000002020602846356070BD00002DE9F041C6
:10E3400082B043F2AC77C2F200073868016891B33B
:10E350004FF0000809E000BF60603868294624617A
:10E3600000F0C6F93868016829B3C068C468066857
:10E37000251D284600F07EF9216A2046884794F83A
:10E3800028004007EED5A0693044B042E4D82046CA
:10E39000002132460023CDF8008001F0A7FB0028C1
:10E3A000E0D14FF0500080F31188BFF36F8FBFF3BF
:10E3B0004F8F00BFFEE743F2BC71C2F200010A6852
:10E3C00008603A6002B0BDE8F081000081B0002032
:10E3D000009040F2F850C2F2000000684FF0500187
:10E3E00081F31188BFF36F8FBFF34F8F013001D0DE
:10E3F000FEE700BF00980028FCD001B07047000085
:10E4000068B141694AF23C42C2F2000291421CBF2B
:10E4100000207047806AB0FA80F0400970474FF0E2
:10E42000500080F31188BFF36F8FBFF34F8F00BF91
:10E43000FEE7000082B001AC2046FFF7D7FC01994F
:10E44000FFF712FFFFF77EFEF6E70000F0B581B0A0
:10E45000044600F083F994F94560012E0FDB04F1C6
:10E46000240500BF286850B1284601F033FA00287F
:10E4700018BF00F065FB70B2013E0128F2DCFF26F8
:10E4800084F8456000F08EF900F068F994F9447062
:10E49000012F0EDB04F11005286850B1284601F069
:10E4A00019FA002818BF00F04BFB78B2013F012891
:10E4B000F2DC84F8446000F075F901B0F0BD0000B2
:10E4C0002DE9F04381B0044600F07AFC43F2B476C3
:10E4D000C2F200063068002808BFFFF797FC4AF236
:10E4E0009038C2F2000898F80000002818BF4FF0DA
:10E4F000004020420DD0002401F034FA60071ED005
:10E500004FF0500080F31188BFF36F8FBFF34F8F30
:10E51000FEE7C4B114F0070004F108011EBF081A99
:10E5200000F108015FEA41700ED04FF0500080F317
:10E530001188BFF36F8FBFF34F8F00BFFEE72046F8
:10E5400001B0BDE8F08300214AF2BC39C2F20009F3
:10E55000D9F800004A1E8242CDD24AF23440C2F2BB
:10E56000000005682F4657F8042F8A4211D22B6805
:10E570005BB100BF1F4657F8042F28461D468A424C
:10E5800007D22B68002BF5D103E04AF23440C2F2E7
:10E59000000033689D42AED004682B68521A112ADD
:10E5A000036010D36818430709D04FF0500080F380
:10E5B0001188BFF36F8FBFF34F8F00BFFEE742603C
:10E5C0003960FFF70BFD4AF2C4303968D9F80020F2
:10E5D000C2F200000368511A9942C9F8001038BF0E
:10E5E000016098F80000396800284FF0000018BF5B
:10E5F00041F0004128604AF2D030C2F200000268C7
:10E6000008343960511C016076E7000003464EF281
:10E61000CD30C0F600004FF0807C21F0010103E90D
:10E6200003106FF0020043F8240CA3F1440043F8F8
:10E63000202C704780B543F62140C2F2000000F163
:10E6400024012422FBF74CF880BD000082B0FEF7C5
:10E65000B7F901F045F801AC019000BFFEF722FACE
:10E66000FEF77CFAFEF7DCF92046012100F0A4F960
:10E67000F4E70000D0E9013201699A60D1F804C0E2
:10E6800082688445536008BF4A60002202610868BE
:10E69000013808600868704749F6AC63C2F20003AD
:10E6A000036049F6AC40C2F20000086080201060B0
:10E6B000704700004AF20833C2F20003036049F6D3
:10E6C0000870C2F2000008604FF48070106070475C
:10E6D0004FF0FF31024642F8081F00214260C0E9B6
:10E6E00003220160704700000021016170470000B3
:10E6F00080B5D1F800C01CF1010207D000F1080379
:10E700009E465B681A686245FAD901E0D0F810E0CD
:10E71000DEF8042008614A609160C1F808E0CEF894
:10E72000041001680131016080BD0000D0F800C014
:10E73000436808619A684B608A609A689960516082
:10E740000CF1010101607047DFF80C00016841F431
:10E7500070010160704700BF88ED00E04FF050008D
:10E7600080F31188BFF36F8FBFF34F8F40F2F850E3
:10E77000C2F2000001684A1C026001B170474EF607
:10E780000450CEF200000068000608BF70474FF04A
:10E79000500080F31188BFF36F8FBFF34F8F00BF1E
:10E7A000FEE7000040F2F850C2F20000016839B103
:10E7B0000139016018BF7047002080F3118870474D
:10E7C0004FF0500080F31188BFF36F8FBFF34F8F6E
:10E7D000FEE70000B0B5002808BFB0BD04464AF20D
:10E7E0009030C2F20000007854F8041C002818BFD2
:10E7F0004FF0004008420CD0A4F108052A6892B1FD
:10E800004FF0500080F31188BFF36F8FBFF34F8F2D
:10E81000FEE74FF0500080F31188BFF36F8FBFF316
:10E820004F8F00BFFEE721EA000044F8040C00F01F
:10E83000C7FA4AF2BC31C2F2000154F8040C0A686B
:10E84000104408602846FFF7C9FB4AF2D430C2F2F0
:10E85000000001680131016001F084F8B0BD0000E2
:10E860004EF21000CEF2000000210160816040F203
:10E870001851C2F20001096844F6D352C1F2620293
:10E88000A1FB02124FF0FF3101EB92114160072111
:10E8900001607047EFF30580102814D34EF2F03179
:10E8A000CEF20001405C49F68841C2F200010978CD
:10E8B000884208D24FF0500080F31188BFF36F8F69
:10E8C000BFF34F8FFEE74EF60C50CEF2000049F634
:10E8D0008C410068C2F20001096800F4E0608842DF
:10E8E00098BF70474FF0500080F31188BFF36F8FCF
:10E8F000BFF34F8FFEE700004AF2F03C0022C2F265
:10E90000000C00BF5CF8323023B10132082A08BF86
:10E910007047F7E70CEBC2034CF8321058607047B1
:10E9200070B515460E460446FFF718FF94F84400EC
:10E93000FF2804BF002084F8440094F84500FF2815
:10E9400004BF002084F84500FFF72CFFA06B28B916
:10E9500004F1240031462A4600F014F92046FFF75E
:10E9600075FD70BD10B5D8B1044649F6A040C2F29D
:10E970000000006848B14FF0500080F31188BFF3E9
:10E980006F8FBFF34F8F00BFFEE700F019FA2046EC
:10E990000021FFF7BDF800F0E5FF002818BF10BD0B
:10E9A0004EF60450CEF200004FF080510160BFF3EC
:10E9B0004F8FBFF36F8F10BDB0B590B10D46D1B181
:10E9C000044649F6A040C2F200000068E8B14FF0EA
:10E9D000500080F31188BFF36F8FBFF34F8F00BFDC
:10E9E000FEE74FF0500080F31188BFF36F8FBFF345
:10E9F0004F8F00BFFEE74FF0500080F31188BFF348
:10EA00006F8FBFF34F8F00BFFEE700F0D9F94AF2D6
:10EA10006440C2F2000000682268904202EB0501E7
:10EA200002D2914202D309E0914201D3814205D939
:10EA30002160081A0021FFF76BF800E0216000F068
:10EA400091FF002818BFB0BD4EF60450CEF2000072
:10EA50004FF080510160BFF34F8FBFF36F8FB0BD98
:10EA600070B50446FFF77AFE43F2A876002CC2F296
:10EA7000000608BF3468251D2846FFF7FBFDA06A85
:10EA800018B104F11800FFF7F5FD49F6A440C2F2F1
:10EA90000000016801310160306884420CD049F601
:10EAA0009840C2F200000168013901602046FFF77A
:10EAB00081F9FFF719FC0DE04AF25040C2F2000064
:10EAC0002946FFF733FE49F69C40C2F20000016878
:10EAD00001310160FFF766FE4AF23040C2F20000E9
:10EAE0000068E8B13068844218BF70BD49F6A040A4
:10EAF000C2F20000006840B14FF0500080F311886E
:10EB0000BFF36F8FBFF34F8FFEE74EF60450CEF288
:10EB100000004FF080510160BFF34F8FBFF36F8F44
:10EB200070BD00004AF2CC31C2F2000109680160F8
:10EB30004AF26441C2F20001096841607047000076
:10EB40004AF27040C2F200000121016070470000EB
:10EB500010B568B10C4643F2A871C2F20001096811
:10EB60001831FFF7C5FD20460121FEF7D1FF10BD8A
:10EB70004FF0500080F31188BFF36F8FBFF34F8FBA
:10EB8000FEE70000B0B590B10D4643F2A871C2F2A5
:10EB90000001096814461831FFF7C8FD002C18BFA2
:10EBA0004FF0FF3528462146FEF7B2FFB0BD4FF0CB
:10EBB000500080F31188BFF36F8FBFF34F8F00BFFA
:10EBC000FEE7000070B5C8B343F2A876C2F20006B3
:10EBD00004463068A04208BF70BDFFF7BFFD204665
:10EBE000FFF70EFC38B3251D2846FFF743FD49F615
:10EBF000A841C2F20001E06A0A68904288BF08603A
:10EC000043F2C07100EB8000C2F2000101EB800012
:10EC10002946FFF78BFDE06A3168C96A88420AD34A
:10EC20004EF60450CEF200004FF080510160BFF369
:10EC30004F8FBFF36F8FFFF7B5FD70BD4FF05000E2
:10EC400080F31188BFF36F8FBFF34F8FFEE7000093
:10EC500010B586B0002405A804A903AACDE9044490
:10EC6000FFF71AFDDDE9032005990023CDE9010135
:10EC70004DF68560C0F600001CA1009400F0E0FC99
:10EC80004AF2C031C2F20001086010B100F0F4FE97
:10EC90000446601C20D0012C1CD14FF0500080F3A2
:10ECA0001188BFF36F8FBFF34F8F4AF2C830C2F2A3
:10ECB00000004FF0FF3101604AF23040C2F2000024
:10ECC000012101604AF26440C2F2000000210160AB
:10ECD00000F006F906B010BD4FF0500080F3118827
:10ECE000BFF36F8FBFF34F8FFEE700BF49444C4522
:10ECF00000000000F0B581B00446FFF72FFD43F29D
:10ED0000A877002CC2F2000708BF3C68261D3046D9
:10ED1000FFF7B0FCA06A18B104F11800FFF7AAFCD5
:10ED20004AF23C45C2F2000528463146FFF7FEFC98
:10ED300094F85800012804BF002084F85800FFF719
:10ED400031FD4AF23046C2F20006306828B1FFF7C2
:10ED500005FDFFF7C9FAFFF725FD3868844201D0A9
:10ED600001B0F0BD306870B149F6A040C2F20000B9
:10ED70000068A0B14FF0500080F31188BFF36F8F8F
:10ED8000BFF34F8FFEE749F69841C2F200012868B1
:10ED90000968884210D10020386001B0F0BD4EF6FD
:10EDA0000450CEF200004FF080510160BFF34F8F4E
:10EDB000BFF36F8F01B0F0BD00F00AF801B0F0BDF5
:10EDC00049F6A040C2F200000168013101607047BD
:10EDD00049F6A040C2F20000006830B14AF270402B
:10EDE000C2F200000121016070474AF27040C2F295
:10EDF0000000002149F6A84C0160C2F2000CDCF8CA
:10EE0000001043F2C07201EB8103C2F2000252F81B
:10EE1000230048B902EB8300A0F11403D9B153F8E1
:10EE2000140901390028F9D001EB810002EB8002BE
:10EE300052F8040F4368101D8342136001D15868D3
:10EE40001060106843F2A872C068C2F2000210603D
:10EE5000CCF8001070474FF0500080F31188BFF3DA
:10EE60006F8FBFF34F8F00BFFEE7000070B5054600
:10EE700000284FF0000008BF70BD0C46032917D3CF
:10EE800040F21400C2F200000288A61E2846314655
:10EE9000FEF70CFDA95DC2B291421CBF002070BDFF
:10EEA000611911F8011CA1EB1020B0FA80F04009A3
:10EEB00070BD0000B0B5044600284FF000000DD032
:10EEC000032938BFB0BD4D1E20462946FF22FEF75C
:10EED00007FD615D401AB0FA80F04009B0BD000046
:10EEE00080B582B04EF20040CEF200004CF27021AC
:10EEF000C4F20F11D0F800294B1C9A4209D14FF0EF
:10EF0000500080F31188BFF36F8FBFF34F8F00BFA6
:10EF1000FEE7D0F800298A4209D14FF0500080F373
:10EF20001188BFF36F8FBFF34F8F00BFFEE70178EB
:10EF300049F688420191FF2101700178C2F2000276
:10EF40008DF803109DF8031001F05001117049F67F
:10EF50008C41C2F2000107220A609DF90320B2F140
:10EF6000FF3F0CDC0A6800BF9DF80330013A5B00EC
:10EF70008DF803309DF90330002BF5D40A600A6840
:10EF8000032A2DD14FF4E06303EA02220A600199BB
:10EF90000170D0F8201941F47001C0F82019D0F8A0
:10EFA000201941F07041C0F82019FFF759FC40F2D8
:10EFB000F850C2F2000000210160FFF7C5FB4EF6D9
:10EFC0003470CEF20000016841F040410160FFF76B
:10EFD0006DF8FFF7FDFEFFF7F9F9002002B080BDE4
:10EFE0004FF0500080F31188BFF36F8FBFF34F8F46
:10EFF000FEE7000080B54FF0500080F31188BFF3AA
:10F000006F8FBFF34F8F00F071FB30B14EF604509D
:10F01000CEF200004FF080510160002080F3118893
:10F0200080BD0000B0B582B068B11D46ABB1F1B98A
:10F03000EAB14FF0500080F31188BFF36F8FBFF338
:10F040004F8F00BFFEE74FF0500080F31188BFF3F1
:10F050006F8FBFF34F8F00BFFEE74FF0500080F37C
:10F060001188BFF36F8FBFF34F8F00BFFEE751B121
:10F070004AB94FF0500080F31188BFF36F8FBFF390
:10F080004F8F00BFFEE750230193019B502B0AD105
:10F09000069B019C012485F846400095FEF708FF79
:10F0A000284602B0B0BD4FF0500080F31188BFF386
:10F0B0006F8FBFF34F8F00BFFEE7000070B5F8B150
:10F0C00004460E46FFF74AFB2068D4E90F120025DC
:10F0D00002FB0103013901FB0201A563C4E901033D
:10F0E000FF20E16084F8440084F8450004F110003A
:10F0F0007EB1FFF7EDFA04F12400FFF7E9FA18E01A
:10F100004FF0500080F31188BFF36F8FBFF34F8F24
:10F11000FEE7016869B100F0DDFB50B14EF6045026
:10F12000CEF200004FF080510160BFF34F8FBFF36C
:10F130006F8FFFF737FB012070BD00002DE9F04F06
:10F1400083B00292B8B11D460E460446E9B1022DC5
:10F1500003D1E06B012840F09A8000F0ADFA00BBCB
:10F160000298F0B14FF0500080F31188BFF36F8F19
:10F17000BFF34F8FFEE74FF0500080F31188BFF3CD
:10F180006F8FBFF34F8F00BFFEE7206C0028DED0EB
:10F190004FF0500080F31188BFF36F8FBFF34F8F94
:10F1A000FEE7FFF7DBFAA06B022D58D0E16B884237
:10F1B00055D304F1100801206F464FF0000B0DF1FC
:10F1C00008094FF0805A00BF0299002900F07B80A7
:10F1D000C00702D03846FFF7A5FCFFF7E3FAFFF7B8
:10F1E000EFFDFFF7BBFA94F84400FF2808BF84F84E
:10F1F00044B094F84500FF2808BF84F845B0FFF7F5
:10F20000D1FA3846494600F095F900285ED12046EB
:10F21000FEF73EFFA0B102994046FFF799FC204659
:10F22000FFF714F900F09EFB78B94EF60450CEF2C9
:10F230000000C0F800A0BFF34F8FBFF36F8F04E052
:10F240002046FFF703F900F08DFBFFF787FAA06B6C
:10F25000022D04D0E16B88424FF00000B4D220466A
:10F2600031462A46FEF768FD54F8241FC9B12046EE
:10F2700000F030FB08B34EF60450CEF200004FF021
:10F2800080510160BFF34F8FBFF36F8F15E04FF0D8
:10F29000500080F31188BFF36F8FBFF34F8F00BF13
:10F2A000FEE750B14EF60450CEF200004FF0805110
:10F2B0000160BFF34F8FBFF36F8FFFF773FA012029
:10F2C00003B0BDE8F08FFFF76DFA04E02046FFF7CA
:10F2D000BDF800F047FB002003B0BDE8F08F000050
:10F2E0002DE9F04381B0E8B11E46914605460F4630
:10F2F00009B3022E02D1E86B012837D1FFF7CAFA11
:10F30000EFF311884FF0500080F31188BFF36F8F37
:10F31000BFF34F8FA86B022E19D0E96B884216D32A
:10F3200000203FE04FF0500080F31188BFF36F8F53
:10F33000BFF34F8FFEE7286C0028DAD04FF0500063
:10F3400080F31188BFF36F8FBFF34F8FFEE795F8FF
:10F350004540A86B284639463246FEF7EDFCFF2CA7
:10F360000DD0601C85F8450001201BE04FF05000D7
:10F3700080F31188BFF36F8FBFF34F8FFEE755F80F
:10F38000240F70B1284600F0A5FA0146B9F1000F2C
:10F390004FF0010006D000291CBF0120C9F8000071
:10F3A00000E0012088F3118801B0BDE8F08300007F
:10F3B0002DE9F04F85B0049298B10C46054600291E
:10F3C00000F0A58000F078F9A8B9049898B14FF042
:10F3D000500080F31188BFF36F8FBFF34F8F00BFD2
:10F3E000FEE74FF0500080F31188BFF36F8FBFF33B
:10F3F0004F8F00BFFEE705F1240005F110090190D1
:10F4000002AF0DF1100A4FF000080AE02846FFF79E
:10F410001DF800F0A7FA2846FEF72EFE002840F05F
:10F420008480FFF79BF9D5F838B0BBF1000F1DD0F1
:10F4300028462146FEF76CFCABF10100A863286961
:10F4400070B1484600F046FA50B14EF60450CEF284
:10F4500000004FF080510160BFF34F8FBFF36F8FFB
:10F46000FFF7A0F900200126A0B95FE0049850B191
:10F47000B8F1000F02D13846FFF754FB4FF00108F6
:10F48000012038B952E0FFF78DF90026002000284E
:10F490004CD000BFFFF786F9FFF792FCFFF75EF94B
:10F4A00095F84400FF2804BF002085F8440095F833
:10F4B0004500FF2804BF002085F84500FFF772F9DA
:10F4C0003846514600F036F800289FD12846FEF70E
:10F4D000D3FDB0B104990198FFF73AFB2846FEF737
:10F4E000B5FF00F03FFA00289BD14EF60450CEF253
:10F4F00000004FF080510160BFF34F8FBFF36F8F5B
:10F500008FE72846FEF7A2FF00F02CFA89E7286C67
:10F5100000283FF457AF4FF0500080F31188BFF33D
:10F520006F8FBFF34F8F00BFFEE70026304605B058
:10F53000BDE8F08FB0B5D8B10D4611B30446FFF762
:10F540000DF94AF2644043F2A872C2F20000C2F21E
:10F55000000200686168136893F85A30DBB11068E4
:10F56000002180F85A100124FFF71CF92046B0BD95
:10F570004FF0500080F31188BFF36F8FBFF34F8FB0
:10F58000FEE74FF0500080F31188BFF36F8FBFF399
:10F590004F8F00BFFEE72A68531C0CD04AF2CC33D1
:10F5A000C2F20003D3F800C0884206D323689C450A
:10F5B00003D00124D8E70024D6E7401A824206D9B6
:10F5C000101A28602046FFF7ADFA0024CCE700208F
:10F5D00001242860C8E700002DE9F04383B0074606
:10F5E0009000984615468946FEF76AFF78B10646B0
:10F5F0005C20FEF765FF38B10446066354B94FF04E
:10F60000FF3003B0BDE8F0833046FFF7E3F8002495
:10F61000002CF4D0DDE90A10002284F85920CDE94D
:10F620000010384649462A4643460294FEF750FCED
:10F630002046FEF7B1FA012003B0BDE8F0830000D8
:10F6400070B586B00B9CCCB10C9E06B35C250495BE
:10F65000049D5C2D25D1049DDDF828C0022586F887
:10F66000595005AD3463CDE900C50296FEF730FC74
:10F670003046FEF791FA059806B070BD4FF0500085
:10F6800080F31188BFF36F8FBFF34F8FFEE74FF00A
:10F69000500080F31188BFF36F8FBFF34F8F00BF0F
:10F6A000FEE74FF0500080F31188BFF36F8FBFF378
:10F6B0004F8F00BFFEE700004AF23040C2F2000068
:10F6C0000068002804BF0120704749F6A040C2F23C
:10F6D00000000068B0FA80F0400940007047000068
:10F6E0004AF26440C2F20000006870472DE9F04F12
:10F6F00081B049F6A040C2F20000006840B14AF271
:10F70000D830C2F20000016800240131016092E0AB
:10F710004AF26440C2F2000001684E1C066021D328
:10F7200043F2B070C2F200000168096849B14FF0BD
:10F73000500080F31188BFF36F8FBFF34F8F00BF6E
:10F74000FEE743F2B872C2F2000201681368036078
:10F750004AF2CC301160C2F2000001680131016050
:10F76000FEF7C2FD4AF2C831C2F20001086843F256
:10F77000A87A43F2C0788642C2F2000AC2F20008B8
:10F7800001D2002445E043F2B077C2F200073868A6
:10F790000024006898B349F6A84BC2F2000B19E0A8
:10F7A000D9F82C00DBF80010884288BFCBF80000A5
:10F7B00000EB800008EB80002946FEF7B7FFD9F880
:10F7C0002C00DAF80010C96A3A68884228BF012480
:10F7D0001068B8B13868C068D0F80C904D4655F83C
:10F7E000040F864210D32846FEF744FFD9F82800BC
:10F7F0000028D5D009F11800FEF73CFFD0E74FF004
:10F80000FF3005E04FF0FF304AF2C831C2F200018C
:10F810000860DAF80000C06A00EB800058F82000A9
:10F8200001284AF27040C2F2000088BF012400683B
:10F83000002818BF0124204601B0BDE8F08F000069
:10F84000B0B580B1044643F2A870C2F2000000686F
:10F85000A0420AD04FF0500080F31188BFF36F8FA1
:10F86000BFF34F8FFEE70020B0BD206D38B30138E5
:10F8700020654FF0000018BFB0BDE16AE26C914214
:10F880001CD0251D2846FEF7F5FEE06CC0F13801BE
:10F89000A16149F6A841E062C2F200010A68904203
:10F8A00088BF086043F2C07100EB8000C2F2000123
:10F8B00001EB80002946FEF739FF0120B0BD4FF073
:10F8C000500080F31188BFF36F8FBFF34F8F00BFDD
:10F8D000FEE70000B0B5C068C5687DB105F1180449
:10F8E0002046FEF7C7FE49F6A040C2F200000068BD
:10F8F00068B14AF2DC30C2F200001DE04FF0500067
:10F9000080F31188BFF36F8FBFF34F8FFEE72C1D7D
:10F910002046FEF7AFFE49F6A841C2F20001E86AB0
:10F920000A68904288BF086043F2C07100EB800013
:10F93000C2F2000101EB80002146FEF7F7FE43F220
:10F94000A871C2F20001E86A0968C96A884291BFD9
:10F9500000204AF27041C2F20001012088BF086015
:10F96000B0BD00002DE9F04F81B049F6A044C2F2CD
:10F970000004206868B1FEF7F1FE206801382060BD
:10F98000206880B10024FEF70DFF204601B0BDE8DD
:10F99000F08F4FF0500080F31188BFF36F8FBFF3EB
:10F9A0004F8F00BFFEE749F69840C2F200000068A2
:10F9B00000285DD04AF2DC36C2F2000630684AF216
:10F9C0007048C2F2000890B349F6A84743F2C079E4
:10F9D00043F2A87BC2F20007C2F20009C2F2000B98
:10F9E0004FF0010AF068C56805F11800FEF742FE05
:10F9F0002C1D2046FEF73EFEE86A3968884288BF23
:10FA0000386000EB800009EB80002146FEF78EFE97
:10FA1000E86ADBF80010C96A884228BFC8F800A06D
:10FA200030680028DED1002D18BFFEF75DFC4AF2D9
:10FA3000D834C2F20004256855B10126FFF756FEFE
:10FA4000002818BFC8F80060013DF7D100202060F1
:10FA5000D8F8000070B14EF60450CEF200004FF01E
:10FA600080510160BFF34F8F0124BFF36F8F8AE78E
:10FA7000002488E7002486E780B586B0FEF7E2F828
:10FA80004AF26840C2F20000006808B30020CDE9E5
:10FA9000040005A804A903AAFEF70CFEDDE9032073
:10FAA0000221DDF814C0CDE900104EF23540C0F659
:10FAB00000000CA10023CDF808C0FFF7C1FD4AF2F9
:10FAC0006C41C2F20001086010B1012006B080BD97
:10FAD0004FF0500080F31188BFF36F8FBFF34F8F4B
:10FAE000FEE700BF546D72205376630010B584B0FA
:10FAF000A8B14AF26844C2F2000484462068C0B14A
:10FB00000529CDE90012CDF808C015DCFFF7D4FDBA
:10FB100001462068022916D1069A694615E04FF081
:10FB2000500080F31188BFF36F8FBFF34F8F00BF7A
:10FB3000FEE7002004B010BD69461A460023FFF717
:10FB4000CFFB04B010BD694600220023FFF7F6FA90
:10FB500004B010BD4100080218BF04200A0E18BFEF
:10FB600040F001004FF07F4232EA010108BF40F04F
:10FB70000200012808BF05207047000010B510EEF4
:10FB8000104A4FF01A402DED028B00EB4400B0F10B
:10FB9000C85F4AD84FF0FC40B0EB440F22D2B0EE21
:10FBA000C00AF7EE000A30EEC00AF6EE000A20EEB8
:10FBB000208A18EE100A00F0D9FA00EE100A14F0AC
:10FBC000004F1DBF9FED281ADFED280AB1EE400A55
:10FBD0009FED271A08BFF0EE410AF8EE001A20EE5A
:10FBE000210A05E020EE008A9FED221ADFED220AAD
:10FBF000DFED221A9FED222A70EEC00A20EE080ADD
:10FC000008EE212ADFED1F1A48EE021A9FED1E2A88
:10FC100008EE212ADFED1D1A48EE021ABDEC028B18
:10FC200040EE610A30EE810A10BD4FF0CC40B0EBDF
:10FC3000440F82BF9FED160ABDEC028B10BD4FF042
:10FC40007F40B0EB440F05D2BDEC028BBDE8104005
:10FC500000F029BA012000F04DFABDEC028BBDE89E
:10FC6000104000F027BA00000000494022AA7D3A67
:10FC7000000000000000C93F22AAFD3924FE1C3DFF
:10FC8000C78AD83C1E67383D1B93993DAFAA2A3ED0
:10FC9000DB0FC93F10B54FF00E402DED028BB0EEDB
:10FCA000408A18EE104A00EB4400B0F1506F4AD879
:10FCB0004FF0FC40B0EB440F22D2B0EEC80AF7EE92
:10FCC000000A30EEC00AF6EE000A60EE208A18EE56
:10FCD000900A00F04BFA01EE100A14F0004F1DBF1D
:10FCE000DFED2D0A9FED2D0AB1EE411ADFED2C0A52
:10FCF00008BF9FED2C0AF8EE001A21EE218A05E0DC
:10FD0000DFED290A68EE088AB0EE600A9FED271A37
:10FD1000DFED271A30EE080A48EE811A9FED251A0A
:10FD200008EEA11ADFED241A48EE811A9FED231A7E
:10FD300008EEA11A68EE281ABDEC028B01EE810ACA
:10FD400030EE200A10BD4FF0E440B0EB440F0CD968
:10FD500018EE100AFFF7FEFE042808BF00F0B2F903
:10FD6000B0EE480ABDEC028B10BD4FF07F40B0EB07
:10FD7000440F07D2B0EE480ABDEC028BBDE810403C
:10FD800000F091B9012000F0B5F9BDEC028BBDE89F
:10FD9000104000F08FB900000000C9BF22AAFDB9D1
:10FDA0000000C93F22AAFD390000000024FE1C3DCE
:10FDB000C78AD83C1E67383D1B93993DAFAA2A3E9F
:10FDC00070B54FF068422DED048BF0EE408A18EECE
:10FDD000900AB0EE608A18EE101A02EB4003B3F1FD
:10FDE000654F3CBF02EB4102B2F1654F7DD200BFCF
:10FDF000C0F3C753C1F3C7529A1A1B2A09DD10F08A
:10FE0000004F14BF9FED830A9FED830ABDEC048B66
:10FE100070BD12F11A0F36DA11F0004F09D010F050
:10FE2000004F0CBF9FED7D0A9FED7D0ABDEC048B5A
:10FE300070BD88EE889A19EE100AFFF78BFE042831
:10FE400008BF00F03FF918EE900AFFF783FE054661
:10FE500018EE100AFFF77EFE044619EE100AFFF7AF
:10FE600079FE042D18BF052D08D1042C18BF052CD0
:10FE700004D1002804BF022000F03CF9B0EE490A8A
:10FE8000BDEC048B70BD4200B2EB410F3AD910F0CB
:10FE9000004F19BFDFED630A9FED630ADFED630AD0
:10FEA0009FED630AB0EE481A0A46B1EE688A80F008
:10FEB0000041F0EE418A10460A1A5200B2F1807FEA
:10FEC00034D2484010F0004FDFED5A1A9FED5A2A05
:10FED0001DBFBEEE001A70EEE10A30EE420AB6EE29
:10FEE000001A08BF70EEA10A00E040E008BF30EE43
:10FEF000020AB0EE682A01EE482A08EE818AC2EEB4
:10FF0000081A15E011F0004F04BF9FED4C0AF0EE07
:10FF1000400AD1D010F0004F19BFDFED490A9FED24
:10FF2000490ADFED490A9FED490AC5E7C8EE881A7C
:10FF300021EEA11A9FED462ADFED462A41EE022A64
:10FF40009FED452A01EE222ADFED442A41EE022AE6
:10FF50009FED432ABDEC048B01EE222A21EE811A8B
:10FF600001EE020A30EE210A30EE200A70BD4FF099
:10FF70007F42B2EB400F28BFB2EB410F09D2F0EE47
:10FF8000480AB0EE680ABDEC048BBDE8704000F092
:10FF90008DB840EA01035B0008BF41F0FF410BD080
:10FFA000B2EB400F08BFB2EB410F08D120F0804008
:10FFB00008EE900A21F0804108EE101A18E7B2EB23
:10FFC000400F12BF5FEA410340F0FF4001F00041E3
:10FFD0003FF40EAFB2EB410F12BF5FEA400200F0F8
:10FFE000004041F0FF413FF403AF4A0092EA400372
:10FFF0003FF5FEAE002AACBF9FED1A0A9FED1A0A2C
:020000040801F1
:1000000068EE808A28EE008A18EE900A18EE101A20
:10001000EEE60000DB0FC9BFDB0FC93FDB0F494035
:10002000DB0F49C00000C9BF22AAFDB90000C93FCB
:1000300022AAFD390060ED3EC30ACE370000000061
:10004000000049C022AA7DBA0000494022AA7D3A98
:100050002DAD65BD8FB8D53D0FB511BE61C84C3E05
:10006000A8AAAABE0000804F0000802F10B52DED79
:10007000028BB1EEC08A18EE100A20F00040C0F1E9
:10008000FF40C00F0AD010EE100A20F00040C0F16F
:10009000FF40C00F04BF012000F02CF8B0EE480A6A
:1000A000BDEC028B10BD30EE000A704730EE200A26
:1000B00070470000DFED020A80EEA00A70470000E2
:1000C000000000009FED020A20EE000A70470000C9
:1000D0000000001002E008C8121F08C1002AFAD16F
:1000E00070477047002001E001C1121F002AFBD1B8
:1000F00070470000014908607047000008000020B8
:10010000F0B50B30154D20F007010024144A0FE024
:1001100003688B420BD38B4205D95E1A431847689C
:10012000C3E9006700E04368136002C004E0021DF9
:1001300010680028ECD12046002802D1286808B1B8
:100140000020F0BD064A07481060074A121A22F044
:100150000702C0E9002401202860D7E7040000203E
:10016000000000207CA4002078E4002010B500EE00
:10017000100A2DED028BB1EEC08A18EE100A20F0A5
:100180000040C0F1FF40C00F0AD010EE100A20F06E
:100190000040C0F1FF40C00F04BF0120FFF7AAFFDD
:1001A00018EE100ABDEC028B10BD0000000000002C
:1001B000920E493CB10AC93C2BC3163D2EFB483D6B
:1001C000752B7B3D04A9963D80B6AF3D36BDC83D3D
:1001D0002FBCE13D73B2FA3D87CF093E8340163E06
:1001E000B5AB223EA2102F3ECF6E3B3EC2C5473E6E
:1001F0000115543E135C603E7F9A6C3ECCCF783E36
:10020000C07D823E938E883E229A8E3E32A0943EDE
:1002100086A09A3EE59AA03E128FA63ED47CAC3EC4
:10022000EF63B23E2A44B83E491DBE3E15EFC33EC1
:1002300053B9C93ECA7BCF3E4136D53E80E8DA3E4F
:100240004F92E03E7533E63EBBCBEB3EEA5AF13EC1
:10025000CBE0F63E275DFC3EE4E7003F3D9C033FDC
:10026000824B063F9BF5083F6B9A0B3FDA390E3FF6
:10027000CDD3103F2A68133FD9F6153FC07F183FF2
:10028000C6021B3FD17F1D3FCBF61F3F9967223F20
:1002900025D2243F5636273F1594293F4AEB2B3F62
:1002A000DE3B2E3FBB85303FC9C8323FF304353FAC
:1002B000233A373F4268393F3B8F3B3FF9AE3D3FE2
:1002C00067C73F3F70D8413F01E2433F03E4453FEA
:1002D00065DE473F12D1493FF8BB4B3F029F4D3F80
:1002E000207A4F3F3D4D513F4918533F31DB543F3A
:1002F000E595563F5348583F6AF2593F1A945B3F81
:10030000532D5D3F05BE5E3F2146603F97C5613F6F
:100310005A3C633F59AA643F880F663FD86B673FDA
:100320003CBF683FA7096A3F0C4B6B3F5E836C3F45
:1003300093B26D3F9ED86E3F73F56F3F0809713FD2
:100340005213723F4714733FDD0B743F0BFA743F37
:10035000C6DE753F07BA763FC58B773FF853783FC7
:100360009812793F9DC7793F02737A3FBE147B3F55
:10037000CDAC7B3F283B7C3FC9BF7C3FAC3A7D3F47
:10038000CCAB7D3F23137E3FB0707E3F6DC47E3F7C
:10039000580E7F3F6D4E7F3FAB847F3F0FB17F3F55
:1003A00097D37F3F43EC7F3F11FB7F3F0000803FAF
:1003B00011FB7F3F43EC7F3F97D37F3F0FB17F3FE0
:1003C000AB847F3F6D4E7F3F580E7F3F6DC47E3FB5
:1003D000B0707E3F23137E3FCCAB7D3FAC3A7D3F78
:1003E000C9BF7C3F283B7C3FCDAC7B3FBE147B3FED
:1003F00002737A3F9DC7793F9812793FF853783F4F
:10040000C58B773F07BA763FC6DE753F0BFA743F60
:10041000DD0B743F4714733F5213723F0809713F5D
:1004200073F56F3F9ED86E3F93B26D3F5E836C3F16
:100430000C4B6B3FA7096A3F3CBF683FD86B673FD7
:10044000880F663F59AA643F5A3C633F97C5613F96
:100450002146603F05BE5E3F532D5D3F1A945B3FD2
:100460006AF2593F5348583FE595563F31DB543FB8
:100470004918533F3D4D513F207A4F3F029F4D3F1A
:10048000F8BB4B3F12D1493F65DE473F03E4453F90
:1004900001E2433F70D8413F67C73F3FF9AE3D3F60
:1004A0003B8F3B3F4268393F233A373FF304353FA8
:1004B000C9C8323FBB85303FDE3B2E3F4AEB2B3F66
:1004C0001594293F5636273F25D2243F9967223F6E
:1004D000CBF61F3FD17F1D3FC6021B3FC07F183F99
:1004E000D9F6153F2A68133FCDD3103FDA390E3FB6
:1004F0006B9A0B3F9BF5083F824B063F3D9C033FA9
:10050000E4E7003F275DFC3ECBE0F63EEA5AF13ED1
:10051000BBCBEB3E7533E63E4F92E03E80E8DA3EE1
:100520004136D53ECA7BCF3E53B9C93E15EFC33ED7
:10053000491DBE3E2A44B83EEF63B23ED47CAC3E79
:10054000128FA63EE59AA03E86A09A3E32A0943E27
:10055000229A8E3E938E883EC07D823ECCCF783EDE
:100560007F9A6C3E135C603E0115543EC2C5473E07
:10057000CF6E3B3EA2102F3EB5AB223E8340163ECF
:1005800087CF093E73B2FA3D2FBCE13D36BDC83D71
:1005900080B6AF3D04A9963D752B7B3D2EFB483DB3
:1005A0002BC3163DB10AC93C920E493C0000000025
:1005B000920E49BCB10AC9BC2BC316BD2EFB48BD67
:1005C000752B7BBD04A996BD80B6AFBD36BDC8BD39
:1005D0002FBCE1BD73B2FABD87CF09BE834016BE02
:1005E000B5AB22BEA2102FBECF6E3BBEC2C547BE6A
:1005F000011554BE135C60BE7F9A6CBECCCF78BE32
:10060000C07D82BE938E88BE229A8EBE32A094BEDA
:1006100086A09ABEE59AA0BE128FA6BED47CACBEC0
:10062000EF63B2BE2A44B8BE491DBEBE15EFC3BEBD
:1006300053B9C9BECA7BCFBE4136D5BE80E8DABE4B
:100640004F92E0BE7533E6BEBBCBEBBEEA5AF1BEBD
:10065000CBE0F6BE275DFCBEE4E700BF3D9C03BFD8
:10066000824B06BF9BF508BF6B9A0BBFDA390EBFF2
:10067000CDD310BF2A6813BFD9F615BFC07F18BFEE
:10068000C6021BBFD17F1DBFCBF61FBF996722BF1C
:1006900025D224BF563627BF159429BF4AEB2BBF5E
:1006A000DE3B2EBFBB8530BFC9C832BFF30435BFA8
:1006B000233A37BF426839BF3B8F3BBFF9AE3DBFDE
:1006C00067C73FBF70D841BF01E243BF03E445BFE6
:1006D00065DE47BF12D149BFF8BB4BBF029F4DBF7C
:1006E000207A4FBF3D4D51BF491853BF31DB54BF36
:1006F000E59556BF534858BF6AF259BF1A945BBF7D
:10070000532D5DBF05BE5EBF214660BF97C561BF6B
:100710005A3C63BF59AA64BF880F66BFD86B67BFD6
:100720003CBF68BFA7096ABF0C4B6BBF5E836CBF41
:1007300093B26DBF9ED86EBF73F56FBF080971BFCE
:10074000521372BF471473BFDD0B74BF0BFA74BF33
:10075000C6DE75BF07BA76BFC58B77BFF85378BFC3
:10076000981279BF9DC779BF02737ABFBE147BBF51
:10077000CDAC7BBF283B7CBFC9BF7CBFAC3A7DBF43
:10078000CCAB7DBF23137EBFB0707EBF6DC47EBF78
:10079000580E7FBF6D4E7FBFAB847FBF0FB17FBF51
:1007A00097D37FBF43EC7FBF11FB7FBF000080BFAB
:1007B00011FB7FBF43EC7FBF97D37FBF0FB17FBFDC
:1007C000AB847FBF6D4E7FBF580E7FBF6DC47EBFB1
:1007D000B0707EBF23137EBFCCAB7DBFAC3A7DBF74
:1007E000C9BF7CBF283B7CBFCDAC7BBFBE147BBFE9
:1007F00002737ABF9DC779BF981279BFF85378BF4B
:10080000C58B77BF07BA76BFC6DE75BF0BFA74BF5C
:10081000DD0B74BF471473BF521372BF080971BF59
:1008200073F56FBF9ED86EBF93B26DBF5E836CBF12
:100830000C4B6BBFA7096ABF3CBF68BFD86B67BFD3
:10084000880F66BF59AA64BF5A3C63BF97C561BF92
:10085000214660BF05BE5EBF532D5DBF1A945BBFCE
:100860006AF259BF534858BFE59556BF31DB54BFB4
:10087000491853BF3D4D51BF207A4FBF029F4DBF16
:10088000F8BB4BBF12D149BF65DE47BF03E445BF8C
:1008900001E243BF70D841BF67C73FBFF9AE3DBF5C
:1008A0003B8F3BBF426839BF233A37BFF30435BFA4
:1008B000C9C832BFBB8530BFDE3B2EBF4AEB2BBF62
:1008C000159429BF563627BF25D224BF996722BF6A
:1008D000CBF61FBFD17F1DBFC6021BBFC07F18BF95
:1008E000D9F615BF2A6813BFCDD310BFDA390EBFB2
:1008F0006B9A0BBF9BF508BF824B06BF3D9C03BFA5
:10090000E4E700BF275DFCBECBE0F6BEEA5AF1BECD
:10091000BBCBEBBE7533E6BE4F92E0BE80E8DABEDD
:100920004136D5BECA7BCFBE53B9C9BE15EFC3BED3
:10093000491DBEBE2A44B8BEEF63B2BED47CACBE75
:10094000128FA6BEE59AA0BE86A09ABE32A094BE23
:10095000229A8EBE938E88BEC07D82BECCCF78BEDA
:100960007F9A6CBE135C60BE011554BEC2C547BE03
:10097000CF6E3BBEA2102FBEB5AB22BE834016BECB
:1009800087CF09BE73B2FABD2FBCE1BD36BDC8BD6D
:1009900080B6AFBD04A996BD752B7BBD2EFB48BDAF
:1009A0002BC316BDB10AC9BC920E49BC0000008021
:1009B000000000000000000001020304060708090F
:1009C00000000000010203047D04017C000240AB32
:1009D000034101055308065804070F000810810958
:1009E00011000A15800B16000C18010D005EBCE208
:1009F000613FDD83C29C7E20A3FD1F419DC3217FFB
:100A0000FCA2401E5F01E3BD3E6082DC237D9FC1EE
:100A1000421CFEA0E1BF5D0380DE3C62BEE0025CE2
:100A2000DF81633D7C22C09E1D43A1FF4618FAA4CE
:100A300027799BC584DA3866E5BB5907DB856739BA
:100A4000BAE406581947A5FB7826C49A653BD987AE
:100A5000045AB8E6A7F91B45C6987A24F8A6441AA2
:100A600099C7257B3A6486D85B05E7B98CD2306E8E
:100A7000EDB3510F4E10F2AC2F7193CD114FADF37A
:100A8000702ECC92D38D6F31B2EC0E50AFF1134D6E
:100A9000CE90722C6D33D18F0C52B0EE326C8ED062
:100AA000530DEFB1F0AE4C1291CF2D73CA9476284E
:100AB000ABF517490856B4EA6937D58B5709EBB53A
:100AC00036688AD495CB2977F4AA4816E9B7550B2E
:100AD00088D6346A2B7597C94A14F6A8742AC89622
:100AE000154BA9F7B6E80A54D7896B350000803F4B
:100AF00000000000000000000000000000000000F6
:100B000000000000000000000000803F0000000026
:100B100000000000000000000000000000000000D5
:100B2000000000000000803F000000000000000006
:100B300000000000000000000000000000000000B5
:100B40000000803F000000000000000000000000E6
:100B50000000000000000000000000000000803FD6
:100B60000000000000000000000000000000000085
:100B700000000000000000000000803FD40B0108CE
:100B80000000000000000000000000000000000065
:100B9000001000001800000000000000000000002D
:100BA000DC0B010800000000000000000000000055
:100BB000000000000020000008000000000000000D
:100BC000000000000000803F000000000000000066
:100BD00000000000494E535461736B00496E697404
:100BE0005F5461736B000000891112239B3224460D
:100BF000AD573665BF74488CC19D5AAFD3BE6CCA21
:100C0000E5DB7EE9F7F88110080193331A22A55637
:100C10002C47B7753E64C99C408DDBBF52AEEDDA00
:100C200064CBFFF976E802218B3010029913266716
:100C3000AF763444BD554AADC3BC588ED19F6EEBE0
:100C4000E7FA7CC8F5D983310A2091121803A777F7
:100C50002E66B5543C45CBBD42ACD99E508FEFFBC0
:100C600066EAFDD874C904428D5316619F70200452
:100C7000A9153227BB364CCEC5DF5EEDD7FC6888A0
:100C8000E1997AABF3BA85520C4397711E60A114B7
:100C90002805B3373A26CDDE44CFDFFD56ECE99880
:100CA0006089FBBB72AA06638F7214409D51222596
:100CB000AB343006B9174EEFC7FE5CCCD5DD6AA960
:100CC000E3B8788AF19B87730E6295501C41A33577
:100CD0002A24B1163807CFFF46EEDDDC54CDEBB940
:100CE00062A8F99A708B088481951AA793B62CC2D2
:100CF000A5D33EE1B7F04008C919522BDB3A644E48
:100D0000ED5F766DFF7C899400859BB712A6ADD20E
:100D100024C3BFF136E0C1184809D33B5A2AE55E27
:100D20006C4FF77D7E6C0AA583B4188691972EE3ED
:100D3000A7F23CC0B5D14229CB38500AD91B666F07
:100D4000EF7E744CFD5D8BB502A499961087AFF3CE
:100D500026E2BDD034C1C3394A28D11A580BE77FE7
:100D60006E6EF55C7C4D0CC685D71EE597F4288029
:100D7000A1913AA3B3B2444ACD5B5669DF78600CC7
:100D8000E91D722FFB3E8DD604C79FF516E4A9908E
:100D90002081BBB332A2C55A4C4BD7795E68E11CA7
:100DA000680DF33F7A2E0EE787F61CC495D52AA16D
:100DB000A3B03882B193466BCF7A5448DD59622D87
:100DC000EB3C700EF91F8FF706E69DD414C5ABB14E
:100DD00022A0B9923083C77B4E6AD5585C49E33D67
:100DE0006A2CF11E780F0000100E01080000002090
:100DF00000060000DC120008380F01080006002081
:100E0000781E0100E400010855C2FFFF0000000049
:100E1000C1400B3333EB3A58A08B3AFFFF03127AF1
:100E200044158046D1B3140809B41B0819041A45A7
:100E3000041A75041AAD141AE1041108081250C3FB
:100E400047CDCCCC3D0409531C110B1AC8421C5988
:100E5000B4CA3F049320410419409C454A0402E36C
:100E60000202125AD911D15480BFA52B4842083230
:100E700005292E290402FF0401FF01FF013204218C
:100E80005A1F016DA55A05030B21937041041A40A6
:100E90009C450925281324F41315B014086DAE14CD
:100EA0000871B142081AC90C13BDAD1B083108C145
:100EB0001369AF1B0815041AC1041A0504140902AA
:100EC0004313020125C03209041B01020B13052440
:100ED000161001052401100901042402020524064C
:100EE00017010705820308151009040133020A2EB1
:100EF0000705010240072A810711130A062A02A2E8
:100F000032011A12231302021E4083044057591B58
:100F10000203151B71169C19041A69041A9D041A00
:100F2000B9040718040309041A032B01084C198497
:080F30001132101AAA01291068
:040000050800018965
:00000001FF
