:020000040800F2
:10000000882A0120A1010008399200080D6E00081D
:100010009D8F00084116000839CF0008000000003D
:1000200000000000000000000000000051A00008D7
:100030007928000800000000119B0008C5A80008EE
:10004000BB010008BB010008BB010008BB010008A0
:10005000BB010008BB010008BB010008BB01000890
:10006000BB010008D9280008E5280008BB010008EA
:1000700041250008BB010008BB010008BB010008C6
:10008000BB010008BB010008BB010008BB01000860
:1000900045160008BB010008BB010008F128000854
:1000A000BB010008BB010008BB010008BB01000840
:1000B00099A90008A9A90008BB010008BB01000814
:1000C000BB010008BB010008BB010008BB01000820
:1000D000BB01000859B20008BB01000869B2000862
:1000E000BB010008BB010008BB010008BB01000800
:1000F000BB010008BB010008BB010008BB010008F0
:10010000BB010008BB010008BB010008BB010008DF
:10011000BB010008BB010008BB010008BB010008CF
:10012000BB01000851250008BB010008BB01000805
:10013000BB010008BB010008BB010008BB010008AF
:10014000BB01000855160008BB0100088D9400088B
:1001500061250008BB0100087125000829B30008CB
:10016000BB010008BB010008BB010008BB0100087F
:10017000BB010008BB010008BB0100080000000033
:10018000E96C0008BB010008DFF810D001F094F81A
:1001900000F0CCFD0048004765DE0008882A0120F9
:1001A0000648804706480047FEE7FEE7FEE7FEE711
:1001B000FEE7FEE7FEE7FEE7FEE7FEE785A90008AB
:1001C000890100089FED1A1AF5EE000A40EE010AB7
:1001D000BDEEE00AF5EEC00A10EE100AF1EE10FADC
:1001E00038BF401E00EE100A1349F7EE001AB8EEB1
:1001F000C00A30EEC00ADFED0F0A20EE200AFCEE46
:10020000C00A10EE900AC0F3080000EE900A01EB5D
:100210008000F8EE600A90ED011A70EE600A90ED31
:10022000000A71EEE01A21EE800A00EE810A7047A2
:1002300083F9223E0000004404100108B5EEC00A14
:10024000F1EE10FA07D2DFED1E0AB4EEE00AF1EE8D
:1002500010FAA8BF7047DFED1B0AB5EEC00A60EECA
:10026000200ABDEEE01A11EE100AF1EE10FA38BFC6
:10027000401E00EE100A1549F7EE001AB8EEC00A4B
:1002800030EEC00ADFED100A60EE200ABCEEE00A94
:1002900010EE100AC0F3080000EE100A01EB800017
:1002A000B8EE400A90ED011A70EEC00A90ED000A17
:1002B00071EEE01A21EE800A00EE810A704700001C
:1002C000CD024CB483F9223E000000440410010822
:1002D00070B405880E884468D1F804C05368B542EC
:1002E00008D140884988884201BF11888D425188D1
:1002F000884203D070BC6FF00200704705FB00F12C
:10030000880827D094ED001ADCED000A94ED010A6C
:10031000DCED011A31EE201AD4ED020A70EE211A3A
:100320009CED020A83ED001AC3ED011A94ED031A45
:10033000DCED031A30EE800A401E71EE210A83EDD7
:10034000020A04F11004C3ED030A03F110030CF1D7
:10035000100CD7D111F0030030D0B0F1004F30D2E3
:1003600000282BDD211F1B1FACF1040210F0010F30
:100370000AD091ED010AD2ED010A091D121D30EEDD
:10038000200A83ED010A1B1D400817D091ED010AD8
:10039000D2ED010A401E30EE200A83ED010A91EDF4
:1003A000020AD2ED020A01F1080102F1080230EE60
:1003B000200A83ED020A03F10803E7D170BC002094
:1003C0007047B4EC010A401EFCEC010A30EE200A32
:1003D000A3EC010AF5D1F1E7018042804360704748
:1003E0002DE9F34F84B0049840680090486801906C
:1003F0000498B0F800E04588DFEDFE0A0020029086
:10040000B0EE600AAE4506D108884988884204BF2C
:100410007146864504D06FF0020006B0BDE8F08F4B
:1004200001985FEA010C18BFB7EE001A3DD000BF7B
:10043000BEEB0C0117D0B1F1004F80F01F820029F4
:1004400011DD021F11F0010F1CBFC2ED010A121DC8
:100450004B1006D0C2ED010AC2ED020A08325B1E43
:10046000F8D100EB8100BCF10102A0EC011A19D017
:10047000B2F1004F80F00882002A13DD031F12F052
:10048000010F1CBFC3ED010A1B1D511008D000BF96
:10049000C3ED010AC3ED020A491E03F10803F7D1B7
:1004A00000EB8200BCF1010CC2D14FF000080395B3
:1004B000002D14BFB0EE602A002000F0BF8100BF05
:1004C000009908FB05F001EB800B0199DBED002A98
:1004D00001EB80000346F0EE421AC64552D9AEEB5E
:1004E0000802ABEB850112F0010F17D001EB85017B
:1004F00091ED000AB5EEC00AF1EE10FA07DDB4EE98
:10050000E10AF1EE10FA09DDF0EE401A06E0B1EE74
:10051000400AF4EEC01AF1EE10FAF5D3521031D0C1
:1005200001EB850C9CED000AB5EEC00AF1EE10FA65
:1005300005DDB4EEE10AF1EE10FA09DD06E0B1EEF8
:10054000400AF4EEC01AF1EE10FA01D2F0EE401AB1
:1005500001EBC50191ED000AB5EEC00AF1EE10FA0B
:1005600005DDB4EEE10AF1EE10FA09DD06E0B1EEC8
:10057000400AF4EEC01AF1EE10FA01D2F0EE401A81
:10058000521ECDD1F5EEC01AF1EE10FA00F07381D3
:10059000F5EEC02A0126F1EE10FA0099D4BFB1EEB3
:1005A000620AB0EE620AB4EE610AF1EE10FA1CBF04
:1005B000AEEB0802B2F1010C47D005FB08F201EBEB
:1005C000820292ED001A00BFB0EE410A05FB06F46C
:1005D000B5EEC00A00EB8404F1EE10FACCBFF0EEE9
:1005E000400AF1EE400AF4EE610AF1EE10FA28D169
:1005F000B5EB080C11D0BCF1004F7DD2BCF1000F5F
:100600000BDD00BF92ED000AD1ED000ABCF1010C38
:10061000E2EC010AA1EC010AF4D129000ED0B1F1FB
:10062000004F6AD2002909DD94ED000AD0ED000ADE
:10063000491EE4EC010AA0EC010AF5D10120029068
:100640000BE0761CBCF1010CBED10298012804D04D
:10065000F5EEC02AF1EE10FA7ED09BED000AB5EB64
:1006600008009A465946064622D0B0F1004F74D28F
:1006700000281DDD091F10F0010F06D0F0EE400A22
:1006800080EEA01A81ED011A091D401010D000BFA4
:10069000D1ED010A401E80EE801A81ED011A91ED24
:1006A000021AC1EE000AC1ED020A01F10801EFD100
:1006B000280026D0B0F1004F7ED2002821DDAAF11B
:1006C000040110F0010F06D0D1ED010A80EE801A6E
:1006D00081ED011A091D401013D000BFD1ED010AB0
:1006E000401E80EE801A81ED011AD1ED020A80EEE3
:1006F000801A81ED021A01E0CBE0D6E001F1080199
:10070000ECD1DDE900124FF000095FEA0E0773D06B
:10071000C14504BF01EB860102EB850274D091ED67
:10072000000ADC465046331E35D01C46B6F1004F59
:100730007ED2002C2FDD0B1FABF1040C16F0010F45
:100740000FD0F0EE400ADCED011AB0EE601A00EEB8
:10075000E11A83ED011A01E08DE0B1E01B1D0CF1FF
:10076000040C741015D000BFD3ED010A9CED011AE2
:1007700040EE410AC3ED010AD3ED020A9CED021AD4
:100780000CF1080C40EE410AC3ED020A0833641E66
:10079000EAD101EB86012B0036D0B3F1004F72D2C3
:1007A000002B31DDA2F1040CAAF1040013F0010FBB
:1007B0000CD0DCED010A00E08BE090ED011A001D89
:1007C00040EE410ACCED010A0CF1040C5C1019D08A
:1007D000DCED010A90ED011A40EE410ACCED010A70
:1007E000DCED020A90ED021A083040EE410ACCED31
:1007F000020A03E0000000000DE005E0641E0CF1B9
:10080000080CE5D102EB830201EB88017F1E09F1A0
:1008100001097FF47DAF009808F10108001D0090E8
:100820000398401E03907FF44BAE0299012900E02B
:1008300058E004BF06B0BDE8F08F00BFB5EEC00AB7
:10084000F1EE10FA7FF4E9AD04990EFB05F3002BED
:100850004A684FF000010BD902EB810C9CED000AB5
:10086000B5EEC00AF1EE10FA02D1491C8B42F3D862
:100870008B427FF4D2AD6FF00400CEE5E0EC010ACC
:10088000491EFBD1EFE538E0E0EC010A521EFBD136
:1008900008E692ED000AD1ED000ABCF1010CE2EC91
:1008A000010AA1EC010AF4D1B7E694ED000AD0EDFB
:1008B000000A491EE4EC010AA0EC010AF5D1BDE6EC
:1008C000D1ED000A401E80EE801AA1EC011AF7D18A
:1008D000EEE6D3ED000A401E80EE801AA3EC011A6A
:1008E000F7D10EE7BCEC011AD1ED000A5B1E40EE19
:1008F000410AE1EC010AF5D14DE7B0EC011AD2ED65
:10090000000A5B1E40EE410AE2EC010AF5D17BE7EA
:100910002DE9F04F82B046685368019305884788F7
:100920004B88002000900888874201BFB2F800C0C1
:100930006545528893421EBF6FF0020002B0BDE8C9
:10094000F08F9FED412A4FEA970EC7F3400B00BF8F
:10095000DDE9000202EB800A4A6898464FF0000980
:10096000B0EE420AB4465FEA0E0025D092ED001ABE
:10097000DCED001A02EB8302DCED010A01EE810AD4
:1009800092ED001A02EB8302401ED2ED001A02EB38
:10099000830200EE810A9CED021ADCED030A0004DA
:1009A0000CF1100C000C01EE210A92ED001A02EB82
:1009B000830200EE810AD9D117F0030026D0ACF1F2
:1009C0000404A2EB830210F0010F08D002EB8302B3
:1009D000D4ED010A92ED001A241D00EE810A5FEAAF
:1009E0000B0013D002EB830CD4ED010A9CED001A2E
:1009F00002EBC302401E00EE810AD4ED020A92ED22
:100A0000001A04F1080400EE810AEBD109F101009B
:100A1000AAEC010A1FFA80F9486800EB8902A8F1E4
:100A200001001FFA80F8B8F1000F99D1009806EB89
:100A30008706184480B20090681E05042D0C87D1EB
:100A400002B00020BDE8F08F0000000070B40588FF
:100A50000E884468D1F804C05368B54208D1408874
:100A60004988884201BF11888D425188884203D04D
:100A700070BC6FF00200704705FB00F1880827D0BA
:100A800094ED001ADCED000A94ED010ADCED011A88
:100A900031EE601AD4ED020A70EE611A9CED020A82
:100AA00083ED001AC3ED011A94ED031ADCED031A6D
:100AB00030EEC00A401E71EE610A83ED020A04F1B5
:100AC0001004C3ED030A03F110030CF1100CD7D18D
:100AD00011F0030030D0B0F1004F30D200282BDDF0
:100AE000211F1B1FACF1040210F0010F0AD091ED81
:100AF000010AD2ED010A091D121D30EE600A83EDD4
:100B0000010A1B1D400817D091ED010AD2ED010A20
:100B1000401E30EE600A83ED010A91ED020AD2ED2B
:100B2000020A01F1080102F1080230EE600A83EDC9
:100B3000020A03F10803E7D170BC00207047B4EC4F
:100B4000010A401EFCEC010A30EE600AA3EC010A27
:100B5000F5D1F1E72DE9F04F02884768B0F802803F
:100B60004888D1F8049082B04FF0000A16468242BD
:100B700007BF098888456FF0020002B018BFBDE8C2
:100B8000F08F4FEA980B02EB42000190C8F340004F
:100B9000CDF8000009EB8A01BBF1000F33D00198BA
:100BA00001EB820C01EB80043B46E64601EBC205FB
:100BB0004FEA0B0093ED000A401E81ED000A93ED11
:100BC000010A01EB02118CED000A93ED020A0CEB15
:100BD000021C85ED000A93ED030A05EB021584ED76
:100BE000000A04EB021403F11003E3D10EEB8200C0
:100BF00000EB820000EB8201ABF10100504307EBF8
:100C00000B1701EB001118F0030C21D03B1FA1EBD7
:100C100082011CF0010F06D093ED010A01EB820165
:100C20001B1D81ED000A009880B100BF93ED010A01
:100C300001EB820401EBC20184ED000A93ED020A8C
:100C4000401E81ED000A03F10803EFD107EB8C078A
:100C50000AF101001FFA80FA701E0604360C99D1C1
:100C600002B00020BDE8F08F2DE9F05F05460020BE
:100C700092469B4688460646814640241BE028460D
:100C800041464746224600F061FA53465A46C01A8A
:100C9000914110D311461846224600F048FA2D1A09
:100CA00067EB01084F4622460120002100F03FFA81
:100CB00017EB00094E41201EA4F10104DFDC484679
:100CC00031462A464346BDE8F09F40EA01039B07B0
:100CD00003D009E008C9121F08C0042AFAD203E0B1
:100CE00011F8013B00F8013B521EF9D27047D2B215
:100CF00001E000F8012B491EFBD270470022F6E705
:100D000010B513460A4604461946FFF7F0FF204681
:100D100010BD30B504460020034600E05B1C934242
:100D200003D2E05CCD5C401BF8D030BD70B5054C03
:100D3000054D04E02046016808448047241DAC426C
:100D4000F8D170BD881D01088C1D01082DE9FE4FEA
:100D5000804681EA0300C00F0C46009021F000415C
:100D600023F00045B8EB0200A94105D240462146D8
:100D700090461C460B46024623F00040104347D0E5
:100D8000270DC7F30A00C3F30A510290401A0190DD
:100D900040286BDAC3F3130040F4801B009892469E
:100DA00020B10023D2EB030A63EB0B0B01985946E9
:100DB000C0F14002504600F0BAF906460D465046D2
:100DC0005946019A00F0D2F910EB08006141002465
:100DD00087EA115284EAE7731A4340D0009A62B35B
:100DE000019A012A4FEA075215DC001B61EB020150
:100DF0004FF0004202EA0752CDE90042001C41F5E3
:100E0000801132462B4600F009FA03B0BDE8F08F9E
:100E100040462146F9E7001B61EB0201001C41F549
:100E2000801300185B412018A2F5001747EB03015F
:100E300040EAD570B6196D4111E06D084FEA3606EB
:100E400045EAC0754FEA0752001B61EB0201001C26
:100E500041F5801149084FEA3000001951413246EE
:100E60002B4603B0BDE8F04F00F0C9B9009801224D
:100E700040000023D0EB020263EBE07300982146B0
:100E80004FEAE074B8EB000061EB0401E9E783F09E
:100E900000435BE781F0004158E72DE9FE4F81EA0E
:100EA000030404F0004421F0004100944FF0000BD3
:100EB00023F0004350EA01045ED052EA03045BD001
:100EC000C3F30A54C1F30A552C44A4F2F334019439
:100ED000A0FB0254C1F3130141F48011C3F31303C7
:100EE00043F4801301FB024400FB034E840A970A7B
:100EF00044EA815447EA8357A4FB076802958D0AA8
:100F000005FB07854FEA932C04FB0C542705029D33
:100F10004FEA065847EA1637B5EB08056EEB070CA3
:100F2000870E920E47EA811742EA8312A7FB02015D
:100F3000B6EB0B0164EB00042B0D43EA0C335E1897
:100F400044EB1C50DA465146E7FB0201C5F313049B
:100F50004FEA0B3343EA14534FEA0432019C43EA4D
:100F60000603A4F10C040294009CCDE900B400F047
:100F700055F903B0BDE8F08F00200146F9E72DE9EF
:100F8000F04D81EA030404F0004B21F000451446C3
:100F90004FF0000A23F0004150EA050220D054EA45
:100FA00001021DD0C5F30A570246C5F31303C1F36E
:100FB0001300C1F30A5640F4801543F48013A7EBE5
:100FC0000608101BD64608F2FD3873EB050002D365
:100FD00008F1010801E092185B41B8F1000F03DA53
:100FE00000200146BDE8F08D00204FF48011064638
:100FF00084460EE0171B73EB050705D3121B63EB4A
:10100000050306434CEA010C49084FEA30009218E8
:101010005B4150EA0107EDD152EA030012D082EAA7
:10102000040083EA0501084305D0101BAB4106D23A
:101030000122002306E000224FF0004302E06FF09F
:10104000010253101AEB06004CEB085110EB0A009A
:1010500041EB0B01BDE8F04D00F0D1B830B40446CF
:1010600096230800214604D0B62330BC002200F0AD
:1010700098B820460021F8E70EB540F233410291BE
:101080000021CDE900110A460B4600F0C7F803B075
:1010900000BD70B5C1F30A5201F000450024C1F350
:1010A000130140F2FF3341F480119A4201DA00202B
:1010B00070BD40F233439A42A2F2334203DC524203
:1010C00000F044F800E090402C43F1D0404270BD65
:1010D00000F0004230F000400AD0C10D01F560710F
:1010E000C0F3160042EA0151C2084007114370479D
:1010F00000200146704701F0004330B421F0004168
:1011000050EA010206D00A0DA2F56072C1F3130184
:10111000002A02DC30BC00207047440F44EAC104BE
:10112000C100E01830BC00EBC25000F031B8202AFA
:1011300004DB203A00FA02F1002070479140C2F12E
:10114000200320FA03F3194390407047202A04DB60
:10115000203A21FA02F00021704721FA02F3D04030
:10116000C2F120029140084319467047202A06DB4D
:10117000CB17203A41FA02F043EAE07306E041FA65
:1011800002F3D040C2F12002914008431946704753
:101190000029A8BF7047401C490008BF20F001008B
:1011A000704710B4B0FA80FC00FA0CF050EA010469
:1011B00004BF10BC704749B1CCF1200421FA04F4FB
:1011C00011FA0CF118BF012121430843A3EB0C01D4
:1011D000CB1D4FEA00614FEA102042BF002010BC37
:1011E000704700EBC35010440029A4BF10BC7047E7
:1011F000401C490008BF20F0010010BC704710B52A
:10120000141E73F1000408DA401C41F10001921829
:101210005B411A4301D120F0010010BD2DE9F04DD2
:1012200092469B4611B1B1FA81F202E0B0FA80F227
:1012300020329046FFF77BFF04460F4640EA0A0043
:1012400041EA0B0153465A46084313D0114653EA6C
:10125000010019D0C8F140025046FFF777FF05465C
:101260000E46504659464246FFF761FF084305D0F7
:10127000012004E020463946BDE8F08D00200543FA
:1012800046EAE0762C4337430A986305E40AA0EB6C
:1012900008000022FD0A44EA47540A3002D5002023
:1012A0000146E9E7010510196941DDE90845001922
:1012B0006941BDE8F04DA2E7064C074D06E0E06845
:1012C00040F0010394E8070098471034AC42F6D38D
:1012D000FEF75EFF681D0108881D01080EB5C10FED
:1012E00080EAE0700844CA07002140F233438DE8E9
:1012F0000E000A460B46FFF791FF03B000BD70B524
:101300008C1810F8015B15F0070301D110F8013BB0
:101310002A1106D110F8012B03E010F8016B01F837
:10132000016B5B1EF9D12B0705D40023521E0DD48F
:1013300001F8013BFAE710F8013BCB1A921C03E0DD
:1013400013F8015B01F8015B521EF9D5A142D8D315
:10135000002070BD70B50C4640F2D46142F6B47501
:10136000C2F20001C2F20005002608602E700CF0E7
:1013700099F92978084328700CF04AFA297840EA4C
:10138000010028701CB100F0C3F9287870BD40F24C
:101390008C6043F6AC0142F27123C2F20000C3F646
:1013A0002231C3F6807341F2B06247F2B07E49F653
:1013B0002A044CF6923CC0E908310021C3F6CE1253
:1013C000C3F64C6EC3F69354C4F21C1CC4F2202125
:1013D000C0E90A22C0E90CE4C0E90E6C81612878FA
:1013E00070BD000080B50020C4F20200102101226F
:1013F00003F050F980BD000080B50020C4F2020067
:101400001021002203F046F980BD000080B540F2B3
:101410000040C4F202000121012203F03BF980BD2B
:1014200080B540F20040C4F202000121002203F026
:1014300031F980BD70B50446FFF7DEFF922000F061
:10144000DDF840F2CC65C2F20005122029460622E2
:1014500000F0B0F8FFF7C6FFB5F9000094ED082AD8
:1014600000EE100A40F20C00C2F2000090ED001AEB
:10147000B8EEC00A21EE000A22EE000A84ED000A4E
:10148000B5F9021090ED001A00EE101AB8EEC00A7D
:1014900021EE000A22EE000A84ED010AB5F90400EB
:1014A00000EE100AB8EEC00A21EE000A22EE000A91
:1014B00084ED020AFFF7B4FF002029460822002627
:1014C00000F078F8FFF7A2FF28780F284AD1B5F985
:1014D000021040F2726000EE101A40F21001C2F2E7
:1014E0000000C2F200010078B8EEC01A91ED000AC7
:1014F00020EE011A00B394ED092AB5F90400B5F9FC
:10150000061031EE421A02EE100A94ED0A3AB8EED5
:10151000C22A84ED031A01EE101A94ED0B4A20EE54
:10152000022AB8EEC11A32EE432A20EE010A84EDF7
:10153000042A30EE440A13E0B5F90400B5F90610A8
:1015400002EE100A84ED031A01EE101AB8EEC22A58
:10155000B8EEC11A20EE022A20EE010A84ED042A18
:1015600084ED050AFFF748FFA22000F047F822208B
:101570002946022200F01EF8FFF734FF2878697828
:10158000C00040EA51104FF60001CFF6FF71B6EBF4
:10159000902F18BF084300EE100AB8EEC00AB4EE50
:1015A000001A20EE010AB3EE071A30EE010A84EDAC
:1015B000070A70BDB0B540F0800014460D4600F03B
:1015C0001DF8002C08BFB0BD013D00BF552000F044
:1015D00015F8013C210605F8010FF7D1B0BD000058
:1015E00080B540F0800000F009F8552000F006F8C2
:1015F00044F23021C2F20001087080BD80B582B093
:1016000040F2D461C2F200010B688DF807004FF47C
:101610007A7C0DF107010DF1060218460123CDF881
:1016200000C004F0CBFA9DF8060002B080BD0000B7
:1016300010B50C46FFF7E2FF2046FFF7DFFF10BDB5
:10164000FEE7000080B543F2A820C2F2000002F0DD
:101650002FFA80BD80B543F2D020C2F2000002F024
:1016600027FA80BD80B588B0029100210823CDE91A
:101670000311059106938DF81C10019102A901AB8D
:1016800002F0C8F808B080BD002070470020704705
:1016900010B542F6CC74C2F2000442F20C61C2F200
:1016A0000001204600220AF011F841F60C61C2F256
:1016B0000001204609F0FCFF002010BD10B542F6E5
:1016C000CC74C2F200040146204609F0F1FF204626
:1016D00009F0C8FF002010BD0020704710B542F689
:1016E000CC72C2F20002D2F8BC22D2F81432002B23
:1016F0001CBF012010BD42F6CC74C2F200040A46A1
:101700000146204609F0E2FF20460AF07DF810BDB0
:101710002DE9F04F81B02DED108B88B00020CDE980
:10172000060000F0F3FF40F24074C2F2000484EDC2
:10173000000A00F0EBFF94ED001AB2EE08BA30EEAA
:10174000410AB4EE4B0A40F28C66F1EE10FAC2F296
:10175000000621DD43F6AC0041F2B061C3F6223051
:10176000C3F6CE11C6E909014CF69230C4F21C1042
:10177000F0630020C4F22020F162B06196ED0F0A00
:101780009FEDAB1A81EE000A86ED080A08B0BDECA9
:10179000108B01B0BDE8F08F9FEDEDCA03AD6F4631
:1017A0009FEDEC8A42F6C0789FEDEDEADFEDED9A11
:1017B000DFEDE9AADFEDECBA9FEDE89AA5F1040AA6
:1017C000A7F1040B06ACC2F20008B6EE00DAB4EEE4
:1017D00000FAF3EE078AF0EE4CCA0EE000F096FF36
:1017E00040F24070C2F2000090ED001A30EE410A63
:1017F000B4EE4B0AF1EE10FAACDCB0EE480A00F0A1
:1018000043FF4FF00009C6F83C90C6E90999C6F8B5
:101810002C9000BFFFF7F0FD9220FFF7EFFE1220A3
:1018200021460622FFF7C6FEFFF7DCFDBDF91800D2
:10183000BDF91A1000EE100A40F20C00C2F20000CE
:1018400090ED001AB8EEC00ABDF91C2021EE002A66
:1018500000EE101AB8EEC00A21EE003A00EE102A8F
:10186000B8EEC00A21EE001A22EE020A23EE034A65
:1018700030EE040A21EE014A30EE040AB1EEC0AAAD
:1018800086ED002A86ED013A86ED021AB4EE4AAAE8
:10189000F1EE10FA80F1C78096ED0F0A3AEE000AD9
:1018A00086ED0F0AFFF7BCFD002021460822FFF756
:1018B00081FEFFF7ABFD9DF818000F2835D1BDF96B
:1018C0001A00BDF91C1000EE100A40F21000C2F21E
:1018D000000090ED001AB8EEC00A96ED092A21EE3C
:1018E000000A86ED030A32EE000A02EE101ABDF974
:1018F0001E2096ED0A3AB8EEC22A21EE022A86EDA3
:10190000042A33EE022A03EE102A96ED0B4AB8EEB3
:10191000C33A21EE031A86ED051A34EE011A86ED5C
:10192000090A86ED0A2A86ED0B1AB9F1000F2BD0B1
:10193000002000BF311891ED030A291891ED001A1B
:10194000B4EE410AF1EE10FAC8BF81ED000A391871
:1019500091ED001A0430B4EE410AF1EE10FAB8BF6E
:1019600081ED000A0C28E5D1B4EE6CAAF1EE10FA74
:10197000B4EE4CAAC8BFF0EE4ACAF1EE10FAB8BFF6
:10198000B0EE4ACA0DE000BF7169D6E90302F0EE7D
:101990004ACACDE90421CDE90002CDE90210B0EE3A
:1019A0004ACA42F6B8703CEECC0AC2F2000080EDA2
:1019B000000A6FF003005946524600BF92ED011A2B
:1019C00091ED012A08EB000304300432043131EEBA
:1019D000421A082883ED011AF0D1B4EE4D0AF1EE57
:1019E00010FA27DC98ED000AB4EE6A0AF1EE10FA5C
:1019F00020DC98ED010AB4EE6A0AF1EE10FA19DC67
:101A000098ED020AB4EE6A0AF1EE10FA12DCB0EEBA
:101A1000490A00F039FE41F26F70814509F1010970
:101A2000FFF4F8AE06E00EF02BFEB0EE40AA33E76E
:101A3000C3F51C4196ED0F0A202080EE0E0A86EDBC
:101A40000F0A00BF311891ED010A043080EE0E0A32
:101A50002C2881ED010AF5D1FFF7CEFCA220FFF77B
:101A6000CDFD222021460222FFF7A4FDFFF7BAFC9C
:101A70009DF818009DF81910C00040EA511000218F
:101A8000B1EB902F4FF60001CFF6FF7118BF08435E
:101A900000EE100AB8EEC00A20EE0F0A42F6B87146
:101AA00030EE280A42F6A872C2F2000186ED060A5C
:101AB000C2F2000291ED000A1088B4EE4D0A013026
:101AC000F1EE10FA10803FF789AE98ED020AB4EEFD
:101AD0006A0AF1EE10FA3FF781AE98ED010AB4EE12
:101AE0006A0AF1EE10FA3FF779AE98ED000AB4EE0B
:101AF0006A0AF1EE10FA3FF771AE96ED0F0A30EE7A
:101B0000290AB0EEC00AB4EE4D0AF1EE10FA3FF722
:101B100065AE96ED090AB0EEC00AB4EE6B0AF1EEBE
:101B200010FA3FF75BAE96ED0A0AB0EEC00AB4EECB
:101B30006B0AF1EE10FA3FF751AE96ED0B0AB0EEDC
:101B4000C00AB4EE6B0AF1EE10FA3FF747AE15E6A5
:101B5000000000000AD7A33B9A99193E6F12033A7E
:101B60000080BB45CDCC1CC10AD7233C80B58AB0D0
:101B700001220792026846F20043C4F200030021EA
:101B80009A424FF00E030691CDE90011CDE9021102
:101B9000099308D046F60001C4F200018A4205D13B
:101BA00001220E2100E00022CDE90421012108914B
:101BB000694601F079FE0AB080BD000080B540F6AC
:101BC0007400C2F20000007B01280AD142F60C60CA
:101BD000C2F200000078022806D040B900F00AFAEC
:101BE00080BD00F0EBF980BD00F0F6FB80BD00F099
:101BF00045FC80BD80B540F66800C2F20000018857
:101C000044F27A22C2F200021180D0F802108079E8
:101C1000C2F80210907140F22070C2F20000007809
:101C200000210328D17131D8DFE800F0020B1D2715
:101C300041F2A830C2F20000417801F0E1014170A8
:101C400024E042F60C60C2F20000017859B3022988
:101C50001CD141F2A830C2F20000417801F0E1014C
:101C60000831417012E041F2A830C2F20000417820
:101C700001F0E1010231417008E041F2A830C2F206
:101C80000000417801F0E1010431417043F2D020BD
:101C900044F27A22C2F20000C2F200024FF48871CC
:101CA000FFF7E0FC80BD90F87A1040F2547EC2F25B
:101CB000000EC1B19EF800209AB941F2A83CC2F2D0
:101CC000000C9CF80130062003F01E0203F0E10333
:101CD000062A08BF082018448CF8010001208EF85D
:101CE00000000029D2D141F2A831C2F200014A78A5
:101CF00002F01E0006281EBF02F0E1000830487006
:101D000000208EF80000C1E780B52DED068B41F272
:101D10004250C2F200004FF4AB619FED1E9A9FED5E
:101D20001EAA018040F27070B1EE048AC2F2000077
:101D3000B7EE001A4FF4FA51B0EE480AF0EE490A35
:101D4000F0EE491AB0EE492AF0EE492AB0EE4A3ACE
:101D500007F0CCFE40F2E870C2F20000B0EE001ACC
:101D60004FF4FA51B0EE480AF0EE490AF0EE491A83
:101D7000B0EE492AF0EE492AB0EE4A3A07F0B6FE34
:101D800040F22070C2F2000001210170BDEC068B10
:101D900080BD00BF000000006F12833A0000000009
:101DA0002DE9F0412DED028B40F22077C2F20007C1
:101DB000387803280CD8DFE800F0025B0F2C40F6DF
:101DC0006800C2F200000021818001600121817160
:101DD000BDEC028BBDE8F08142F60C60C2F200005F
:101DE00090ED050A9FED731A40F668049FED722A84
:101DF000C2F2000420EE010AB4F9040020EE020A47
:101E0000BDEEC00A01EE100AB8EE400AF8EEC10AB3
:101E100021E042F60C60C2F2000090ED010AB5EE3E
:101E2000400AF1EE10FAD3D190ED020AB5EE400A65
:101E3000F1EE10FACCD190F878000028C8D140F625
:101E40006804C2F20004B4F9040000EE100AF8EECF
:101E5000C00A9FED570AB2EE0E1A07F0BBFEBDEEA8
:101E6000C00A10EE100AA080BDEC028BBDE8F08124
:101E700042F60C68C2F20008D8F80C00D8F86440AA
:101E8000FFF726F9054620460E46FFF721F99FED9C
:101E9000460B53EC102BFFF700F82A463346FEF7AB
:101EA00055FFFFF728F940F6A806C2F2000640F2F7
:101EB00018043188C2F20004E060A1F6595080B2E3
:101EC00040F6FF720023904240F6FE7238BF0123B5
:101ED000904241F2405041F25855C2F2000088BF92
:101EE0004FF4AB65037000EE101A084640F2A921CA
:101EF0007D80B8EE408A07F05DFE40F2707500EE1E
:101F0000100AC2F20005F8EEC00A2846B0EE480AF0
:101F100007F0BEFBB6F9020040F2E87600EE100AC8
:101F2000D5ED110AC2F20006B8EEC00A304607F03D
:101F3000AFFB95ED110A96ED111A204631EE408A5D
:101F400086ED118A00F064FD98ED051A9FED192ABF
:101F50009FED193A21EE021A38EE000A21EE031A1B
:101F600030EE010ABDEEC00A4CF2A52110EE100AB7
:101F7000CFF6FF718842C8BF014643F65B508142ED
:101F8000A8BF014641F2E040C2F20000007840F6EE
:101F90006802C2F20002002818BF00219180BDEC47
:101FA000028BBDE8F08100BF9A9999999999E93F10
:101FB0000058C4450000FA44DB0F494080B540F6A4
:101FC0006800C2F2000001220021827144F27A22EC
:101FD00081800160C2F200024FF48030506043F211
:101FE000D0201160C2F200004FF48871FFF73AFB75
:101FF00080BD000070B540F2207CC2F2000C9CF85D
:10200000000040F2567E002804BF02208CF8000039
:10201000C2F2000EBEF8000040F66801431CC2F296
:1020200000010020887142F60C61C2F2000191F8B3
:10203000754091F87420BFEE001A91F87760002C7B
:10204000B0EE412AB7EE003AAEF8003091F8765083
:102050009FED280A08BFB0EE402A002AB0EE434A9E
:1020600008BFB0EE424A002E08BFB0EE403A002D45
:1020700008BFB0EE431A91F87C4040F25572C2F2AC
:10208000000281ED011A81ED024A84B1157855B93B
:102090009CF800500326032D4FF0010508BF0226CF
:1020A0008CF800601570002C08BF107000E01070F4
:1020B00091F87D2041F2E040C2F200000AB10478BC
:1020C00054B172B99AB2B2F5FA7F0AD90278002AED
:1020D0001CBF0022027004E0012202700020AEF852
:1020E000000091F8790000281CBF01208CF8000046
:1020F00070BD00BF000000002DE9F04F81B02DED54
:10210000048B41F24050C2F20000007840F2607B44
:10211000C2F2000B20B1012814D141F2585101E064
:102120004FF4AB6140F6A802C2F2000212889FEDA4
:10213000A61A891A00EE101AB8EEC00A80EE010A3B
:102140008BED000A9BED000A9FEDA01A41F2AE3222
:1021500020EE010ABDEEC00A10EE101AC2F2000213
:1021600042F60C65D18041F2E871C2F20005C2F27C
:10217000000141F6585295F878600A8041F2F44126
:10218000C2F2000140F6585241F65834002E40F297
:102190005C7A40F2647940F266780A8008BF4FF4B6
:1021A0007A64C2F2000A0128C2F20009C2F20008F1
:1021B000AAF8004013D090BB95ED021A02EE104A27
:1021C000B8EE422A21EE421A95ED010ABDEEC11A7F
:1021D00011EE100AA9F8000020EE420A11E095ED78
:1021E000021A02EE104AB8EE422A95ED010A21EEDB
:1021F000021ABDEEC11A11EE100A20EE020AA9F869
:10220000000010EE100AFEF763FF9FED6B0B53EC1E
:10221000102BFEF742FEFEF73CFFA8F8000040F24C
:102220002077C2F20007387803285FD16EB995EDA8
:10223000010AB5EE400AF1EE10FA06D195ED020A58
:10224000B5EE400AF1EE10FA50D040F2687140F25B
:102250005876C2F200010120C2F2000696ED008A13
:1022600008702046FEF708FF9FED550B54EC105BFD
:102270002A462346FEF783FEFEF73DFF9FED549A64
:1022800001EE100AB0EE490AF0EE480A07F0A2FC8F
:1022900040F26870C2F2000086ED000A007840F655
:1022A0006806C2F200060028B6F904009FED498ACC
:1022B00018BFB0EE498A00EE100ABAF80000B8EE76
:1022C000C09AFEF7D9FE2A462346FEF758FEFEF7CF
:1022D00012FF01EE100AB0EE480AF0EE490A07F0CC
:1022E00079FCBDEEC00A10EE100AB08040F6740012
:1022F000C2F20000C178B9F9000001294CD1397847
:10230000032949D140429BED001A00EE100AB8EEB5
:10231000C08AB1EE410AFDF791FFB8F900009BEDCC
:10232000001A20EE088A00EE100AB8EEC09AB1EE4C
:10233000410AFDF747FF20EE090A38EE000AB9F915
:102340000010BDEEC00A9BED001A10EE100A40F618
:10235000680400EE101AC2F20004B8EEC08AB1EEB2
:10236000410A6080FDF72EFFB8F900009BED001ACE
:1023700020EE088A00EE100AB8EEC09AB1EE410ACB
:10238000FDF75CFF20EE090A38EE000ABDEEC00A38
:1023900010EE100A208008E040F66801B8F800202E
:1023A00080B2C2F2000108804A80BDEC048B01B00B
:1023B000BDE8F08F00BF00BF666666666666E63FF2
:1023C00000000000007087407BF4A24400007A44C3
:1023D000005044450000000040F22070C2F20000AE
:1023E00040F668010278C2F200010023002A8B71D6
:1023F00004BF0221017042F60C61C2F2000191EDAE
:10240000071AB7EE000AB4EE401A40F2E072F1EE9D
:1024100010FAC2F200020CD1137853B903784FF0CE
:10242000010C012B4FF0010308BF0223037082F857
:1024300000C0B5EE401AF1EE10FA04BF002313708D
:1024400091ED081A40F2E171B4EE401AF1EE10FA83
:10245000C2F2000109D10A783AB902780323032AAB
:1024600008BF0223037001200870B5EE401AF1EE98
:1024700010FA04BF002008707047000040F220707E
:10248000C2F200000021017070470000FFF73CFC21
:1024900040F65804C2F200040DF0AEFB2060FFF7D6
:1024A0008DFBFFF77DFCFFF727FEFFF7A3FB204620
:1024B00001210CF00DFDEFE710B50A8844F6D35E5C
:1024C00013BA4FEA134CA0F800C04A88C1F2620E5A
:1024D000D2BA52FB0EF2940904EBD27242808A887F
:1024E000D2BA52FB0EF2940904EBD27282808A793E
:1024F00082710289CC79C2EB134109B2B1F5805FD8
:10250000C47102DD4289013A428111F5805F02DA2D
:10251000418901314181B0F90A109FED081A0CEB95
:10252000413100EE101AB8EEC00A20EE010AC16077
:1025300080ED040AA0F808C010BD00BF0000343DC3
:1025400080B543F27840C2F2000001F051FE80BD38
:1025500080B543F2D840C2F2000001F049FE80BDD0
:1025600080B543F2B830C2F2000001F041FE80BDF8
:1025700080B543F21840C2F2000001F039FE80BD80
:10258000D0F800C06FF00F024AF6AB2352FA8CF27B
:10259000CAF6AA230146A2FB0330000905A31B5C6F
:1025A00040F2FF302CEA00005F2A88BF0430C1E906
:1025B0001603704700061016000610168269816A1D
:1025C000B2F5005F06D06AB9022912D0012914D0F1
:1025D000D1B90EE0032917D8DFE801F0020B020F92
:1025E0000120704703293CBF012070471CBF002019
:1025F0007047C06AC0F300607047C06AA0F1C07045
:10260000B0FA80F0400970470020704780B5D0F8DC
:1026100000C0D0F808E0DCF80000BEF1400F20F464
:102620008020CCF800000846CCF8043004BF1046E7
:102630000A46CCF80800CCF80C2080BD80B582B0EA
:1026400013685268009301926A46FFF70BF802B0D4
:1026500080BD000081B041F20400CEF200000068AD
:10266000009040F23870C2F2000000990268914276
:1026700006D240F23C71C2F200010A6801320A60DF
:102680000099016001B0704741F2040040F22472E9
:10269000CEF20000C2F20002016892ED001AB8EE1C
:1026A000411A21EE000A00BF0268521A01EE102AF8
:1026B000B8EE411AB4EE410AF1EE10FAF4DC7047BC
:1026C00080B52DED028B82B041F20401CEF2000103
:1026D0000968019101990268891A00EE101A40F206
:1026E0002471C2F2000191ED001A0199B8EE400A7E
:1026F000B8EE411A80EE018A0160FFF7ABFFB0EE41
:10270000480A02B0BDEC028B80BD000080B500F02D
:1027100065F841F6D800C2F20000818890ED000A09
:1027200001EE101A9FED0A2AB8EE411AC088B8EEE1
:10273000400A21EE021A31EE000A01EE100A9FED66
:10274000052AB8EE411A21EE021A30EE010A80BDC8
:102750006F12833ABD37863510B54EF6FC5CCEF26B
:10276000000CDCF8002044F24023C0F20F0342F0DA
:102770008072584344F6D353CCF8002041F2000253
:10278000C1F26203CEF200024FF0000CA0FB033E48
:10279000C2F804C04DF683611368C4F21B31A0FB7C
:1027A000011443F00101116040F22471C2F20001F2
:1027B000086040F228714FEA9E10C2F200010860E2
:1027C00040F22C71A00CC2F20001086040F23C7093
:1027D000C2F20000C0F800C010BD0000F0B581B02A
:1027E00041F20400CEF2000000680090FFF732FFD3
:1027F00040F23C70C2F200000068009C00254FF0DF
:10280000FF31E0FB014540F22471C2F2000140F2C9
:1028100030700E68C2F20000C0E90045204629462B
:1028200032460023FEF720FAA0FB062301FB063107
:10283000A41A8D4140F22871C2F2000141F6D80776
:102840000E68C2F20007386020462946324600234F
:10285000FEF70AFAB88080B240F22C717043C2F2DF
:102860000001201A0A6865F100010023FEF7FCF957
:10287000F88001B0F0BD00007047000041F64C0048
:10288000C2F20000017A31B3032941F6D401C2F249
:1028900000010FD141F2F052C2F20002B2F902205F
:1028A00002EBE23383EAE23292B2142A02D80A88B7
:1028B00001320A800A88322A03D3042301320372C8
:1028C0000A800A8840F227239A4238BF70470022C4
:1028D0000A8003210172704780B5082001F0FEFDD7
:1028E00080BD000080B5102001F0F8FD80BD000023
:1028F00080B5202001F0F2FD402001F0EFFD8020A6
:1029000001F0ECFD80BD000072B600BFFEE70000E4
:1029100080B5007A01380B2888BF80BDDFE800F061
:1029200006121E252C3D4D545B62697007F070F94C
:10293000013040F67400C2F200000CBF02210121F8
:10294000017080BD04F064FA013040F67400C2F2F8
:1029500000000CBF02210121417080BD40F67400CF
:10296000C2F200000121C17080BD40F67400C2F2C5
:1029700000000121817080BD41F67400C2F20000A8
:10298000283007F07DF9013040F67400C2F20000F3
:102990000CBF02210121C17180BD41F67400C2F259
:1029A000000007F06DF9013040F67400C2F200003B
:1029B0000CBF02210121817180BD40F67400C2F27A
:1029C00000000121017280BD40F67400C2F20000D7
:1029D0000121417280BD40F67400C2F20000012165
:1029E000817280BD40F67400C2F200000121C17204
:1029F00080BD40F67400C2F200000121017380BD69
:102A000040F67400C2F200000121017180BD000097
:102A100090ED032A90ED023A90ED000A90ED011A34
:102A200032EE433A22EE000A23EE011A30EE013A6A
:102A300090ED050A80ED043AB1EE401AB4EE413A49
:102A4000F1EE10FA80ED022AB8BF80ED041A90ED85
:102A5000041AB4EE401AF1EE10FAC8BF80ED040A71
:102A600090ED040A7047000080B500210160FFF777
:102A70004FFF80BDB0B547F61021C1F6FF71086861
:102A80008A68801808BFB0BD40F25865C2F20005E0
:102A90004C68A91C082205F057F905F112012046DF
:102AA000042205F051F9B0BD80B540F67400C2F2C1
:102AB0000000007B01280AD142F60C60C2F200003F
:102AC0000078022806D010B900F0C4FC80BD00F0E8
:102AD0005DFE80BD00F016FD80BD0000B0B52DED9F
:102AE0000A8B40F6E400C2F200000021017040F6BB
:102AF000E500C2F200000122027041F68C1040F69F
:102B0000D8249FEDD98AC2F20000C2F20004B0EED0
:102B100000BA016020464FF48041B0EE480AF0EE62
:102B2000480AB0EE4B1AF0EE481AB0EE482AF0EE22
:102B3000482AB0EE483A06F0D9FF41F22005C2F229
:102B40000005B1EE049A28464FF48041B0EE480AE1
:102B5000F0EE480AB0EE491AF0EE481AB0EE482AF4
:102B6000F0EE482AB0EE483A06F0C0FFB7EE00AAF1
:102B700004F17000B3EE041A4FF48041B0EE4A0A3B
:102B8000F0EE480AF0EE481AB0EE482AF0EE482A75
:102B9000B0EE483A06F0AAFF05F170004FF480410C
:102BA000B0EE4A0AF0EE480AB0EE4B1AF0EE481AC0
:102BB000B0EE482AF0EE482AB0EE483A06F096FF0A
:102BC00004F1E0004FF48041B0EE480AF0EE480A0C
:102BD000B0EE481AF0EE481AB0EE482AF0EE482A55
:102BE000B0EE483A06F082FF05F1E0004FF4804174
:102BF000B0EE480AF0EE480AB0EE481AF0EE481A75
:102C0000B0EE482AF0EE482AB0EE483A06F06EFFE1
:102C100040F61814C2F2000420464FF48041B0EE92
:102C2000480AF0EE480AB0EE491AF0EE481AB0EE43
:102C3000482AF0EE482AB0EE483A06F057FF40F630
:102C40006065C2F20005B0EE08CA28464FF4804124
:102C5000B0EE480AF0EE480AB0EE4C1AF0EE481A10
:102C6000B0EE482AF0EE482AB0EE483A06F03EFFB1
:102C70009FED7E2A04F17000B2EE041A4FF48041F9
:102C8000B0EE4A0AF0EE480AF0EE481AF0EE482A92
:102C9000B0EE483A06F02AFF9FED751A05F1700074
:102CA0004FF48041B0EE4A0AF0EE480AF0EE481ABE
:102CB000B0EE482AF0EE482AB0EE483A06F016FF89
:102CC00004F1E0004FF48041B0EE480AF0EE480A0B
:102CD000B0EE481AF0EE481AB0EE482AF0EE482A54
:102CE000B0EE483A06F002FF05F1E0004FF48041F3
:102CF000B0EE480AF0EE480AB0EE481AF0EE481A74
:102D0000B0EE482AF0EE482AB0EE483A06F0EEFE61
:102D100040F69845C2F2000528464FF48041B0EED7
:102D2000480AF0EE480AB0EE4B1AF0EE481AB0EE40
:102D3000482AF0EE482AB0EE483A06F0D7FE41F2B3
:102D4000E014C2F2000420464FF48041B0EE480A7D
:102D5000F0EE480AB0EE4C1AF0EE481AB0EE482AEF
:102D6000F0EE482AB0EE483A06F0C0FE9FED412A48
:102D700005F170004FF48041B0EE4A0AF0EE480AC7
:102D8000B0EE491AF0EE481AF0EE482AB0EE483A92
:102D900006F0ACFE9FED381A04F170004FF480414C
:102DA000B0EE4A0AF0EE480AF0EE481AB0EE482AB1
:102DB000F0EE482AB0EE483A06F098FE05F5A87005
:102DC0004FF48041B0EE4A0AF0EE480AB0EE491ADC
:102DD000F0EE481AB0EE482AF0EE482AB0EE483A33
:102DE00006F084FE9FED25BA04F5A8704FF48041EB
:102DF000B0EE4A0AF0EE480AB0EE4B1AF0EE481A6E
:102E0000B0EE482AF0EE482AB0EE483A06F06EFEE0
:102E10009FED1B2A05F1E0004FF48041B0EE480A17
:102E2000F0EE480AB0EE491AF0EE481AF0EE482AE1
:102E3000B0EE483A06F05AFE04F1E0004FF480414B
:102E4000B0EE480AF0EE480AB0EE4B1AF0EE481A1F
:102E5000B0EE482AF0EE482AB0EE483A06F046FEB8
:102E6000BDEC0A8BB0BD00BF000000000000C842EE
:102E7000000048C200004843000070420000484281
:102E8000000016430000000010B540F24410C2F2EA
:102E9000000041689FEDE24A00EE101A41F2BC3199
:102EA000C2F2000191ED051A30EE410AB4EE440A77
:102EB000F1EE10FA02DD9FEDDD1A08E09FEDD91A60
:102EC000B4EE410AF1EE10FA03DA9FEDD71A30EEB4
:102ED000010A40F6A802C2F2000292ED041AB3EE13
:102EE0000E2A91ED063A32EE412AB4EE442A30EE33
:102EF000030AF1EE10FA81ED070A02DD9FEDCB4ADD
:102F000008E09FEDC84AB4EE442AF1EE10FA03DA65
:102F10009FEDC54A32EE042A40F6E402C2F20002F6
:102F20001278022A4DD0012A16D0002A5BD142F62F
:102F3000BC70C2F2000042F60C620078C2F20002DD
:102F4000137801287AD1002B00F08980022B40F001
:102F50009C8002F1100084E040F67401C2F200018E
:102F6000897A012940D1C1699FEDB11A02EE101A88
:102F7000B4EE412AF1EE10FA36DD80689FEDAF1A0B
:102F800040F6BC0102EE100AC2F200010022B4EECB
:102F9000412AC1E90722F1EE10FAB8BFB0EE412A8A
:102FA000B2EE041AB4EE412AF1EE10FA81ED012AD4
:102FB00081ED020A40F3D1800020C4F22010486065
:102FC000CBE040F6BC00C2F200000022C0E90722BC
:102FD000426241F6B852C2F2000212690969C26047
:102FE000416080ED023A10BD42F60C61C2F2000170
:102FF0000878022800F08580002840F09A80D1E906
:103000001904FEF765F89FED820B53EC102BFDF7CA
:1030100044FFFEF770F840F6BC01C2F200010862FE
:103020002046FEF755F89FED7C0B53EC102BFDF777
:1030300034FFFEF760F800EE100A74E040F6BC00C2
:103040000021002BC2F20000CCF2602100F08C8045
:10305000022B40F09B8002F110030C3287E002F15A
:10306000680040F6BC0131EE020AC2F2000181EDB7
:10307000020A90ED000A9FED6E1A0022CCF2B422F3
:1030800020EE010ACA6081ED070A40F6BC00C2F2D8
:10309000000090ED010A90ED031A90ED072A9FEDD4
:1030A000683A30EE420AB4EE431AF1EE10FA80EDBF
:1030B000010ABEBF0021CCF22731C16090ED031A96
:1030C0009FED602AB4EE421A9FED5C1AF1EE10FA01
:1030D000B4EE410AC2BF0021CCF26021C160F1EE22
:1030E00010FABEBF0021CCF22021416090ED010A10
:1030F000B2EE041AB4EE410AF1EE10FA7FF773AFA4
:1031000080E091ED030A9FED4B1A91ED042A20EE29
:10311000010A40F6BC009FED481AC2F2000080EDA3
:10312000080A22EE010A40F6BC00C2F2000080ED5F
:10313000070A40F6BC00C2F2000090ED010A90EDD3
:10314000021A90ED072A90ED083A30EE420A31EE6D
:10315000431A80ED010A80ED021A40F6BC00C2F26B
:1031600000000121016010BD02F16803643292ED9C
:10317000000A9FED2F1A93ED002A20EE010A22EE9D
:10318000011AC16080ED071A80ED080A90ED010A6E
:1031900090ED073A90ED021A90ED032A90ED084A5F
:1031A00030EE430A9FED263A31EE441AB4EE432A3C
:1031B00080ED010AF1EE10FA80ED021ABEBF002286
:1031C000CCF22732C26090ED031A9FED1E2AB4EEB6
:1031D000421A9FED1A1AF1EE10FAB4EE410AC8BF76
:1031E000C160F1EE10FABEBF0021CCF22021416097
:1031F00090ED010AB2EE041AB4EE410AF1EE10FAB3
:10320000D8BF10BD0021C4F22011416010BD00BF25
:10321000333333333333C33F7B14AE47E17A843FD8
:1032200000003443000034C30000B4430000B4C3C2
:10323000CDCCCC3D9A99993E0AD723BC000020C240
:10324000000027C3000060C22DE9F04140F6600095
:10325000C2F2000090ED000A41F2D840C2F2000034
:1032600090ED001A40F6E400C2F20000007840F64B
:10327000900420EE010AC2F20004012884ED000A45
:103280005AD140F67400C2F20000807A012853D16E
:1032900040F24415C2F20005E8699FED6D0A01EEA7
:1032A000100AB4EE401AF1EE10FA45DD41F2BC36D8
:1032B00040F6BC08C2F20006C2F2000840F6181739
:1032C00096ED040AD8ED010AC2F2000707F1E0000A
:1032D00006F0DEF9286997ED491A02EE100A40F669
:1032E000606096ED010AC2F2000071EE020AE03061
:1032F00006F0CEF940F6984796ED060AD8ED020A98
:10330000C2F2000707F1E00006F0C2F9E86897EDA5
:10331000491A02EE100A94ED003A41F2E01096EDDF
:10332000020A31EE021AC2F2000071EE030AE03026
:1033300006F0AEF9BDE8F08142F6BC70C2F20000C2
:10334000007841F2BC3440F6BC050128C2F200040A
:10335000C2F200052DD140F6A806C2F2000640F6E2
:10336000984796ED040AD5ED020AC2F2000707F568
:10337000A87006F08DF9B6F90200D7ED650A00EEE7
:10338000100A41F2E010C2F20000B8EEC00A00F5E7
:10339000A87006F07DF995ED020A96ED041A30EE5C
:1033A000410AB0EE001AB4EE410AF1EE10FA36DA34
:1033B00016E040F6984694ED060AD5ED020AC2F2F0
:1033C000000606F1700006F063F941F2E01094ED9A
:1033D000020AD6ED2D0AC2F20000703006F058F94C
:1033E00041F6B856C2F2000640F6D82796ED040A18
:1033F000D5ED030AC2F2000707F1700006F048F9A4
:10340000B6F90200D7ED2D0A00EE100A41F22000B5
:10341000C2F20000B8EEC00A703006F039F9D5EDFE
:10342000010A40F6181594ED040AC2F2000505F1F0
:10343000700006F02DF940F6606094ED010AD5EDBC
:103440002D0AC2F20000703006F022F9BDE8F081CA
:10345000CDCCCC3D10B540F6E40EC2F2000E9EF885
:10346000000042F60C64022804BF00208EF8000021
:103470009EF80010C2F2000401291CD094F87D309F
:1034800040F6101CC2F2000C93B19CF8000070B919
:1034900040F6BC00C2F2000090ED020A9FED181A3F
:1034A00030EE010A80ED020A01208CF8000013B909
:1034B00000208CF8000094F87A0040F61113C2F254
:1034C000000328B11A78002A04BF01221A7008B933
:1034D0000020187094F8723040F61212C2F2000206
:1034E0005BB1107830B9481E18BF01208EF800007B
:1034F00001201070002B18BF10BD0020107010BDEF
:103500000000344340F6E401C2F200010878B7EE4F
:10351000000A022804BF0020087042F60C60C2F2C4
:10352000000090ED061A40F65862B4EE401AF1EE33
:1035300010FAC2F2000208D1137833B90B78013BBC
:1035400018BF01230B7001211170B5EE401AF1EE86
:1035500010FA04BF0021117090ED071AB4EE401A62
:10356000F1EE10FA18BF704742F6BC70C2F20000CC
:10357000017801291EBF01210170704700210170EF
:1035800041F2BC30C2F20000806940F6BC01C2F2D8
:103590000001886070470000B0B52DED028B41F24C
:1035A000BC30C2F2000090ED048AB2EE0E1A9FED1C
:1035B000740AB4EE418AF1EE10FA2FDA9FED711A17
:1035C000B4EE418AF1EE10FA28DD40F2DC00C2F2DE
:1035D00000000068FDF77CFD044618EE100A20F09C
:1035E00000400D46FDF774FD9FED610B53EC102B71
:1035F000FDF753FC9FED600B53EC102BFDF7BFFC68
:1036000041EC100B0CF0D8FF51EC100B22462B466E
:10361000FDF743FCFDF76FFD00EE100A40F6E400F5
:10362000C2F20000007840F6E80140F67404C2F2ED
:1036300000010228C2F2000481ED000A39D00128FD
:1036400040D1A17A012932D140F24411C2F20001E5
:10365000CA699FED4D1A02EE102AB4EE412AF1EE2E
:1036600010FA24DD40F66060C2F2000090ED490AD5
:10367000886940F24C7201EE100A30EE010ABDEE8C
:10368000C00A10EE100AC2F20002508041F2E010AF
:103690004969C2F2000090ED490A01EE101A30EEBD
:1036A000010ABDEEC00A10EE100AD0803CE00228EC
:1036B00008D140F24C70C2F200000021C180C0F875
:1036C000021031E041F22001C2F2000191ED2D1A09
:1036D00040F24C72BDEEC11A42F6BC7011EE101AE7
:1036E000C2F20002C2F20000918041F2E0110078C3
:1036F000C2F2000101F1B403012808BF01F5CA7349
:1037000093ED001A40F66061BDEEC11AC2F20001ED
:1037100011EE100A91ED2D1AD08030EE010ABDEEA7
:10372000C00A10EE100A508043F2D02040F24C72D2
:10373000C2F20000C2F2000240F2FE31FEF77EFF4C
:10374000A07841F2A832E178C2F200020138137881
:10375000B0FA80F00139400903F0FC03B1FA81F1BD
:103760001844490940EA41001070BDEC028BB0BD1D
:1037700000000060FB21094000000000008066405E
:103780000000000000000CC2CDCCCC3D40F6E400AF
:10379000C2F20000022101707047000041F2A03423
:1037A00041F6E00540F6E506C2F20004C2F200056B
:1037B000C2F200060CE000BFFFF776F9FFF764FBEA
:1037C000FFF742FDFFF7E8FE204601210BF080FBEA
:1037D0000CF012FA297820600129EDD03078002809
:1037E00008BFFFF77BF905F05BFAF1E790F82020BE
:1037F000013A012A04D8006800F11402002004E014
:1038000000F1240201204FF4802113681943116054
:103810007047000010B590F820E0D0F800C0AEF17D
:10382000010EBEF1010FDCF808E00ED81EF0E05FDB
:1038300011D0CEF3016E012000FA0EF018608B68F3
:103840007BB1486843EAC0030DE000F12401012088
:103850004FF4802223E000F1240101204FF40012F4
:103860001DE008684305D1E9030403430CEB0E1087
:10387000C0F88031C0F88441097D012905D100F5E7
:10388000C2710B6843F480730B605168C0F88C11EF
:10389000126800F5C071C0F88821002001220B6871
:1038A0001A430A6010BD0000B0B590F82020013A1C
:1038B000012A2FD846F20060C4F20000026842F0EC
:1038C00001020260026822F47C520260D1F814E026
:1038D000CC694A6A0368012C43EA022202600EF0B6
:1038E0001F024FF0010303FA02F2C3696FEA020CF0
:1038F00023EA0203C36113D02CBBC36803EA0C03A1
:10390000C360CB688C8844EA034300EBCE04236495
:103910000B4611E0416A41F4802141620120B0BDB3
:10392000C3681343C3600B688C8844EA034300EB0D
:10393000CE04236401F10C038C681B8843EA044322
:1039400000EBCE04636443688D6943EA0204D1F856
:1039500010E0096A002D08BF03EA0C0444604369C3
:10396000BEF1000F43EA020408BF03EA0C04012978
:10397000446102D1C1691143C161016821F00101B3
:1039800001600020B0BD00007047000010B590F845
:103990002040013C012C0AD8046871B12469A407B5
:1039A0000ED100F1240101204FF4001276E000F165
:1039B000240101204FF4802270E0E468A40771D054
:1039C000046804EB011CDCF8B0410CF5D87E14F05F
:1039D00004049460DCF8B04119BFE4085460640D3D
:1039E0001460DEF800400CF5DA7E04F00204D460C6
:1039F000DCF8B44124075ABFDEF8004004F00F049D
:103A000008241461DEF800400029C4F307249461FF
:103A1000DEF800404FEA14445461DCF8B8211A7013
:103A2000026802EB0112D2F8B8214FEA12225A7052
:103A3000026802EB0112D2F8B8214FEA12429A70E2
:103A4000026802EB0112D2F8B8214FEA1262DA7072
:103A5000026802EB0112D2F8BC211A71026802EB73
:103A60000112D2F8BC214FEA12225A71026802EB0D
:103A70000112D2F8BC214FEA12429A71026802EB9D
:103A80000112D2F8BC214FEA1262DA71006814BF49
:103A900000F1100100F10C01002020220B681A43F4
:103AA0000A6010BD00F1240101204FF40012F5E777
:103AB0002DE9F04F81B0044600684669D0F80490C3
:103AC0008768D0F80CB0D0F810A0D0F81880F107B3
:103AD00003D1002530071CD423E0F90710D00121C1
:103AE000BA07816009D4780700F1AA80380700F18D
:103AF000B080204600F01CFB02E0204600F01AFBDC
:103B00000025F80500F18480F80300F1AA80300751
:103B100007D51BF0100004D0206845F40075102173
:103B2000C160700708D51BF0080005D02068082187
:103B3000C160204600F0E4F9B00706D52068C068EF
:103B4000800702D0204600F0DDF9700607D51AF094
:103B5000100004D0206845F4806510210161B00692
:103B600008D51AF0080005D0206808210161204618
:103B700000F020FAF00606D520680069800702D020
:103B8000204600F019FAB00308D519F0100005D04E
:103B9000206810214160204600F09AFAF00308D511
:103BA00019F0080005D0206808214160204600F087
:103BB000CBFA300440F18F805FEA497040F1888091
:103BC00006F4807008EA102028435FEA88710146F5
:103BD00048BF41F00201B20558BF01465FEA487094
:103BE0000D4648BF45F00405700558BF0D46300529
:103BF0006ED518F070006BD010380009052862D817
:103C0000DFE800F0035356595C5F45F008055AE0C1
:103C100020684FF48071BA0581600AD4780512D407
:103C2000380519D4204600F087FAF8037FF56FAF06
:103C300017E0204600F082FAF8037FF568AF10E045
:103C40004FF400655DE705F50055F8037FF55FAFBC
:103C500007E04FF4805554E705F58045F8037FF5FC
:103C600056AF20684FF48031BA0381600AD47803DC
:103C70000FD4380313D4204600F062FA30073FF522
:103C800048AF4EE7204600F05DFA30073FF541AF00
:103C900047E705F5004530073FF53BAF41E705F540
:103CA000803530073FF535AF3BE745F010050AE0BA
:103CB00045F0200507E045F0400504E045F08005AB
:103CC00001E045F480752068816921F0700181610F
:103CD0002068042141602DB1606A2843606220465B
:103CE000FFF752FE01B0BDE8F08F0000B0B5C8B1DB
:103CF000044690F8200010B9204600F071F82068C2
:103D0000016841F00101016000F0CAFC054600BFF6
:103D100020684168C90707D100F0C2FC401B0B288E
:103D2000F6D312E00120B0BD016821F0020101606C
:103D300000F0B6FC054600BF2068416889070DD534
:103D400000F0AEFC401B0B28F6D3606A052140F45E
:103D500000306062012084F82010B0BD217E02682E
:103D6000012922F0800208BF80320260617E026871
:103D7000012922F0400208BF40320260A17E0268A1
:103D8000012922F0200208BF20320260E17E026891
:103D9000012922F0100218BF10320260217F026850
:103DA000012922F0080208BF08320260617F026820
:103DB000012922F0040208BF04320260D4E901C2E2
:103DC000D4E9033561691A432A431143ACF1010276
:103DD0001143C16100200121606284F82010B0BD50
:103DE00010B586B0006846F60002C4F20002002159
:103DF0009042CDE90411CDE90211019134D046F28F
:103E00000041C4F20001884277D141F2B831C2F2D8
:103E100000010A6843F64000C4F20200531C0B6024
:103E200052B900210091016841F000710160016800
:103E300001F00071009100990021009150F8101CD0
:103E4000142441F0080140F8101C50F8100C00F048
:103E50000800009000980320019040F20040C4F256
:103E6000020000F5006035E043F64000C4F20200B5
:103E70000091016841F080610160016801F080619A
:103E80000091009941F2B831C2F200010A68531C56
:103E90000B6052B900210091016841F0007101608E
:103EA000016801F00071009100990021009150F823
:103EB000101C412441F0020140F8101C50F8100C75
:103EC00000F00200009000986020019040F2004055
:103ED000C4F2020002210291002103910321049106
:103EE0000921059101A900F007FB204605210022C8
:103EF00000F084FC204600F07DFC06B010BD000000
:103F00007047000010B5016846F20042C4F200029A
:103F1000914200D010BD41F61404C2F2000440F2F8
:103F2000D863C2F2000300212246FFF72FFD20686C
:103F300040F20321884219D040F20221884228D061
:103F400040F20121884218BF10BD41F2F05040F20A
:103F5000D861C2F20000C2F2000105F099FE41F200
:103F6000E450C2F20000FEF77FFD10BD41F6740080
:103F7000C2F2000040F2D8612830C2F2000105F020
:103F800087FE41F65800C2F200000C30FEF76CFDCF
:103F900010BD41F6740040F2D861C2F20000C2F2D6
:103FA000000105F075FE41F65800C2F20000FEF770
:103FB0005BFD10BD70470000B0B5016846F6000219
:103FC000C4F20002914200D0B0BD41F6140540F2A7
:103FD000E064C2F20005C2F2000405F11C020121F6
:103FE0002346FFF7D3FCE86940F2013188421DDD2A
:103FF00040F2023188422FD040F2033188423CD057
:10400000B0F5417F18BFB0BD40F6A80040F2E061B6
:10401000C2F20000C2F20001FEF74EFA40F6EC00D8
:10402000C2F200000C30FEF71FFDB0BD40F20111DE
:10403000884234D0B0F5817FC6D140F66000216857
:104040006268C2F20000C0E9001240F68400C2F2C9
:104050000000FEF709FDB0BD40F6940040F2E061BB
:10406000C2F20000C2F20001FEF726FA40F6EC00B0
:10407000C2F20000FEF7F8FCB0BD41F6B85040F2C5
:10408000E061C2F20000C2F20001FEF715FA40F64C
:10409000EC00C2F200001830FEF7E6FCB0BD20884C
:1040A00041F2F8716288C2F20001088010BAA28859
:1040B000000C488010BAE288000C888010BA000C0E
:1040C000C88041F2EC70C2F20000FEF7CDFCB0BD3A
:1040D00070470000B0B5044690F8200001281DD1BB
:1040E000022084F820002068016821F001010160AD
:1040F00000F0D6FA054600BF20684068C00713D01C
:1041000000F0CEFA401B0B28F6D3606A40F4003072
:104110006062052084F820000120B0BD606A40F490
:10412000002060620120B0BD00206062B0BD0000D0
:1041300070470000704700007047000070470000A3
:1041400070470000704700007047000070B5866D32
:10415000044600F0A5FA94F83510022925D1054649
:104160002068216C026822F016020260426922F087
:104170008002426109B9A16C19B1016821F00801FE
:104180000160016821F00101016000BF2068006842
:10419000C0070ED000F084FA401B0628F6D320207A
:1041A0006065032084F835000CE080206065012004
:1041B00008E0E06D3F2101FA00F0B060012084F8D2
:1041C00035000020002184F8341070BD90F83510BF
:1041D000022909D1052180F835100068016821F015
:1041E0000101016000207047802141650120704776
:1041F000F0B581B004460020009040F2A050C2F219
:1042000000000268D4E9166048F2B5133768082147
:10421000C1F64E3381403942A2FB03250CD02268FF
:1042200013685B0708D5136823F004031360B160BB
:10423000616D41F00101616501218140394208D081
:1042400022685269120604D5B160616D41F0020125
:10425000616504218140394208D0226812689207C2
:1042600004D5B160616D41F00401616510218140A8
:10427000394215D020680268120711D5B160026872
:104280000168520306D4C90506D4016821F008016B
:10429000016001E0080342D4216C09B1204688473F
:1042A000E16D202000FA01F23A4244D02068036810
:1042B000DB0640D5B26094F835300268052B1ED17C
:1042C00022F016020260426922F080024261226CF2
:1042D0000AB9A26C1AB1026822F0080202603F20FB
:1042E0008840B060012084F83500216D002000294D
:1042F00084F8340040D02046884701B0F0BD016802
:10430000520310D4C90512D4016821F010010160D4
:10431000012084F83500002084F8340007E0A16C07
:104320000029BBD1BCE7080301D4616C00E0E16B5C
:1043300009B120468847606DF0B1606DC00717D0A5
:10434000052084F835002068A90A026822F00102DD
:10435000026000BF009A01328A42009202D80268CD
:10436000D207F7D1012084F83500002084F834000A
:10437000E16C09B12046884701B0F0BD2DE9F0415C
:10438000044600F08DF9C4B10546022084F83500DA
:104390000020216884F83400086820F001000860DB
:1043A00026683068C0070BD000F07AF9401B05285A
:1043B000F6D903212022032042E00120BDE8F0814C
:1043C000306848F23F01CFF21001251D00EA010CD0
:1043D0002ECDD4E9050E41EA0C01114319432943BE
:1043E000D4E90778084340EA0E01606A394304289B
:1043F00041EA080103D1D4E90B2311431943316089
:104400007169042821F0070141EA00050CD1D4E9C3
:104410000A1045EA010538B12046FEF7CFF818B179
:104420000121402201200BE020467561FEF7A8F82B
:10443000E16D3F2202FA01F181600022012100209A
:10444000626584F83510BDE8F0810000B0B504461F
:1044500090F83400012828D0012084F83400A56D9C
:1044600094F8350001281DD1022084F83500002081
:1044700060652046FEF7CAF8E26D3F23206803FA24
:1044800002F2216CAA60026842F01602026019B1C1
:10449000016841F008010160016841F0010101601B
:1044A0000020B0BD002084F834000220B0BD000020
:1044B000B0B5044600F0F4F8054640F27960C2F267
:1044C00000000078611C18BF044400BF00F0E8F849
:1044D000401BA042FAD3B0BD7047000080B543F640
:1044E0001441C4F201010A68024208BF80BD08609D
:1044F000FFF7F2FF80BD00002DE9F04F83B000F11F
:104500003E4202F1FF724FEAB22241F600470192A9
:10451000C4F2020708224FF0010E00254FF0000AF6
:104520004FF00008B84208BF072200920AE000BF1F
:1045300008F101080AF1040AB8F1100F05F10205AB
:1045400000F0A4800C680EFA08FB14EA0B09EFD007
:104550004C6804F0030CACF1010EBEF1010F11D850
:104560000322876802FA05F6CA68B743AA403A43AD
:1045700082604268C4F3001722EA0B0207FA08F7C8
:104580003A434260BCF1030F1CD0C26803238E681B
:1045900003FA05F7BA4306FA05F73A43BCF1020FEE
:1045A000C2600FD16FF0030202EA580202440AF01F
:1045B0001C060F23176A03FA06F40B69A743B340DE
:1045C0003B431362026803234F68AB409A4307F0F2
:1045D0000303AB401A4317F4403F4FF0010E026053
:1045E000A6D0002243F644030292C4F202031A68E2
:1045F00043F6004442F480421A601A68C4F201048F
:1046000002F480420292029A28F003024FF6084B0D
:104610002244CFF6FF7B52F80B300AF00C070F262E
:10462000BE4023EA060C019B009E072B38BF1E46A6
:1046300006FA07F747EA0C0342F80B30A2684B680A
:1046400042EA090743F60C4CDE0258BF22EA09078A
:10465000A760C4F2010CDCF800209E0242EA0907C0
:1046600058BF22EA0907CCF8007062689E0342EA4C
:10467000090758BF22EA090767602268DB0342EA9C
:10468000090358BF22EA0903236051E703B0BDE8DC
:10469000F08F0000002A08BF090481617047000004
:1046A0004AF2A420C2F200000068704740F279602C
:1046B0004AF2A421C2F20000C2F2000100780A68A6
:1046C000104408607047000080B543F60040C4F213
:1046D0000200016841F400710160016841F48061E9
:1046E0000160016841F480710160032000F096F8D8
:1046F000002000F005F800F059F8002080BD00000F
:1047000070B586B0002543F640010195C4F2020160
:104710000A68044642F001020A60096801A801F033
:10472000010101910199694600F0C4FE049E002E2A
:1047300018BF012600F0E4FE4DF68361B040C4F2DC
:104740001B31A0FB01014FF0FF3000EB914143F61C
:10475000D420C2F200004FF0804240F2E733C0E9BB
:104760000021C0E902530561856101F083FB054624
:10477000C0B943F6D420C2F2000001F0E3FB0546C5
:1047800080B91C2000F036F80F2C0AD81C202146D6
:10479000002200F033F840F27C60C2F200000460B6
:1047A00000E00125284606B070BD000080B582B04B
:1047B000002043F640010190C4F202014A6842F42D
:1047C00080424A604A6802F480420192019A009055
:1047D0000868002240F08050086008680F2100F04F
:1047E0008050009000986FF0010000F007F802B0D0
:1047F00080BD000080B508F005FF80BD70B514468F
:104800000D46064608F00EFF2946224604F016FD26
:104810000146304608F00EFF70BD000080B508F07C
:1048200023FF80BD7047000002680020516270477E
:1048300010B5D0F800C0DCF82400D9B1DCF828307D
:10484000B1F1010E00EB13430CD00021002000BF9A
:104850000CEB8101D1F804410130C1B28E4503EB6C
:104860001443F5D843EA02400CEB8E01C1F8040171
:10487000002010BD40EA0240CCF82800002010BD06
:1048800080B5D0F8E00407F09DFA80BD80B501EB5B
:10489000C102D0F8E03400EB8200026A184607F04B
:1048A000FBF980BD80B501EBC102D0F8E03400EB2C
:1048B0008200D0F86022184607F048FA80BD000058
:1048C00080B5D0F8E00407F07FFA80BD80B501F034
:1048D0000F0202EBC20200EB820303F1140209068D
:1048E000006858BF03F51572114608F01DF980BD28
:1048F00010B50446080601F00F0000EBC00104EB00
:10490000810205D402F51571002382F8553203E0C7
:10491000012302F11401537594F894240870012ABC
:1049200004BF022010BD2068012284F8942407F0FF
:104930006DFE002084F8940410BD0000B0B502792B
:10494000044601F00F00904284BF0120B0BD09066B
:1049500009D400EBC00104EB810202F515710023BC
:1049600082F8553207E000EBC00104EB810201231D
:1049700002F11401537594F894240025012A8D70D6
:10498000087004BF0220B0BD2068012284F894247E
:1049900007F090FF284684F89454B0BD01F00F0151
:1049A00001EBC10100EB8100D0F868027047000004
:1049B000B0B50546080601F00F0000EBC00105EB9D
:1049C000810C05D40CF5157100248CF8554204E0D7
:1049D00001240CF114018CF815404C786FF3DF22A0
:1049E000002C08708A600B7118BF4883022B04BF2B
:1049F0000020487195F89404012804BF0220B0BD3E
:104A00002868012285F8942407F03AFD002085F8F3
:104A10009404B0BD10B501F00F0404EBC40100EB29
:104A2000810E4FF0000CCEF868C28EF855C290F897
:104A300006C0CEF86022CEF86432BCF1010F8EF8C9
:104A4000544208BFCEF8702200680EF51571624618
:104A500007F080FF002010BDB0B50446007901F0DA
:104A60000F05854284BF0120B0BD080609D401EBC3
:104A7000C10004EB800000F51571002280F855227A
:104A800007E005EBC50004EB8000012200F11401F2
:104A9000427594F89404012201288A700D7004BFB5
:104AA0000220B0BD206884F8942407F02BFF2DB9B4
:104AB0002068A17904F29C4207F0CEFE002084F821
:104AC0009404B0BD80B501F00F0C0CEBCC0100EBF1
:104AD000810E714601F814CF4FF0000CC1F814C0DC
:104AE0004FF0010C81F801C090F806C0CA60BCF11B
:104AF000010F0B6108BFCEF830200068624607F056
:104B000029FF002080BD00002DE9F04F83B006682A
:104B10008346304608F0AAF810B103B0BDE8F08F24
:104B2000DBF8000008F0D0F80028F6D0D6F8080826
:104B3000C0F30D21DBF80000CBF8D41408F0C4F862
:104B4000800705D5DBF80000416901F002014161F1
:104B5000DBF8000006F5006708F0B6F8C00640D59F
:104B6000DBF80000816921F010018161346AC4F32F
:104B70004340062804F00F051CD002282BD147F62D
:104B8000F070044027D005EBC5000BEB8005D5F88D
:104B900060122209304608F09BF8D5F86002D5F87B
:104BA000681200EB1410C5F8600201EB1410C5F890
:104BB000680210E00BF29C413046082208F088F8A9
:104BC00005EBC5000BEB8000D0F86812C4F30A12A5
:104BD0001144C0F86812DBF80000816941F010014F
:104BE0008161DBF80000CDE9017608F06DF8000383
:104BF0005ED5DBF8000008F045F8002858D00646DE
:104C000002984FF0000900F5306440F25725002764
:104C100017E000BF0220A0605FEA8A6044BF202046
:104C2000A0605FEA8A4044BF4FF40050A0600137A3
:104C3000B9EB560F4FEA560604F1200405F124059E
:104C400036D0F007F3D0DBF800005FFA87F8414672
:104C500008F032F88246C00705D00120A06058460F
:104C6000394604F041FC5FEA0A7005D50820A060CF
:104C70005846394604F012FC5FEACA6044BF10206F
:104C8000A0605FEA8A70C7D502984069000604D523
:104C90000199486840F4806048601BF805000128CD
:104CA000B8D1584641460BF8059000F00DFAB1E72F
:104CB000DBF8000008F008F8400372D5DBF80000CC
:104CC00007F0D8FF00286CD006460BF29C400090FD
:104CD00002980BF1170800F510644FF00009002747
:104CE0000AE000BF0137B9EB560F4FEA560604F150
:104CF000200408F1240854D0F007F3D0DBF80000BA
:104D00005FFA87FA514607F0C5FF0546C00723D072
:104D1000019A07F00F00516B012303FA00F021EA1A
:104D200000005063A3609BF80600012810D1D8F85A
:104D30000500D8F809100844C8F8090047B9D8F8A0
:104D40000D0028B9DBF80000009A012107F084FD6E
:104D500058465146FFF79AFD280744BF0820A06037
:104D6000E80644BF1020A060680644BF4020A06051
:104D7000A8070FD50298394607F046FF98F80000BB
:104D8000012805D15846514688F8009000F096F960
:104D90000220A0602806A5D55846394604F010FC2C
:104DA000A0E7DBF8000007F08FFFDDE90198B0F124
:104DB000FF3F1ADCD9F8040020F00100C9F8040014
:104DC0009BF8CC04012807D100208BF8CC0458466E
:104DD0000021FFF727FD02E0584600F057FADBF804
:104DE0000000416901F000414161DBF8000007F07B
:104DF0006BFF00050CD5D9F80800C00702D0584653
:104E000000F08EFADBF80000416901F400614161B5
:104E1000DBF8000007F058FFC00460D5D9F80400A3
:104E2000102120F00100C9F80400DBF8000007F0B1
:104E3000EBFE9BF80400F8B19BF8041008F5106035
:104E400000224FF67F3300BF83600768013227F4EA
:104E500000170760C0F80832D0F800728A4227F4C1
:104E60000017C0F80072D0F8007247F00067C0F871
:104E7000007200F12000E7D3D9F81C0040F00110C7
:104E8000C9F81C009BF80F0040B1D9F8840040F02D
:104E90000B00C9F8840009F1440008E0D9F81400B7
:104EA00042F22B010843C9F8140009F1100001680F
:104EB0000BF29C4241F00B010160D9F8000020F494
:104EC000FE60C9F80000DBF800009BF8061007F050
:104ED000C3FCDBF80000416901F480514161DBF85B
:104EE000000007F0F1FE80041CD5DBF8000007F09D
:104EF00013FBDBF8000007F0ABFEDBF800408BF89B
:104F0000070000F0F7FA9BF807200146204607F05B
:104F100059FF584600F0A8F9DBF80000416901F498
:104F200000514161DBF8000007F0CEFE000708D514
:104F3000584600F0B1F9DBF80000416901F00801C2
:104F40004161DBF8000007F0BFFE00061ED5D8F86F
:104F5000180020F08000C8F818009BF80400022810
:104F600014D3012440F27B2507E000BF9BF8040026
:104F70000134844205F1240508D21BF805000128FC
:104F8000F4D1E1B25846FFF7A1FCEFE7DBF80000EF
:104F900007F09AFEC00229D59BF8040002281FD30F
:104FA00008F512640BF13C050126012708E000BF5B
:104FB0009BF8040001372034874205F124050FD205
:104FC0002068B0F1FF3FF3DC28780128F0D147F0EA
:104FD0008000C1B2584605F8016CFFF777FCE7E79F
:104FE000DBF80000416901F480114161DBF8000049
:104FF00007F06AFE80023AD59BF80400022830D3FD
:1050000008F532600BF51F710122012308E000BF93
:105010009BF8047001332030BB4201F1240120D2FF
:105020000768B7F1FF3FF3DC0E78012EF0D1DBF813
:10503000D46407F4803706F00106B742E8D101F8DE
:10504000012CD8F8187047F08007C8F81870D8F805
:1050500014703F06DCD4D9F8040040F40070C9F89D
:105060000400DBF80000416901F400114161DBF844
:10507000000007F029FE400008D55846FFF700FC65
:10508000DBF80000416901F080414161DBF800007C
:1050900007F01AFE40077FF540ADDBF800004468DA
:1050A000600702D55846FFF70BFCDBF800004168AB
:1050B0002143416003B0BDE8F08F000080B5D0F817
:1050C000E00406F0DDFE80BD80B5D0F8E00406F017
:1050D000EBFE80BDB0B582B008B30446056890F819
:1050E000950428B9002084F89404204600F078F84C
:1050F0000320B5F1A04F84F8950404BF0020A071EF
:10510000206807F0A1FB94E80F00257C009507F0CC
:1051100013FA30B1022084F8950401255CE00125E2
:105120005AE02068002107F0FFFD20B1022084F83A
:105130009504012550E094F804C0BCF1000F1DD087
:1051400094F804C04FF0010E6046BCF1010F98BF07
:10515000704600EBC000820000230025002000BF45
:10516000611924350875C885AA4200F1010081F84B
:1051700015E00B76C1E907334B62F1D1BCF1000FAA
:1051800016D00CEBCC00800000210022002300BFD1
:10519000A518243285F85432904203F1010385F8B2
:1051A000551285F85812C5E99711C5F86412EFD168
:1051B00094E80F00257C009507F092FA20B10220B8
:1051C00084F89504012507E000250120657484F822
:1051D0009504206807F074FA284602B0B0BD0000BC
:1051E000B0B586B000680024B0F1A04F0594CDE9B9
:1051F00003440294019401D006B0B0BD43F63005DB
:105200000094C4F20205286801A940F0010028605A
:10521000286800F00100009000984FF4C050019001
:105220000220CDE90204032004900A20059000200A
:10523000C4F20200FFF760F96868052140F08000C1
:10524000686000946869002240F480406861686981
:1052500000F48040009000984320FFF7CFFA4320ED
:10526000FFF7C8FA06B0B0BD10B5C179044621B148
:10527000022918BFFDF748FB0121D4F8E00406F02D
:1052800085FED4F8E00406F037FE10BD80B5D0F8F6
:10529000E00406F063FE80BD80B5D0F8E00406F0BF
:1052A00067FE80BD10B5044690F89404012804BF41
:1052B000022010BD012084F894046174206807F076
:1052C00067FD002084F8940410BD000080B5D0F87C
:1052D000E02400F29C41104606F064FE80BD000010
:1052E00010B5044690F89404012804BF022010BDB4
:1052F0002068012184F89414C168490606D5617BB1
:10530000012903D1816B41F48031816307F050FCA6
:10531000206807F0C5F9002084F8940410BD00004F
:1053200010B50446D0F8E00406F078FE2068D0F806
:10533000001E41F00101C0F8001EE07A002808BFFD
:1053400010BD4EF61050CEF20000016841F006018B
:10535000016010BD2DE9F041002800F08B8043F67C
:105360000808C4F202080446D8F8F8030D4600F015
:105370000700884207D288F8F853D8F8F80300F0FD
:105380000700A84276D12068810717D5410705D5C7
:10539000D8F8001041F4E051C8F80010010705D515
:1053A000D8F8001041F46041C8F80010D8F8001097
:1053B000A26821F0F0011143C8F80010C0073FD1E6
:1053C000D8F8F80300F00700A84207D988F8F85386
:1053D000D8F8F80300F00700A8424BD12068410735
:1053E00007D5D8F80010E26821F4E0511143C8F85D
:1053F0000010000708D5D8F80000216920F46040AB
:1054000040EAC100C8F8000000F09EF8D8F800108B
:1054100041F63012C1F30311C0F60102515C40F2B3
:10542000A05220FA01F140F27C60C2F20000006854
:10543000C2F200021160FFF763F90020BDE8F081BD
:105440006068811E022907D258F8081C89015CBFD8
:105450000120BDE8F08110E0012807D158F8081CB0
:1054600089035CBF0120BDE8F08106E058F8081C04
:10547000890702D40120BDE8F081D8F8001021F09E
:1054800003010843C8F80000FFF70AF9064641F295
:10549000883700BFD8F80000616800F00C00B0EB5E
:1054A000810F8DD0FFF7FCF8801BB842F2D90320A2
:1054B000BDE8F0810F22026043F60802C4F2020246
:1054C000136803F003034360136803F0F003836081
:1054D000136803F4E053C360D2F800C04FF4E05304
:1054E00003EADC030361D2F8F80300F00700086068
:1054F0007047000040F2A050C2F200000068704700
:1055000080B5FFF7F7FF43F60801C4F2020109680E
:1055100041F64012C1F38221C0F60102515CC8403D
:1055200080BD000080B5FFF7E5FF43F60801C4F237
:105530000201096841F64012C1F34231C0F601028E
:10554000515CC84080BD000010B543F60404C4F2AD
:105550000204606800F00C0008280AD0042819BF73
:1055600042F20040C0F2F40041F60030C0F2B70051
:1055700010BD206821682368490241F60031C0F25D
:10558000B70100F03F02C3F388105CBF42F2004154
:10559000C0F2F401A1FB00010023FBF765FB2168C9
:1055A0000222C1F3014102EB4101B0FBF1F010BD59
:1055B0002DE9F04182B0002800F0A2800446007876
:1055C00043F60006C007C4F2020643D0B06800F0FC
:1055D0000C00042805D1306880033BD56068C8BB47
:1055E0008EE0B06800F00C00082802D1706840021C
:1055F000F1D46568B5F5A02F0AD0B5F5803F0BD082
:10560000306820F480303060306820F4802006E07C
:10561000306840F480203060306840F48030306082
:10562000FFF73EF8002D054611D000BF306880031B
:1056300010D4FFF735F8401B6428F7D922E100BFEA
:10564000FFF72EF8401B64284FF0030055D8306850
:105650008003F5D4207880071AD5B06810F00C0FBD
:1056600009D0B06800F00C00082840F08A8070680B
:10567000400200F186803068800702D5E06801288A
:105680003ED13068216920F0F80040EAC100306066
:105690002078000738D4207840074CD4A5695DB342
:1056A000B06800F00C00082840F09E80012D27D043
:1056B0007068E16900F480028A4221D1216A00F019
:1056C0003F028A421CD147F6C071626A0140B1EBC9
:1056D000821F15D1A26A0023CFF6FF7303EBC232FB
:1056E00000F440316FF30F02914209D1E16A00F0FA
:1056F0007060B0EB016F03D1002002B0BDE8F08113
:10570000012002B0BDE8F0816069002840F200008D
:10571000C4F2472057D00121C0F8801EFEF7C0FF19
:10572000054600BF706F8007B5D4FEF7B9FF401B78
:105730000228F7D9A6E0306C10F080580AD100207A
:105740000190306C40F080503064306C00F080503C
:105750000190019847F20007C4F200073868C005BD
:1057600024D4386840F480703860FEF799FF05460D
:105770003868C0051AD4FEF793FF401B0228F7D9FA
:1057800080E0E068002851D00020C4F247200121C9
:105790000160FEF785FF0546306880073FF571AF71
:1057A000FEF77EFF401B0228F6D96BE0A568052DA9
:1057B00050D0012D52D0306F20F001003067306F93
:1057C00020F004004DE00021C0F8801EFEF768FFC5
:1057D000054600BF706F80077FF55DAFFEF760FF85
:1057E000401B0228F6D94DE00027C4F247270020CD
:1057F0003866FEF755FF022D05460BD13068800153
:1058000058D5FEF74DFF401B02284FF00300F5D995
:1058100073E700BF306880017FF56EAFFEF740FF91
:10582000401B02284FF00300F4D966E70020C4F2C1
:10583000472000210160FEF733FF054630688007EE
:105840007FF526AFFEF72CFF401B02284FF0030028
:10585000F4D952E7306F40F004003067306F40F009
:1058600001003067FEF71CFF002D054641F2883726
:1058700014D000BF306F800713D4FEF711FF401B18
:10588000B842F7D9032002B0BDE8F081FEF708FF67
:10589000401BB8424FF003003FF62FAF306F800738
:1058A000F4D4B8F1000F7FF4F9AE306C20F08050E2
:1058B0003064F3E604F11C052FCD08430021CFF638
:1058C000FF7140EA821001EBC3316FF30F0140EA30
:1058D00005600843706001203866FEF7E1FE04466B
:1058E000306880013FF508AFFEF7DAFE001B0228A2
:1058F0004FF00300F4D900E77047000010B50446EC
:10590000006841688A0615D44A0615D4C90710D024
:10591000016821F0080101608168E1606079042874
:1059200008BF10BD0120607100202071204600F0EA
:105930004DF810BD102000E00820A0600420607128
:105940002046FFF7D9FF20686FF06001416010BD6D
:10595000002804BF0120704710B50446407920B9E3
:1059600000202071204600F00DF8022060712068B0
:10597000016841F004010160012060710020A06015
:1059800010BD000080B582B0006840F60001C5F28D
:105990000601884201D002B080BD0020019043F68C
:1059A0003400C4F202000168002241F040010160AD
:1059B0000068052100F04000019001985020FEF79A
:1059C0001DFF5020FEF716FF02B080BD704700009B
:1059D00070B538B10446406A30B10020206104F14E
:1059E000140007E0012070BD6068B0F5827F03D02D
:1059F00004F11C00002101600026A66294F8510009
:105A000020B9204684F8506000F03CF8022084F869
:105A1000510094E80F0001F48271056802F4044219
:105A200025F040050560114403F400622369114428
:105A300003F002026369114403F00102A369E569FE
:105A4000114403F40072114405F03802256A114430
:105A500005F08002A56A114305F40052114301606C
:105A6000626A042101EA134102F01002114441600C
:105A7000C16921F40061C1610120666584F85100AB
:105A8000304670BD2DE9F04F87B0044643F2000761
:105A90000068C4F201070026B8420696CDE9046604
:105AA0000396029602D007B0BDE8F08F43F63000AF
:105AB0000196C4F20200416902AD41F48051416196
:105AC00041694FF0020901F4805101910199019659
:105AD00001684FF0010A41F00201016001684FF0D6
:105AE000030B01F0020101910199019601684FF049
:105AF000050841F0010101600068294600F001003D
:105B0000019001981820029007F55440CDF80C90B0
:105B1000CDF810A0CDF814B0CDF81880FEF7ECFC4D
:105B2000802002A981E8010ECDF8188046F2404895
:105B300007F550402946C4F20208FEF7DDFC43F2A7
:105B4000F825C2F200054FF440304FF0C0674FF423
:105B50008069C5E908062846C5E90087C5E90266E7
:105B6000C5E90496C5E90666FEF708FC002818BFDB
:105B7000FCF7CAFEE564AC6343F2583508F118003F
:105B8000C2F200054021C5E9000705F10800002226
:105B900080E806024FF40030C5E908022846C5E94E
:105BA0000522EA61FEF7EAFB002818BFFCF7ACFE0D
:105BB000A564AC6307B0BDE8F08F00002DE9F043A9
:105BC00081B01E4615460F460446FEF769FD94F85F
:105BD00051108146012909D06068B0F5827F14D147
:105BE00004294FF0020007D1A16829B9002F4FF016
:105BF000010018BF002D02D101B0BDE8F083002ED6
:105C0000FAD094F85000012803D1022001B0BDE879
:105C1000F083012084F8500094F8510000210428FA
:105C20001CBF052084F851006165A563E687A6873F
:105C30002763E6862068A6862164616401684906B8
:105C400003D4016841F0400101606168731EE2689D
:105C5000B1FA81F1B3FA83F3DDF8208049095B09D9
:105C6000B2F5006F41EA030139D139B1216B0988DE
:105C7000C160B81C2063E08E0138E086012608F17F
:105C8000010500BFE08E10B9E08F00286CD02068BD
:105C9000816889070CD5E18E012E09D141B1216BB4
:105CA000002631F8022BC2602163E18E0139E186C2
:105CB0008168C9070AD0E18F41B1C068A16B012694
:105CC00021F8020BA163E08F0138E087FEF7E8FCC2
:105CD000002DD7D0A0EB09004045D3D33AE039B12D
:105CE00039780173206B01302063E08E0138E08643
:105CF000012608F1010500BFE08E08B9E08F98B3D6
:105D00002068816889070DD5E18E012E0AD149B13D
:105D1000216B002609780173206B01302063E08E2F
:105D20000138E08620688168C9070BD0E18F49B14E
:105D3000C068A16B01260870A06B0130A063E08FE2
:105D40000138E087FEF7ACFC002DD5D0A0EB0900B0
:105D50004045D1D3012084F85100002084F8500040
:105D6000032001B0BDE8F083204641464A4604F0D6
:105D7000B1F840B120206065002084F85000012077
:105D800001B0BDE8F083A06838B900200090206819
:105D9000C1680091806800900098012084F851004B
:105DA000002084F85000606D002818BF012001B069
:105DB000BDE8F083704700007047000010B590F810
:105DC0003C20012A4FF0020252D0012380F83C30DF
:105DD00080F83D200268D2F804E0D2F808C00C68D0
:105DE0002EF07003234341F2FF74C4F20004A24278
:105DF00053600DDC40F2FF73C4F200039A4215DCDD
:105E0000B2F1804F29D040F20043C4F2000322E0F7
:105E100040F2FF33C4F201039A4212DC41F6000360
:105E2000C4F200039A4218D0002312E040F60003A7
:105E3000C4F200039A4210D040F60043C4F20003BB
:105E400009E044F20003C4F201039A4205D040F293
:105E50000043C4F201039A4204D149682CF0800344
:105E6000194391600121002280F83D1080F83C2008
:105E7000104610BD002804BF0120704710B504462D
:105E800090F83D0028B9002084F83C00204600F03E
:105E90001FF8022084F83D002068211D04F08CFDCD
:105EA000012084F8460084F83E0084F83F0084F81E
:105EB000400084F8410084F8420084F8430084F8EC
:105EC000440084F8450084F83D00002010BD000027
:105ED00080B582B0006844F20041C4F201018842FA
:105EE0001ED040F20041C4F20001884227D10020B8
:105EF000019043F64000C4F202000168002241F024
:105F0000020101600068052100F002000190019883
:105F10001D20FEF773FC1D20FEF76CFC02B080BD57
:105F20000020009043F64000C4F20200416841F4B2
:105F300000314160406800F400300090009802B0E9
:105F400080BD000090F83D1001291CBF0120704762
:105F5000022180F83D10006841F2FF72C168C4F26E
:105F60000002904241F00101C1600DDC40F2FF717E
:105F7000C4F20001884215DCB0F1804F29D040F214
:105F80000041C4F2000122E040F2FF31C4F20101FD
:105F9000884212DC41F60001C4F20001884218D0A8
:105FA000002112E040F60001C4F20001884210D046
:105FB00040F60041C4F2000109E044F20001C4F2DD
:105FC0000101884205D040F20041C4F2010188423B
:105FD00006D1816801F00701062904BF002070473F
:105FE000016841F0010101600020704710B50446CE
:105FF00090F83C0001284FF0020008BF10BD0122BC
:1060000084F83C2084F83D0020684FF6777382685E
:106010009A4382600A684F2A0FDC1F2A22DD202A59
:1060200023D0302A21D0402A4DD14B68CA68194666
:1060300004F060FE206840213BE06F2A17DDB2F5D6
:10604000005F20D0B2F5805F2AD0702A3BD1D1E921
:10605000012CCB68614604F05BFD2068816841F04B
:1060600077011AE00AB1102A2DD1114621E0502AF9
:1060700018D0602A27D14B68CA68194604F04CFE34
:106080002068602115E0D1E9012CCB68614604F05D
:106090003FFD2068816841F48041816000200BE071
:1060A000002009E04B68CA68194604F023FE206806
:1060B000502104F039FD0020012184F83D10002119
:1060C00084F83C1010BD0120F6E700007047000086
:1060D000B0B504460068C168026902EA0105A90773
:1060E0001DD4680731D4280747D4E8065CD4E807F4
:1060F00073D128067BD4680606D520686FF040016E
:106100000161204600F028FAA80658BFB0BD2068FB
:106110006FF0200101612046FFF74EFEB0BD6FF029
:1061200002010161012121778069800703D02046A7
:10613000FFF7CCFF05E0204600F0B6F8204600F05F
:106140004BF9002020776807CDD520686FF0040157
:10615000016102212177806910F4407F03D020463D
:10616000FFF7B4FF05E0204600F09EF8204600F05F
:1061700033F9002020772807B7D520686FF0080191
:10618000016104212177C069800703D02046FFF711
:106190009DFF05E0204600F087F8204600F01CF93E
:1061A00000202077E806A2D520686FF01001016179
:1061B00008212177C06910F4407F03D02046FFF703
:1061C00085FF05E0204600F06FF8204600F004F956
:1061D00000202077E8073FF48CAF20686FF00101C2
:1061E0000161204600F08CF928067FF584AF206815
:1061F0006FF0800101612046FFF7DCFD68067FF546
:1062000083AF7AE780B586B0006844F20042C4F2FA
:10621000010200219042CDE90411CDE90211019162
:106220001ED040F60001C4F20001884239D100209E
:10623000009043F63000C4F202000168032241F0EE
:10624000080101600068022100F008000090009839
:106250004FF48040019040F60040C4F2020017E085
:1062600043F630000091C4F202000168022241F0BE
:10627000200101600068032100F0200000900098D8
:106280004020019040F60040C4F2020000F500609A
:10629000022302930123059101A9CDE90332FEF700
:1062A0002BF906B080BD000070470000B0B5044671
:1062B00090F83C00012804BF0220B0BD0D464FEA13
:1062C000B2010120032984F83C0037D8DFE801F04F
:1062D000020A12222068294604F02EFC206850F899
:1062E000181F0EE02068294604F058FC206850F87A
:1062F000181F16E02068294604F086FC206850F834
:106300001C1F41F008010160016821F004010160D7
:1063100029690FE02068294604F0AAFC206850F89B
:106320001C1F41F400610160016821F4806101607B
:10633000296909020268114301600020002184F8E4
:106340003C10B0BD002804BF0120704710B50446C2
:1063500090F83D0028B9002084F83C00204600F069
:106360001FF8022084F83D002068211D04F024FB62
:10637000012084F8460084F83E0084F83F0084F849
:10638000400084F8410084F8420084F8430084F817
:10639000440084F8450084F83D00002010BD000052
:1063A00081B0006840F60001C4F20001884201D0CB
:1063B00001B070470020009043F64000C4F2020094
:1063C000016841F004010160006800F004000090E1
:1063D000009801B0704700007047000010B50446F7
:1063E00041B1082909D0042914BF04F1410004F186
:1063F0003F0004E004F13E0001E004F140000078B9
:1064000001281CBF012010BD022041B1082909D07C
:10641000042914BF84F8410084F83F0004E084F8A4
:106420003E0001E084F840002068012204F05EFB99
:10643000206841F2FF71C4F2000188420FDC40F293
:10644000FF71C4F20001884217DCB0F1804F49D0DF
:1064500040F20041C4F20001884243D049E040F2DA
:10646000FF32C4F20102904214DC41F60003C4F290
:106470000003984236D0002314E040F60001C4F235
:10648000000188422ED040F60041C4F2000188424B
:1064900028D02EE044F20003C4F20103984221D038
:1064A00040F20043C4F20103984222D1436C884277
:1064B00043F400434364C2DD904207DC41F600012F
:1064C000C4F2000188420DD0002107E044F200012F
:1064D000C4F20101884205D040F20041C4F201013A
:1064E000884206D1816801F00701062904BF002017
:1064F00010BD016841F001010160002010BD0000E5
:1065000010B504460068B0F1804F08BFFEF7CEF822
:1065100043F61C30C2F20000844218BF10BD40F6A2
:10652000E500C2F200000078012841F68C10C2F2AA
:10653000000002D101680131016041F6D001C2F2D0
:1065400000010968012902D1818801318180C18857
:106550000131C18010BD00007047000070B582B0ED
:10656000044690F84200202822D100294FF001056E
:1065700018BF002A1DD0012500262046256366632A
:1065800004F096FD206B012813D101962068016864
:106590000191406801900198206850E8030F21683C
:1065A00040F0100041E80302002AF5D1002500E088
:1065B0000225284602B070BD70B582B0044690F83E
:1065C0004200202822D100294FF0010518BF002ADF
:1065D0001DD00125002620462563666304F0B4FD26
:1065E000206B012813D10196206801680191406851
:1065F00001900198206850E8030F216840F01000D6
:1066000041E80302002AF5D1002500E002252846D2
:1066100002B070BD80B542F60C62C2F20002D2F840
:106620008430834218BF80BD02F18A0006F084FEE8
:1066300006F05CFD42F69870C2F20000FCF714FA16
:1066400080BD000080B542F60C61C2F20001D1F8B5
:106650008410814208BF06F049FD80BDB0B582B00C
:10666000036804461868D9685A6900F02F05202D80
:1066700001F0200505D125B1204604F047FC02B009
:10668000B0BD5FEA007C1EBF02F0010E01F4907203
:1066900012EB0E024AD1226B0840C1063DD5012AF9
:1066A0003BD1002001901868019058680190019832
:1066B0005869400642D4A08DE18DE28D002A1CBFAE
:1066C000401A5FEA004101D102B0B0BD216851E833
:1066D000031F226821F4907142E80313002BF5D1C7
:1066E000216851E8051F226821F0010142E80513E5
:1066F000002BF5D1202184F842100021216300BF36
:10670000216851E8031F226821F0100142E80313B9
:10671000002BF5D10221616354E0010658D44006F4
:10672000D2D5204604F0D8FB02B0B0BDC20718BFD6
:1067300011F4807251D1420755D45BE0E06B0168DF
:1067400049688AB2002ABFD0A38D9A42BCD2E185A3
:10675000C069B0F5807F30D0206850E8030F216811
:1067600020F4807041E80302002AF5D1206850E847
:10677000050F216820F0010041E80502002AF5D14B
:10678000206850E8050F216820F0400041E805022C
:10679000002AF5D1202084F842000020206300BFA9
:1067A000206850E8030F216820F0100041E8030240
:1067B000002AF5D1E06BFDF7C9FC02206063A08DD3
:1067C000E18D401A81B22046FFF724FF02B0B0BD30
:1067D000204604F0D3FC02B0B0BD626C42F001026E
:1067E0006264420706D5BEF1000F03D0626C42F02E
:1067F00002026264820706D5BEF1000F03D0626C0C
:1068000042F004026264BCF1000F06D55EEA0502A4
:1068100003D0626C42F008026264626C002A3FF4AA
:1068200053AF0840800602D5204604F06FFB206875
:106830004069616C00F0400001F00801401827D069
:10684000204604F021FB2068406940061BD500BFAC
:10685000206850E8050F216820F0400041E805025B
:10686000002AF5D1E06B70B14AF63D51C0F6000147
:106870000165FDF7ABFC00283FF426AFE06B016D2E
:10688000884702B0B0BD2046FFF7DCFE02B0B0BDC5
:106890002046FFF7D7FE0020606402B0B0BD0000C4
:1068A000002804BF0120704710B5044690F841004D
:1068B00028B9002084F84000204600F021F8242068
:1068C00084F841002068C16821F40051C16020466D
:1068D00004F080FB2068016921F490410161416965
:1068E00021F02A014161C16841F40051C1600020DA
:1068F0002021606484F8411084F84210606310BD68
:106900002DE9F04F87B00446006844F60001C4F258
:10691000000100268842CDE90566CDE903660296AE
:1069200000F0968041F20041C4F20101884200F07B
:10693000DB8041F20001C4F20101884240F0318164
:10694000002743F630000197C4F202004169002598
:1069500041F0100141614169C4F2020501F01001EA
:10696000019101990197016802AE41F002010160B5
:10697000016846F2280801F002010191019901978E
:1069800001684FF0020941F00101016000684FF019
:10699000030A00F0010001900198802002904FF05E
:1069A000070B05F580603146C4F20208CDE9039774
:1069B000CDF814A0CDF818B0FDF79EFD4FF400708F
:1069C000CDE9020904A880E8800C28463146FDF78D
:1069D00093FD43F2184508F59260C2F200054FF0AE
:1069E000006A4021C5E9000A05F108004FF48069FA
:1069F00080E882024FF440362846C5E90577EF610A
:106A0000C5E90867FDF7BAFC002818BFFBF77CFF53
:106A1000A563AC6343F2B83508F58C60C2F200059B
:106A2000C5E9000A2846C5E90277C5E90497C5E922
:106A30000677C5E90867FDF7A1FC002800F0A280F1
:106A4000FBF762FF43F2B8352526C2F200059EE04F
:106A500043F630000196C4F20200016941F480213E
:106A60000161016901F48021019101990196016898
:106A700041F004010160006802A900F004000190E7
:106A800001984FF4406002900220CDE903060320F4
:106A90000590072006900020C4F2020000F5006077
:106AA000FDF72AFD43F2784546F22800C2F20005C0
:106AB000C4F202004FF000614FF4806285E84300A9
:106AC0002846C5E90362C5E90566C5E907666E6241
:106AD000FDF754FC002857D0FBF716FF43F278452A
:106AE0002726C2F2000552E0002643F63000019648
:106AF000C4F20200416941F020014161416901F0A5
:106B00002001019101990196016841F04001016065
:106B1000006802A900F04000019001984FF4844001
:106B200002900220CDE9030603200590082006907C
:106B30000020C4F2020000F5C050FDF7DDFC46F273
:106B40002800C4F2020043F2D84500F58060C2F28A
:106B500000054FF020614FF4806285E8430028462D
:106B6000C5E90362C5E90566C5E907666E62FDF71A
:106B700005FC58B1FBF7C8FE43F2D8454726C2F2E0
:106B8000000504E0252602E0272600E047263046DF
:106B900005210022E563AC63FDF730FE3046FDF7CA
:106BA00029FE07B0BDE8F08F704700007047000075
:106BB0002DE9F041044690F8410020281CBF022036
:106BC000BDE8F0810E4600294FF0010042D0174683
:106BD000002A08BFBDE8F0814FF0000821201D46C3
:106BE000C4F8448084F84100FDF75AFDA784E78487
:106BF000A1680746B1F5805F0DD12069002814BF58
:106C00003046B046064606E016F8010B216848609B
:106C1000E08C0138E084E08C80B1204680213A4647
:106C20002B4604F0D5FAB8B9002EEDD138F8020B96
:106C300021686FF35F2048600026E9E72046402185
:106C40003A462B4604F0C4FA202184F8411000286B
:106C500018BF0320BDE8F081202084F84100032004
:106C6000BDE8F081B0B5044690F8410020281CBF73
:106C70000220B0BD4FF0010089B3002A134608BFBF
:106C8000B0BD4FF0000C21202162A384E384C4F83E
:106C900044C084F84100A06B4AF63D6E4AF67D651B
:106CA0002268C0F6000EC0F60005C0E90FE54AF6FE
:106CB0004D55C0F600050432C0E9135CFDF7C6FB74
:106CC00020686FF040010160206850E8050F2168DE
:106CD00040F0800041E80502002AF5D10020B0BD57
:106CE000704700007047000080B543F62420C2F2D0
:106CF0000000FEF703FE80BD70B544F28C2504460B
:106D0000C2F2000500202A88A37B2074D4F8F40086
:106D100061685A43F9F7D9FF2988A27B606851431B
:106D2000F9F7ECFF2988A27BD4F8180151435143AD
:106D3000F9F7E4FF2988227BA37BD4F80C015143A7
:106D40005943F9F7DBFFA07B60B30020002105E089
:106D5000A27B0131914200F1040023D2D4F8F42047
:106D6000131893ED000AB5EE400AF1EE10FAEFD0D9
:106D7000237C656A02EB830282ED000AE954D4E9C0
:106D8000053294F80CE052F800C0227C5B5CD4F829
:106D90000C5112FB0E3305EB8303013243F804CC94
:106DA0002274D5E7207CE0B1237CD4F81CC01946BE
:106DB000D4F824E0D4F81851012B98BF012149429E
:106DC0004FF0FF320EEB0206767801325CF8266057
:106DD00002FB002045F82060881801301846F1D1E8
:106DE0001846217BA4F87800A4F87A10A4F8801043
:106DF000A4F88200A4F89000A4F89200A4F89810D7
:106E0000A4F89A00A4F8480070BD0000FEE7000056
:106E100041F2BC30C2F2000090ED040A9FED1C3A32
:106E2000B0EEC01AB4EE431AF1EE10FA11DC90ED98
:106E3000031AB0EEC12AB4EE432AF1EE10FA08DCD0
:106E400090ED052AB0EEC24AB4EE434AF1EE10FAD4
:106E500002DD4FF0FF307047B5EE400AF1EE10FA58
:106E60004FF00001B5EE401A4FF0000008BF0121BD
:106E7000F1EE10FA4FF00002B5EE402A08BF0122F1
:106E80001140F1EE10FA18BF01200840404270474F
:106E900000003443B0B52DED088BD0F8EC5004461B
:106EA00095ED00AA95ED018A95ED029A95ED03BA4C
:106EB0002AEE0A0A28EE081A30EE010A29EE091A0B
:106EC00030EE010A2BEE0B1A30EE010A06F0B0FF8D
:106ED0006FF00300291891ED011A043020EE011A19
:106EE0000C2881ED011AF5D141F20860C2F20000D0
:106EF00090ED670AB6EE001A28EE000AD4F80021D9
:106F000020EE010A82ED040A90ED670AD4F8F81029
:106F100029EE000A20EE010A82ED050A90ED670ACB
:106F20002AEE400A20EE010A82ED0A0A90ED670A75
:106F30002BEE000A20EE010A82ED0B0A90ED670AA3
:106F40002BEE400A20EE010A82ED100A90ED670A4E
:106F50002AEE400A20EE010A82ED110A90ED670A3E
:106F600029EE000A20EE010A82ED160A90ED670A6A
:106F700028EE400A20EE010A82ED170A90ED6A0A17
:106F800091ED1C1A81EE001A91ED230A81ED1C1A75
:106F900090ED6A2A44F2000080EE022A9FED0B0A6F
:106FA000C4F21C60B4EE401AF1EE10FA81ED232A0F
:106FB000C8BF086791ED231AB4EE401AF1EE10FA3B
:106FC000C8BFC1F88C00BDEC088BB0BD00401C46AA
:106FD000B0B541F208650446C2F2000501202870F0
:106FE00005F5C87080EC030A4CF67740C3F22B20FD
:106FF000B7EE000AC5F8A4010020F4EE401A85F8A7
:107000006401F1EE10FAC8BFF0EE401AC5E90200C3
:10701000C5E9040005F13000062100220323C5ED77
:107020006A1A85ED6E2A00F0ABFE05F5E67005F5EF
:10703000D07301210122F9F7CFF9D5F81801211FEA
:107040000438042251F8043F013A40F8043FF9D1D2
:1070500047F2A90046F69561C0F60000C0F60001AF
:1070600047F2E50247F2295305F1FC0CC0F6000295
:10707000C0F600038CE80F0040F20111D5F8300192
:10708000A5F85A1041F66C21C0F601019022F9F7DB
:107090001CFED5F8280140F24C01C2F200019022FA
:1070A000F9F713FEB0BD000010B50446D0F8F81093
:1070B00040F24C00C2F200009022F9F706FED4F82C
:1070C0001C1141F24440C2F200004822F9F7FDFDD4
:1070D000D4F80C1141F2FC30C2F200004822F9F75A
:1070E000F4FD10BD10B52DED088B44F28C21044643
:1070F000C2F20001D0F8EC000988A27B237B90ED5E
:10710000000A90ED011A90ED022A90ED033AD4F8AE
:107110000C015143594330EE008A31EE019A32EEB0
:1071200002AA33EE03BAF9F7E9FDD4F80C01B1EE87
:10713000481AB1EE4A0A80ED021AB1EE491A80ED02
:10714000000A80ED01BA80ED039A80ED069A80ED89
:10715000078A80ED08BA80ED09AA80ED0C8A80EDDF
:107160000D1A80ED0E0A80ED0FBABDEC088B10BD34
:10717000B0B52DED108B41F20864C2F20004B0EE00
:1071800043BAB0EE429A84ED673A94ED5E2A94EDEC
:107190005F3A94ED604A30EE420A30EEC32A31EE97
:1071A000441AB6EE003AD4F8300141F66C2120EED4
:1071B00003CA22EE03EA61EE038AC0F601019022BF
:1071C000B0EE628AB0EE61AA84ED060A84ED072A69
:1071D00084ED081A2CEE0BDA2EEE0BFA68EE8B9A81
:1071E000F9F773FDD4E90401D4F830212CEE4B0AF1
:1071F0002EEE4B1A28EECB2A084382ED010A82EDCF
:10720000021A82ED032A82ED06DAC2ED089A82EDB7
:10721000091A82ED0CFA82ED0D2A82ED0FDAC2ED29
:10722000129A82ED13FA82ED140A05D184ED09AAAF
:1072300084ED0A9A84ED0B8A94ED6E0A94ED091A96
:1072400094ED0A2A94ED674A94ED0B3A21EE001A68
:1072500030EE045A24EE0A6A20EE022A24EE097A5D
:1072600081EE051A86EE056A82EE052A87EE057A1A
:1072700020EE030A24EE083A80EE050A83EE053A72
:1072800031EE061A84ED091A37EE022A84ED0A2A35
:1072900021EE011A22EE022A33EE000A84ED0B0AD7
:1072A00031EE021A20EE000A31EE000A06F0C0FDAF
:1072B000606BB0EE408A2021621892ED010A4218FC
:1072C000043128EE000A2C2902ED080AF4D194EDCD
:1072D000060A94ED071A94ED082A20EE000A21EE22
:1072E000011A30EE010A22EE021A30EE010A06F00F
:1072F0009FFDB7EE001A81EE000A81EE081A9FED9D
:10730000832A00200021002584ED6F0AB4EE420A92
:107310009FED7F0AF1EE10FAB4EE401A9FED7D0A60
:1073200084ED701AB8BF0120F1EE10FAC8BF012138
:10733000B4EE401A94ED640A94ED671AD4F844212F
:1073400020EE010A82ED000A94ED640A94ED671ABA
:10735000084020EE010A82ED070A94ED640A94EDDC
:10736000671A002120EE010A82ED0E0A94ED640AEC
:1073700094ED671AF1EE10FA20EE010A82ED150A7B
:1073800094ED650A94ED671AB8BF012120EE010A59
:1073900082ED1C0A94ED650A94ED671A084020EE10
:1073A000010A82ED230AD4F89811D4F848216070BC
:1073B0001160D4F898011061D4F8981104F13000EC
:1073C000116200F09FFF206BBFEE008A90ED001A63
:1073D00084ED5A1A90ED012A84ED5B2A90ED020AA1
:1073E00084ED5C0A90ED033A22EE000A84ED5D3AEA
:1073F000016921EE033A21EE011A22EE022AC4F8B5
:10740000781131EE021A406930EE030A31EE011AAA
:1074100030EE000A71EE080AC4E95F0508F074FF57
:107420009FED3D9A94ED5A1A20EE090A84ED630A05
:1074300094ED5B0A94ED5C2A94ED5D3A21EE000A2E
:1074400022EE032A30EE020A21EE011A23EE032A6D
:1074500031EE021A31EE011A30EE000A71EE080A1E
:1074600008F052FF20EE090A84ED620A94ED5A0AF0
:1074700094ED5B1A94ED5D2A94ED5C3A21EE021ACC
:1074800020EE030A31EE400AB8EE001A20EE010A9F
:1074900008F0A4FE20EE092A94ED630A94ED761A12
:1074A0009FED1E3A30EE411AB4EE431AF1EE10FA97
:1074B00084ED612A02DD4FF6FF7007E09FED182A88
:1074C000B4EE421AF1EE10FA05DA0120B4F8D41144
:1074D0000844A4F8D401B4F9D4019FED122A01EEB6
:1074E000100AD4E90401B8EEC11A21EE021A0130E3
:1074F00030EE011A41F1000184ED721A84ED760A32
:10750000C4E90401BDEC108BB0BD00BF9A99993E4F
:10751000CDCC1441CDCC2441E12E65420000344352
:10752000000034C30000B4432DE9F04F81B000F1F6
:10753000780500F18008044628464146F9F70AFB21
:1075400084F8C800B4F87800274627F8A80FB4F8E4
:107550005A0004F15801A4F8AA0028463A460091BE
:10756000F9F7D6F984F8C8003888A346B4F8821031
:107570002BF8B00FA4F8B210384641465A46F9F736
:10758000C7F9214684F8C80051F8900F264646F8FE
:10759000A00F58463246F8F79BFE84F8C8003046E4
:1075A0005946F8F71DFF84F8C800B4F87800A246E1
:1075B0002AF8B80FDAF83400DAF8741090ED000AFF
:1075C00090ED011A90ED022A90ED033A20EE025A56
:1075D00021EE034A34EE454A34EE044A81ED004A76
:1075E00020EE014A20EE000A21EE011A22EE035A93
:1075F00030EE410A22EE021A34EE054A30EE410A1C
:1076000023EE031A41F20865012034EE044A30EEFD
:10761000010A4FF4D476C2F20005AAF8020081ED07
:10762000014A81ED020A00BFD4F82C01304410ED6C
:107630006A0AB0EEC00A08F045FDA8190436B6F58E
:10764000DA7F80ED010AEFD1204630F8481F264648
:1076500026F8C01F4FF0010951463246A6F80290A5
:10766000F9F7F4F93188307226F8181C584631467B
:107670003A4626F8169CF9F74BF930723088514695
:1076800026F8060C304626F8089CF9F763FA3072A3
:1076900005F5E67250463946F9F73AF995ED691A5B
:1076A00095ED680AB6EE002A21EE022AB4EE420AEF
:1076B000F1EE10FA3072B8BF85F8649195F8640164
:1076C000B4EE410AF1EE10FA16DDA8B1D5E90210C8
:1076D0006A78013140F10000002A04BF10461146CB
:1076E000B1F1330270F10002C5E90210C0F0C180AF
:1076F000002085F864011DE09FED6D2A31EE403ACF
:1077000021EE022A83EE022A9FED683A002821EE3C
:10771000031AB7EE003A08BFB0EE432AB4EE410AAE
:107720000020F1EE10FAD8BFB0EE432A85ED712AA1
:10773000C5E90200002084F82C00B4F85800B4F821
:107740008210A4F8A8000098A4F8AA1041463A466E
:10775000F9F7DEF804F1980884F8C800384659466D
:107760004246F9F7D5F8B4F898C0B4F89A2084F8EE
:10777000C80002FB0CF2BAB1B4F898C0B4F89A2071
:10778000D4F81C0102FB0CF20027002300EB870158
:1077900095ED710A91ED001A0133DFB220EE010A76
:1077A000BA4281ED000AF1D8D4F81C019FED410ADC
:1077B000042200BF05EB820101F5CE732C2700BF28
:1077C00093ED001AC11981EE001A91ED012A0437D8
:1077D000382F21EE021A81ED011AF1D10132062A69
:1077E00000F10C00E6D10120A4F8BA004046314671
:1077F0005246A4F8B8C0F9F78BF895F8641184F8EC
:10780000C80031B3D4F8BC009FED2B0A9FED2B1AB2
:1078100010300021421895ED672A92ED003A22EED1
:10782000002AB4EE423AF1EE10FAC8BF82ED002A07
:1078300095ED672A92ED003A22EE012AB4EE423A23
:10784000F1EE10FA01F10401B8BF82ED002A082917
:10785000E0D1D4F8BC000021C16004F1380004F18B
:1078600030025146F8F734FD84F8C80001B0BDE895
:10787000F08F44F28C25C2F200052A88237BD4F8CD
:10788000E800D4F8EC105A43F9F71FFA2A88237B52
:10789000D4F8F800D4F8FC105A435A43F9F715FA13
:1078A000012084F82C0001B0BDE8F08FCDCCCC3D98
:1078B0006666663FDA0FC93F0AD7233C0AD723BC66
:1078C0002DE9F04341F28C40C2F20000D0E90BE216
:1078D000D0E90D3C41F2BC31D0E90089D0E9026722
:1078E000D0E904458069C2F20001C1E9020E01F14C
:1078F000100080E80C1041F20860C2F20000B0F9FC
:10790000D401C1E90054C1E90889C1E90A670863E3
:10791000BDE8F08310B540F28C60C2F2000090ED3B
:10792000070A40F26810C2F2000041F6E104D0ED0F
:10793000000AC2F20004204601F000FF606B00EE76
:10794000100A06F039FA00EE100ADFED0A0A9FED80
:107950000A1AB8EEC00A06F01DFABDEEC00A43F6D8
:107960008C2010EE102AC2F20000002103F0A8F9CA
:1079700010BD00BF0000000000FF7F4780B584B04D
:1079800041F64430C0F60100D0E90012D0E902030C
:10799000DFED1F0A9FED1F1A9FED1F2ACDE902039D
:1079A0006846B2EE040AF7EE001ACDE90012FFF7BE
:1079B0000FFB9FED1D1A41F6E1009FED180ADFED68
:1079C000180ADFED181AC2F20000B3EE042AF0EE36
:1079D000412AB0EE413AF0EE413AB0EE414AF0EEC3
:1079E000414A0021002202F04BF843F68C20C2F2FB
:1079F00000000021FEF7F2FC41F28C4044F2963187
:107A0000C2F20000C3F60B41816204B080BD00BF2A
:107A10006F12833A0024744948E17A3F00409C4544
:107A20000000964300007A440000000070B541F267
:107A3000CC40C2F20000FAF743FE44F29420C2F2B6
:107A4000000042F6B07690ED001AC2F2000640F255
:107A50008C6486ED000A30EE010AC2F2000480ED6B
:107A6000000A2046F9F7E6FC41F28C4504F10C00CF
:107A7000C2F20005D4EC031A90EC030A96ED003A2A
:107A800005F1100080EC050AC5ED092AFFF770FB2F
:107A900041F20860C2F2000000F5B4764ECE05F166
:107AA0002C0C85E84E0000F5C2730ECBD0F8C8014F
:107AB0008CE80E00A863FFF703FF41F2F030C2F23A
:107AC0000000FAF7D1FF41F2D044C2F2000420785E
:107AD000C00708BFFFF71EFF20680130206070BD9F
:107AE000B0B582B007F0C6F843F2A824C2F2000491
:107AF0002046FAF73BF82046FCF7ECFA2046022134
:107B0000FBF774FE43F2D024C2F200042046FAF7D9
:107B10002DF82046FCF7DEFA20461021FBF766FE22
:107B200041F60400C2F20000142105F0D9FC41F234
:107B3000F030C2F20000142105F0D2FC40F6EC0453
:107B4000C2F2000404F10C000A2105F0C9FC204631
:107B50000A2105F0C5FC41F65805C2F2000505F101
:107B60000C000A2105F0BCFC28460A2105F0B8FCEF
:107B700041F2E450C2F200000A2105F0B1FC40F6E7
:107B80008400C2F20000322105F0AAFC41F2D45078
:107B9000C2F20000642105F0A3FC41F2EC70C2F2D5
:107BA0000000322105F09CFC42F69870C2F2000001
:107BB000142105F095FC04F118000A2105F090FC51
:107BC00043F61C30C2F20000FEF7BCF9072041F278
:107BD0003055009048F68930C2F20005C0F600002A
:107BE0003EA14FF480720023019507F081FF41F61A
:107BF000C800C2F2000001904AF679000424C0F6E1
:107C000000003AA14FF480720023009407F070FF47
:107C10004AF2A020C2F2000001904EF66530C0F694
:107C2000000035A14FF400720023009407F060FFBC
:107C300041F2A430C2F20000019043F29D70C0F600
:107C4000000030A14FF480720023009407F050FF31
:107C500041F2E050C2F20000019049F67530C0F6E2
:107C600000002BA180220023009407F041FF052093
:107C700042F6A47500904DF22910C2F20005C0F63C
:107C8000000027A180220023019507F031FF40F674
:107C90005C00C2F20000019042F28D40C0F600008C
:107CA00022A14FF480720023009407F021FF41F2DB
:107CB000585549F2E510C2F20005C0F600001FA1B8
:107CC0004FF4807200230094019507F011FF06F035
:107CD000F5FF002007F050F902B0B0BD4D61696EAC
:107CE0004374726C5F5461736B00000053686F6F74
:107CF000745F5461736B00007573625F7461736BC2
:107D00000000000047696D62616C5F5461736B0035
:107D1000506C6F747465725F5461736B0000000087
:107D2000565430335F5461736B00000043686173D5
:107D30007369735F5461736B000000004D75736964
:107D4000635F5461736B000010B5002A08BF10BD5B
:107D500002394FF0370C4FF0000E00BF0CEB1074DF
:107D6000B0F1204F4FEA107338BF03F1300401F82F
:107D7000024F0001013A81F801E0EFD110BD00008F
:107D80002DE9F04F81B044F28C290446C2F200097B
:107D90000420A9F8000044F28A208846C2F20000BC
:107DA000082101800020207418469A46154684F860
:107DB0000C806273A37309F0CFF851466061F8F745
:107DC0009DFF4FEA8A07384609F0C6F83946A06198
:107DD000F8F794FF384609F0BFF83946E061F8F744
:107DE0008DFF4FEA8806304609F0B6F8314620622A
:107DF000F8F784FF504609F0AFF851466062F8F793
:107E00007DFF304609F0A8F831462060F8F776FF8C
:107E1000384609F0A1F839466060F8F76FFFAF0007
:107E2000384609F099F83946A060F8F767FF304600
:107E300009F092F831460746C4F8E800F8F75EFF0B
:107E400004F13000414601223B46F8F7C5FAB9F883
:107E5000000000FB08F6304609F07EF83146074680
:107E6000C4F8EC00F8F74AFF217B04F13800012246
:107E70003B46F8F7B1FAB5B144F28C20C2F20000EB
:107E8000008800FB05F6304609F066F831460746E3
:107E9000C4F8F000F8F732FF617B04F140000122E2
:107EA0003B46F8F799FA44F28C29C2F20009B9F876
:107EB0000000009500FB0AF6304609F04DF8314607
:107EC0000746C4F8F400F8F719FFA17B04F1480055
:107ED00001223B46F8F780FAB9F8000008FB08FBDE
:107EE0000BFB00F6304609F037F831460746C4F878
:107EF000F800F8F703FF217B04F150000A463B46E7
:107F0000F8F76AFAB9F800000BFB00F6304609F002
:107F100023F831460746C4F8FC00F8F7EFFE217B52
:107F200004F158000A463B46F8F756FAB9F8000043
:107F30000BFB00F6304609F00FF80746C4F80001C5
:107F4000304609F009F80546C4F8040138463146C0
:107F5000F8F7D4FEB9F80000009E0BFB00F12846AC
:107F6000F8F7CCFE217BD4F8003104F160000A461A
:107F7000F8F732FA217BD4F8043104F168000A469C
:107F8000F8F72AFAC6B144F28C20C2F20000008849
:107F900006FB08F101FB00F5284608F0DDFF294645
:107FA000C4F80801F8F7AAFE217B627BD4F80831F7
:107FB00004F17000F8F710FA44F28C29C2F20009BB
:107FC000B9F800000AFB08F808FB00F5284608F09D
:107FD000C3FF0646C4F80C01284608F0BDFF07465B
:107FE000C4F8100130462946F8F788FEB9F80000B9
:107FF00008FB00F13846F8F781FE227BA17BD4F81C
:108000000C3104F17800F8F7E7F9217BA27BD4F872
:10801000103104F18000F8F7DFF9B9F800000BFB2C
:1080200000F5284608F098FF29460646C4F81401D2
:10803000F8F764FE217B04F188000A463346F8F71E
:10804000CBF9B9F800000AFB0AF101FB00F528465C
:1080500008F082FF29460646C4F81801F8F74EFEDC
:10806000A17B04F190000A463346F8F7B5F9B9F858
:10807000000008FB00F5284608F06EFF2946C4F80A
:108080001C01F8F73BFE217BA27BD4F81C3104F1E4
:108090009800F8F7A1F9B9F80000257B05FB00F678
:1080A00006FB05F7384608F057FFC4F820013846AC
:1080B00008F052FFC4F82401384608F04DFFC4F818
:1080C0002801304608F048FFC4F82C01304608F07B
:1080D00043FFD4F82031C4F8300104F1A000294650
:1080E0002A46F8F779F9217BD4F8243104F1A80065
:1080F0000A46F8F771F9217BD4F8283104F1B00071
:108100000A46F8F769F9217BD4F82C3104F1B8005C
:108110000122F8F761F9217BD4F8303104F1C00075
:108120000122F8F759F9002084F82C00A06201B070
:10813000BDE8F08FB0B50446C07B44F28C25C2F296
:10814000000518B12046FEF7D7FD0DE02A88A37B75
:10815000D4F8F40061685A43F8F7B7FD2988A27B88
:1081600060685143F8F7CAFD2A88637BD4F8F000B1
:10817000A1685A43F8F7A9FDB0BD000070B50446E8
:1081800090F82C00002818BF70BD204630F8982FBA
:1081900024F8A82F254625F8082F34F84E2C34F85B
:1081A0002E3CA4F13001628122466380A4F1500686
:1081B000F8F7AEFB84F82000204631462A46F8F74F
:1081C000A7FB84F82000A4F1580230462946F8F7AE
:1081D0003DFC84F8200070BDF0B581B0044690F8F5
:1081E000290008B101B0F0BD04F1600504F1680692
:1081F00028463146F8F7AEFC04F1580784F8C80069
:1082000004F1500128463A46F8F782FBB4F85810BA
:10821000254625F8A81F35F83E1C84F8C80069805B
:10822000384631462A46F8F773FB84F8C800A5F1B2
:10823000200128463A46F8F74BF884F8C80001B008
:10824000F0BD00002DE9F04381B0044690F82A000B
:1082500010B101B0BDE8F08304F1780704F18009A2
:1082600038464946F8F776FC84F8C800B4F8780038
:10827000264626F8A80FB4F85A0004F15808A4F8C6
:10828000AA00384641463246F8F742FB84F8C80057
:1082900030882746B4F8821027F8B00FA4F8B2103F
:1082A000304649463A46F8F733FB214684F8C80081
:1082B00051F8900F254645F8A00F38462A46F8F7A2
:1082C00007F884F8C80028463946F8F789F884F892
:1082D000C800B4F85800B4F882103080A4F8AA108E
:1082E000404649463246F8F713FB84F8C800A5F12A
:1082F000080230463946F8F70BFB84F8C80001B095
:10830000BDE8F083F0B581B00446FFF713FFD4F861
:10831000CC1009B120468847204600F073F8D4F805
:10832000D01009B1204688472046FFF755FFD4F802
:10833000D41009B120468847207C44F28C27C2F231
:10834000000798B12046FFF77DFFD4F8D81009B197
:1083500020468847204600F08DF8D4F8DC1009B19B
:10836000204688472046FFF709FF15E0E07B0028FC
:10837000E8D03A88237BD4F8E800D4F8EC105A43CC
:10838000F8F7A3FC3A88237BD4F8F800D4F8FC1063
:108390005A435A43F8F799FCD4F8E01009B1204643
:1083A0008847227BEAB1267BD4F8F800216A33465D
:1083B0000025012E98BF012302FB055291ED000A12
:1083C00000EB820292ED001A0135B4EE401AF1EE94
:1083D00010FAB8BF82ED000A0431AB423246EBD14D
:1083E00000E016463A882068D4F8E8107243F8F79F
:1083F0006CFCD4F8E41009B120468847206801B02D
:10840000F0BD000070B5044690F82800002818BFA1
:1084100070BD607B10B3207B254625F8B80F012680
:1084200004F1600004F130012A46A4F8BA60F8F7BC
:108430006FFA217B24F8C01F2072A4F15000A4F130
:10844000800122466680F8F763FA2072A4F1880260
:1084500028462146F7F73CFF207270BD04F160000A
:1084600004F1300104F13802F8F752FA84F8C80038
:1084700070BD00002DE9F04381B0044690F82B0058
:1084800010B101B0BDE8F083204630F8781F2546D2
:1084900025F8B81F04F138084FF0010941462A4673
:1084A000A4F8BA90F8F734FA84F8C800204630F8F7
:1084B000481F274627F8C01F29463A46A4F8C2900D
:1084C000F8F7C4FA264636F8981F84F8C8002980C1
:1084D000304639462A46A4F8BA90F8F719FA84F8D3
:1084E000C800A6F1680240462946F7F7F1FE84F875
:1084F000C80001B0BDE8F08380B543F2A82046F281
:108500000041C2F20000C4F200010322002380E80F
:108510000E0000F10C014FF4102C4FF4001E81E806
:10852000085083618383FBF7E1FB002818BFFAF74B
:10853000EBF980BD10B543F2D02046F60001C2F23F
:108540000000C4F20001062200234FF0012480E85D
:108550000E0000F10C014FF4003C4FF4001E81E8C6
:10856000085084618383FBF7C1FB002818BFFAF72A
:10857000CBF910BD80B582B0002043F630010190E8
:10858000C4F202010A6842F480020A600A6802F436
:1085900080020192019A00900868002240F40010C5
:1085A00008600868052100F40010009000980C2075
:1085B000FCF724F90C20FCF71DF9392005210022D5
:1085C000FCF71CF93920FCF715F93A2005210022A7
:1085D000FCF714F93A20FCF70DF93B2005210022A5
:1085E000FCF70CF93B20FCF705F94420052100229B
:1085F000FCF704F94420FCF7FDF846200521002291
:10860000FCF7FCF84620FCF7F5F802B080BD00004E
:1086100080B54AF6A90041F6FC22C0F60000C0F67B
:108620000102002105F08EFC41F2C841C2F20001B6
:1086300008604AF6BD0041F62032C0F60000C0F6E0
:108640000102002105F07EFC41F2D441C2F200019A
:10865000086080BD2DE9F04F87B0002543F630005B
:108660000695CDE90455CDE902550195C4F2020005
:10867000016840F2000A41F0020101600168C4F2A1
:10868000020A01F0020101910199019501680AF5C0
:10869000006841F0400101600168002201F04001E2
:1086A000019101990195016841F0010101600168A2
:1086B00001F00101019101990195016841F0080162
:1086C0000160016801F008010191019901950168BB
:1086D00041F004010160016801F004010191019978
:1086E0000195016841F480710160016801F48071B5
:1086F000019101990195016841F0800101600168D3
:1087000001F08001019101990195016841F020017A
:10871000016000684FF4807100F020000190019822
:108720004046FBF7B7FF0AF5C0542046402101221E
:108730000126FBF7AFFF0AF5E05B58464FF4E05126
:108740000022FBF7A7FF504610210122FBF7A2FFF2
:108750000AF58069484641F201010122FBF79AFFC0
:10876000C02002904FF4881002AFCDE903050AF54E
:1087700000503946FBF7C0FE4FF48070CDE9020689
:1087800040463946CDE90455FBF7B6FE4020CDE919
:10879000020620463946CDE90466FBF7ADFE4FF4EC
:1087A000E050CDE9020658463946CDE90455FBF7BD
:1087B000A3FE082002904FF4041B20463946CDE961
:1087C00003B6FBF799FE50463946CDE9026504969B
:1087D000FBF792FE1020CDE90206022450463946EE
:1087E00004960594FBF788FE3020CDE9020B404645
:1087F00039460496FBF780FE4FF48050CDE902061F
:1088000048463946CDE90466FBF776FE48463946C8
:10881000CDE90266CDE90464FBF76EFE092005216F
:108820000022FBF7EBFF0920FBF7E4FF0A200521FC
:108830000022FBF7E3FF0A20FBF7DCFF17200521EE
:108840000022FBF7DBFF1720FBF7D4FF07B0BDE8E2
:10885000F08F000080B543F6242040F60001C2F2FC
:108860000000C5F206010160FDF772F8002818BF8C
:10887000FAF74AF880BD0000B0B543F6342043F261
:108880000001C2F20000C4F201014FF48272002321
:1088900080E80E0000F10C014FF0020C4FF0010EC9
:1088A0004FF40074102581E808500A21C0E90645FC
:1088B000C0E90833C0E90A31FDF78AF8002818BF7B
:1088C000FAF722F8B0BD000080B588B043F68C20DE
:1088D00044F200420021C2F20000C4F2010253231C
:1088E00040F2CF7C0791CDE90511CDE90311CDE927
:1088F0000111C0E90023C0E9021C01618161FDF79B
:10890000B9FA002818BFF9F7FFFF43F68C20C2F22E
:108910000000FDF717FD002818BFF9F7F5FF6020EC
:1089200001900020CDE90200059043F68C20C2F2B0
:10893000000001A90022FDF7B9FC002818BFF9F7D3
:10894000E3FF43F68C20C2F20000FDF75BFC08B0A9
:1089500080BD000080B586B043F61C3040F2004276
:108960000021C2F20000C4F20002532340F2CF7C87
:10897000CDE90411CDE90211CDE90011C0E90023D0
:10898000C0E9021C01618161FDF774FA002818BF7B
:10899000F9F7BAFF4FF48050029043F61C30C2F250
:1089A000000002A9FDF722FB002818BFF9F7ACFF71
:1089B0000020CDE9000043F61C30C2F200006946F9
:1089C000FDF7FCF9002818BFF9F79EFF06B080BD3F
:1089D00010B58AB043F6643040F600010024C2F2BC
:1089E0000000C4F200014FF6FF730994CDE907447B
:1089F000CDE90544CDE90344CDE90144A72280E84F
:108A00001600C0E903348461FDF79CFC002818BF00
:108A1000F9F77AFF43F66430C2F2000008A9CDE905
:108A20000844FDF7CBF9002818BFF9F76DFF602067
:108A300001900020CDE90200059043F66430C2F2B7
:108A4000000001A90822FDF731FC002818BFF9F742
:108A50005BFF43F66430C2F20000FDF7D3FB0AB0BF
:108A600010BD000080B543F6AC3041F20001C2F207
:108A70000000C4F2010100234FF00C0C4FF4E1326E
:108A800080E80E00C0E90333C0E905C3C361FDF708
:108A900007FF002818BFF9F737FF80BD80B543F600
:108AA000F43044F60001C2F20000C4F2000148F2C2
:108AB000A062C0F20102002380E80E0000F10C0168
:108AC0004FF4806C4FF0040E81E80850C0E9063383
:108AD000FDF7E6FE002818BFF9F716FF80BD00007D
:108AE00080B543F63C4041F20041C2F20000C4F2BE
:108AF000010100234FF0040C4FF4612280E80E00C6
:108B0000C0E90333C0E905C3C361FDF7C9FE00280E
:108B100018BFF9F7F9FE80BD80B542F6CC7040F27F
:108B20003001C2F20000C2F20001002203F08CF812
:108B3000002818BFF9F7E8FE42F6CC7040F2A451C5
:108B4000C2F20000C2F2000103F092FA002818BF3E
:108B5000F9F7DAFE42F6CC7040F24061C2F2000052
:108B6000C2F2000102F098FD002818BFF9F7CCFE10
:108B700042F6CC70C2F2000003F03CFB002818BFA4
:108B8000F9F7C2FE80BD000041F22C5441F2A43638
:108B900040F22C1841F2A83541F2285A41F2E4473C
:108BA000C2F20004C2F20006C2F200084FF002094D
:108BB000C2F20005C2F2000A4FF0000BC2F2000739
:108BC00014E000BF43F2D02041F2AE32C2F2000006
:108BD0004FF49871C2F20002F8F744FD8AF800B031
:108BE00004F092FC20460F2106F072F907F004F819
:108BF000014640F67400C2F20000027B40F65C00C1
:108C0000C2F200000068012A21600DD105F0F4F9DC
:108C100041F6C800C2F20000006805F0EDF93068C6
:108C200005F0EAF91EE000BF05F0F8F9306805F03C
:108C3000F5F941F6C800C2F20000006805F0EEF94F
:108C400001F060F841F6E000C2F2000080F800B0E8
:108C500040F6E500C2F20000C7E900BBC7E902BB6D
:108C600080F800B098F815000122000798F8141059
:108C700058BF09EA11129AF80000EA70411C012855
:108C80008AF800109ED00028AAD143F2D020C2F268
:108C900000004FF490712A46F8F7E4FCA0E70000CA
:108CA0002DE9F04F81B02DED048B41F68C1B41F680
:108CB000B85A40F6940740F6A806C2F2000BC2F27A
:108CC000000AC2F20007C2F20006DBF80000BAF8A0
:108CD0000090B7F80080348841F23C556328C2F216
:108CE00000050ED8A4F6595080B240F6FF718842B4
:108CF00041F24050C2F2000034BF01210021017056
:108D000013E041F24050C2F20000007800282046F3
:108D100014BF41F258514FF4AB6100F04BFF00EE2D
:108D2000100AB8EEC00A85ED000A01EE104A95ED72
:108D3000000AF8EE410A9FED931A00F04BFF3088CD
:108D400040F69844BDEEC01A00EE100AC2F20004CC
:108D5000B8EE400AF8EE410A204600F099FCB6F958
:108D60000200D4ED110A41F2E01400EE100AC2F242
:108D70000004B8EEC00A204600F08AFC94ED110A07
:108D80009FED818A0026B4EE480AF1EE10FACCF28B
:108D90008066B8BF666494ED110A9FED7C9A41F23B
:108DA0000401B4EE490AF1EE10FAC4BF4FF08D4051
:108DB0006064388800F0FEFE00EE100A41F2345084
:108DC000B8EEC00AC2F2000080ED000A00EE108A80
:108DD000F8EE400A9FED6E0A9FED6E1A00F0FAFE63
:108DE000388840F61815BDEEC01A00EE100AC2F21F
:108DF0000005B8EE400AF8EE410A284600F048FCAB
:108E0000B7F90200D5ED110A40F6606500EE100AD0
:108E1000C2F20005B8EEC00A284600F039FC95ED14
:108E2000110A41F60131B4EE480AF1EE10FAB8BF6A
:108E30006E6495ED110AB4EE490AF1EE10FAC4BF62
:108E40004FF08D406864BAF8000000F0B3FE00EE09
:108E5000100A41F23857B8EEC00AC2F2000787ED97
:108E6000000A00EE109AF8EE400A9FED4B0A9FEDC3
:108E7000491A00F0AFFEBAF8000040F6D826BDEE61
:108E8000C01A00EE100AC2F20006B8EE400AF8EE70
:108E9000410A304600F0FCFBBAF90200D6ED110A97
:108EA00041F2200600EE100AC2F20006B8EEC00A37
:108EB000304600F0EDFB95ED110A40F24C72BDEE2C
:108EC000C00A10EE100A96ED110AC2F20002BDEEC1
:108ED000C00A508010EE100A94ED110A4CF2000105
:108EE000BDEEC00A908010EE100ACFF6FF7110F5AB
:108EF000804FC8BF0146B1F5804FA8BF4FF48041F5
:108F000043F2D020D180C2F2000040F2FE31F9F7E6
:108F100095FBDBF80000B0F57A7F2DD340F6E50134
:108F20000020C2F20001087041F23C51C2F200017F
:108F300040F6BC023B6841F2345741F2BC36096846
:108F4000C2F20002C2F20007C2F20006DAF81040D4
:108F5000CBF800003F6850623569B669C2E9070086
:108F600041F6E000C2E90341C2F200000121C2E97A
:108F70000156C2E905730170BDEC048B01B0BDE878
:108F8000F08F00BF00001643000080C6000080463E
:108F900000208045000048420008D845FEE7000058
:108FA00080B582B013881BBA4FEA134C5388ADF8D2
:108FB00000C01BBA4FEA134C9388D2881BBA12BA6E
:108FC000120C1B0CADF806206A46ADF802C0ADF8D5
:108FD0000430F8F747FB02B080BD000041F6000CFA
:108FE000B0F90030C2F2000C03226FF0C70113F198
:108FF000C90F8CF80020D8BF0180B0F900209FED88
:10900000361AC92AA4BFC8220280B0F902208A42B7
:10901000B8BF4180B0F90220C92AA4BFC82242804B
:10902000B0F904208A42B8BF8180B0F90410C92980
:10903000A4BFC8218180B0F90010B0F9022000EE71
:10904000101AB8EEC00AB0F9040080EE013A00EE42
:10905000102AB8EEC00A80EE012A00EE100AB8EE1F
:10906000C00A80EE010A9FED1D1A41F24450C2F27F
:109070000000B4EE413AF1EE10FA80ED003A80EDD6
:10908000012A80ED020A08DC9FED154AB4EE443A4D
:10909000F1EE10FAA4BF00210160B4EE412AF1EE16
:1090A00010FA08DC9FED0E3AB4EE432AF1EE10FA06
:1090B000A4BF00214160B4EE410AF1EE10FAC8BF2E
:1090C00070479FED071AB4EE410AF1EE10FAA4BF03
:1090D00000218160704700BF000048430AD7233C4D
:1090E0000AD723BC80B52DED048BB0EE000A00201A
:1090F00004F02AFA9FED1D8A4FF48370B0EE480AFF
:1091000004F022FAB0EE089A0020B0EE490A04F00A
:109110001BFA40F29320B0EE480A04F015FA002042
:10912000B0EE490A04F010FA4FF4C460B0EE480AF9
:1091300004F00AFAB1EE040A002004F005FA9FEDEB
:109140000C0A40F2174004F0FFF940F28460C2F2CA
:109150000000016843F684420139C2F20002116046
:1091600001210160BDEC048B80BD00BF00004843BD
:109170000000FA4310B5FBF793FA40F27462C2F2B2
:109180000002116844F2902C41F25C5EC2F2000CC5
:1091900001EB4103C2F2000EDCF800400EEB83034A
:1091A0009B68041B9C424FF0000416D343F6844393
:1091B000C2F200031B6801311160994281BF012492
:1091C00001211160CCF8000010689FED050A00EB4A
:1091D00040003EF8200004F0BDFB204610BD00BF5B
:1091E000CDCCCC3D0A2005F049FEFFF77BFF41F2D4
:1091F000505441F2545541F25856C2F20004C2F2A2
:109200000005C2F2000603E02046012105F060FEE1
:1092100006F0F2FC29882060481C2880FFF7AAFF8E
:10922000B5F90000B0F5617FEEDB04F0E1FB3068DA
:1092300004F0F4FEE8E70000FEE7000000F007009D
:1092400080F00703042B28BF04234FF0FF3C0338B2
:109250000CFA03F338BF0020994381400CFA00F068
:1092600022EA0000084370472DE9F043B0F800C03F
:10927000D0F80680BCF1020F00F11A021ED3B0F83C
:1092800000C098ED011AD0F80A30ACF101040027B3
:10929000002600BF7D1C08EB850191ED002A08EB3C
:1092A000870132EE412A81ED002A53F8251001365C
:1092B00043F82710B7B2BC42ECDC01E0ACF101048A
:1092C00008EB8C0313ED021AD0F80AE0D0F8025034
:1092D00031EE000A08EB84070EEB840487ED000AE8
:1092E0006545C4ED000A3CBF691CC0F8021000F1DE
:1092F0000E0340884FF00009ACEB000080B26045DF
:10930000C2F80C90C2F80890C2F80490C2F800901D
:109310003CD26FF0030101EB80010EEB010608EB7C
:109320000107ACEB000500BF97ED010A116820EEC4
:10933000000A01EE101A31EE000A10EE101A5468FD
:10934000116097ED010A01EE104A30EE010A10EEAD
:10935000101A516097ED010A916896ED011AD468D0
:1093600020EE010A01EE101A31EE000A10EE101A7A
:10937000916096ED010A01EE104A30EE010A0437C1
:10938000043610EE101A013DD160CDD11168556838
:109390009668D26801EE10CA00EE106AB8EE411A63
:1093A00002EE105A03EE102A20EE010A22EE033AD2
:1093B00030EE430A03EE101A23EE013A22EE022A9F
:1093C00033EE422A80EE020A6045C3F8089010EEA0
:1093D000101A196024D2596802EE101A6FF00301B6
:1093E00001EB80010EEB01024144ACEB000000BF39
:1093F00091ED013A92ED014A20EE033A33EE023A42
:109400009F6833EE443AB0EEC33A04EE107A34EE7D
:10941000033A0431043213EE107A01389F60E7D129
:10942000986802EE100A82EE011A11EE100A986096
:10943000BDE8F0832DE9F0414FF000088D000446AF
:109440000180C0F80280284607F086FD0646C4F871
:109450000600284607F080FD44F80E8F074644F8C2
:10946000040C30462946C4F80480F7F747FC384618
:109470002946F7F743FCC4F81880C4F81480C4F8F0
:109480001080C4F80C80BDE8F081000080B543F284
:109490004050C2F20000FBF737FB80BD70B50446B8
:1094A000006843F20B06056C00EB4110D0F8081B76
:1094B000C4F65476B54207D311F400411EBF00F53F
:1094C00030604FF4004181602046FBF7FFFEB5425B
:1094D00009D3A079012818BF70BD206804F29C420E
:1094E000012103F0B9F970BD70B5044600680E465D
:1094F00000EB4111036CD1F8082BA57901F530611F
:10950000012D27D1150737D4950650D412F0280F16
:1095100018BF70BD43F20B05C4F65475AB4202D3BD
:1095200012F4004231D106EBC60204EB8202D2F8FB
:10953000743209696FF3DF41A3EB0101C2F86812CD
:10954000AEB9D2F86432ABB3D2F860020844C2F8C4
:1095500060020CE043F20B05C4F65475FF35AB42D4
:1095600017D1100411D4900644BF20208860F1B2B6
:109570002046FBF797F970BD43F20B00C4F6547018
:10958000834213D312F4004010D04FF4004088609F
:1095900070BD3EB9D4F8641221B904F29C42002196
:1095A00003F05AF9F1B22046FBF77CF970BD202098
:1095B000886070BD04F29C42012103F04DF9D6E7AA
:1095C0002DE9F04F85B0064601EBC10006EB8000A7
:1095D000054655F8247F2C4654F8042F974254D35F
:1095E0008346D6F800C05BF81C3FBA1A9A4288BF7F
:1095F0001A460291CDF810C00CEB4111D1F8183980
:1096000003329BB2B3EB920F2ED300F120080298E5
:1096100001F510615FFA80FA039100BF20682968A4
:10962000814221D9DBF80020A1EB00099145D8F84F
:109630000010B77988BF914604981FFA89F3524603
:10964000009703F05FFCD8F8000021684844C8F890
:10965000000001EB09002060039809F10301806913
:1096600080B2B0EB910FD9D2286821688842029865
:109670000BD8049B00F00F000121D3F8342801FA25
:1096800000F022EA0000C3F8340805B0BDE8F08F0E
:1096900010B5044690F8680010B19FED270A10BD80
:1096A00084ED080A30EEC00A94ED161AB0EEC02A16
:1096B000B4EE412AF1EE10FAC4ED000A84ED0A0A74
:1096C0002EDD94ED043A94ED0D6A20EE033A94ED0C
:1096D000032A36EE033A94ED0B6A94ED011A94EDE9
:1096E000054A94ED065A20EE022A30EE460A84ED31
:1096F0000C2A24EE000A30EEC11A32EE032A84ED61
:109700000E0A25EE011A32EE000A30EE010A20465A
:1097100084ED0D3A84ED0F1A84ED110A04F07EFAFF
:10972000206A2168606294ED110AA06A616084ED8C
:10973000120AE06210BD00BF0000000010B52DED60
:10974000048B044690F99800B0EE608AB0F1FF3FB8
:10975000B0EE409A02DC204604F092FA04F18C004C
:10976000F8F7AEFF10EE100AC4F8900019EE100AD8
:10977000D4F8A210206118EE100A38EE490A2060D1
:1097800010EE100AA06109B120468847A069A16CBB
:1097900000EE900AB0EEE00A01EE101AB4EE410AB3
:1097A000F1EE10FA40F3AA80D4F89400616800EE5C
:1097B000101A80B30168426801EE101A30EE010AF7
:1097C00020EE800A10EE101AD0F808C06162A1687D
:1097D000D4F8900000EE101A01EE102A30EE010AC3
:1097E00020EE801A00EE100A20EE011AE36811EE56
:1097F000100A2063B4F8600001EE103A02EE10CABD
:10980000032831EE028A20D304F16200FFF72CFD19
:1098100028EE000A22E020EE800A10EE100A6062B4
:10982000A068D4F8902000EE100AE16820EE801ABB
:1098300000EE102AB4F8602021EE001A11EE100A92
:10984000032A08EE101A2063DED2E06901EE100A46
:1098500030EEC11A28EE011A81EE000AD4F8A610E3
:1098600010EE100AE06209B12046884794F898008B
:10987000400702D5204604F069FA94F89800800663
:1098800002D5204604F0BCF894F89800800702D571
:10989000204604F007F994F89800400602D52046C7
:1098A00004F0E2F894F89800C00702D0204604F0D3
:1098B00055F9A16A226B606AE36A00EE102A01EE94
:1098C000101A30EE010A01EE100A10EE101A30EEF6
:1098D000010A01EE103A94F8980030EE010AA162F4
:1098E00010EE101AC006616302D5204604F078F924
:1098F000204604F0ABF9204604F00EFA2069A16975
:10990000E26A6061606B236B00EE100AA063E263A1
:10991000E1612362BDEC048B10BD000090ED072ACD
:1099200030EEC00A90ED051AB0EEC03AB4EE423AFD
:1099300080ED091AF1EE10FA80ED050ABCBF002196
:10994000416190ED050A90ED043AB0EEC04AB4EEE4
:10995000434AF1EE10FA10DAB1EE423AB5EE400A9F
:10996000F1EE10FAC8BFB0EE432A90ED063A30EEA1
:10997000022A32EE032A80ED062A90ED032A90EDAA
:10998000064AB1EE423AB4EE434AF1EE10FAB8BFDD
:1099900080ED063A90ED063AB4EE423AF1EE10FA56
:1099A000C8BF80ED062A90ED002A90ED013A90EDB7
:1099B000065A90ED024A20EE022A23EE053A30EED6
:1099C000410A32EE032A20EE040A32EE000A80ED4C
:1099D000080A704730EEC00A90ED072AB0EEC03A90
:1099E000B4EE423AF1EE10FA80ED050ABCBF002158
:1099F000416190ED050A90ED043AB0EEC04AB4EE34
:109A0000434AF1EE10FA10DAB1EE423AB5EE400AEE
:109A1000F1EE10FAC8BFB0EE432A90ED063A30EEF0
:109A2000022A32EE032A80ED062A90ED032A90EDF9
:109A3000064AB1EE423AB4EE434AF1EE10FAB8BF2C
:109A400080ED063A90ED063AB4EE423AF1EE10FAA5
:109A5000C8BF80ED062A90ED002A90ED013A90ED06
:109A6000065A90ED024A20EE020A23EE052A30EE55
:109A7000020A24EE011A30EE010A80ED080A70474E
:109A800070B5054611EE100AA86410EE900A6864DD
:109A900010EE100A286411EE900A686012EE100AA7
:109AA000A86012EE900AE86013EE100A286513EE23
:109AB000900A686514EE100AA86514EE900A002654
:109AC000E86505F1620014462E602E63A5F860106B
:109AD000FFF7B0FCC5F88C6085F89840C5F89D602C
:109AE000C5F8996085F8A1606E6370BD04EE101A28
:109AF000B8EE444A002100F10C0280ED144A80EDDA
:109B0000150AC0ED160A016082EC051A016470475F
:109B1000EFF30980BFF36F8F154B1A681EF0100F1B
:109B200008BF20ED108A20E9F04F10602DE90900F0
:109B30004FF0500080F31188BFF34F8FBFF36F8F4A
:109B400005F0D2FB4FF0000080F31188BDE809005A
:109B500019680868B0E8F04F1EF0100F08BFB0ECAD
:109B6000108A80F30988BFF36F8F704700BF00BF72
:109B7000B83D002041F2BC3540F6BC0641F6B8576E
:109B800043F68844C2F20005C2F20006C2F20007A2
:109B9000C2F2000495ED040A97ED041AD6ED010A0D
:109BA000D6ED031A204603F0F5FC0A2004F08CF9E8
:109BB000F0E70000081AB0F5805FA2BFA1F50050E1
:109BC00000B2704710F5805FD8BF01F5005108B2B0
:109BD0007047000030EE600AB5EE400AF1EE10FA70
:109BE00009DDB4EE410AF1EE10FACCBF30EE810A85
:109BF00030EE200A7047B1EE412AB4EE420AF1EE8F
:109C000010FAB4BF30EEC10A30EE200A70470000EF
:109C100040F22C10C2F20000017A013902292CD83E
:109C2000417A0139022928D801884288A1F5B67104
:109C3000B1F5A56F4FF00001A2F5B67288BF012102
:109C4000B2F5A56F4FF0000288BF01221143828850
:109C50000023A2F5B672B2F5A56F4FF0000288BFDF
:109C60000122C0881143A0F5B670B0F5A56F88BF7A
:109C7000012343EA0100404270474FF0FF30704734
:109C800081790020502988BF4FF0FF3070470000D5
:109C900080B50A8813BA4FEA134CA0F800C04A886E
:109CA00012BA120C42808A8812BA120C828091F881
:109CB00006E0028980F806E0C2EB1342CB7911B2CC
:109CC000B1F5805FC37102DD4289013A428111F52D
:109CD000805F02DA418901314181B0F90A109FEDBC
:109CE000081A0CEB413100EE101AB8EEC00A20EE53
:109CF000010AC160A0F808C080ED040A80BD00BF61
:109D00000000343D40F22C10C2F200004FF004215C
:109D10000160416040F202210181017D827D01F0FC
:109D2000FD01017502F0FD0181750021C0F80A10E6
:109D3000C0F80E1041827047B0F90010B0F902204F
:109D4000A1F5806100EE101A9FED372AB0F90430BA
:109D5000B8EEC00AA2F5806180EE024A00EE101A49
:109D6000B0F90600B8EEC00AA3F5806180EE023AB1
:109D700000EE101AB8EEC00AA0F5806080EE021A5C
:109D800000EE100AB8EEC00A80EE020A41F60000AA
:109D90009FED262AC2F200000121017041F2E44049
:109DA000B4EE424AC2F20000F1EE10FA80ED004A31
:109DB00080ED013A80ED021A80ED030A08DC9FED88
:109DC0001C5AB4EE454AF1EE10FAA4BF002101601E
:109DD000B4EE423AF1EE10FA08DC9FED154AB4EE0B
:109DE000443AF1EE10FAA4BF00214160B4EE421AE9
:109DF000F1EE10FA08DC9FED0E3AB4EE431AF1EEE4
:109E000010FAA4BF00218160B4EE420AF1EE10FA0C
:109E1000C8BF70479FED061AB4EE410AF1EE10FA82
:109E2000A4BF0021C160704700002544CDCCCC3DCB
:109E3000CDCCCCBD10B50178427840F22C1462F341
:109E40000A21C2F20004218041788378C90863F3B3
:109E50004A116180C17802798378890041EA9311BF
:109E600002F0010241EA8221A18001794279490888
:109E700062F3CA11E1804179890921724179C1F304
:109E800001116172C288032962810289A28142891B
:109E9000E281027BA274427BE274C089A0820AD074
:109EA00002290FD001290FD140F22C10C2F200007C
:109EB000FFF742FF08E0E28A81B204F10A00FFF7EF
:109EC0008DF801E000F0BAF8608AA18A2082E18270
:109ED00010BD000070B582B00D4616460221012269
:109EE0002B460446009600F039F828B1606D032532
:109EF00040F0200060652DE040F2A050C2F200006A
:109F0000006849F68171C1F25E61A0FB0101480D54
:109F10004FF47A71484301906068B0F5827F0FD1A9
:109F20002046802100222B460096002500F016F8DE
:109F300080B1606D032540F0200060650AE000BF3D
:109F4000019830B1019801380190206880680006BE
:109F5000F6D40025284602B070BD00002DE9F04778
:109F600082B00A9C984615460E468146FAF798FB41
:109F7000201A00EB0804FAF793FB40F2A051C2F25A
:109F800000010968C1F3CB3161430191D9F8001098
:109F900089683140891BB1FA81F14909A94203D18D
:109FA000002002B0BDE8F087824608F1010709E011
:109FB000D9F8000080683040801BB0FA80F040097A
:109FC000A842EDD0002FF3D0FAF76AFBA0EB0A000D
:109FD000A04207D201980199002808BF0446481EF4
:109FE0000190E5E7D9E900014268B1F5827F22F0EE
:109FF000E00242600BD1D9F80810B1F5004F02D051
:10A00000B1F5806F03D1016821F040010160D9F8FA
:10A010002810B1F5005F07D1016821F400510160FB
:10A02000016841F400510160012089F851000020CD
:10A0300089F85000032002B0BDE8F08741F6000027
:10A04000C2F2000002210170704700000000000011
:10A05000074B19680868B0E8F04F80F30988BFF330
:10A060006F8F4FF0000080F31188704700BF00BF72
:10A07000B83D002080B503F0EFFA80BD008870473E
:10A0800080B540F67400C2F20000007B01280AD1BE
:10A0900042F60C60C2F200000078022806D010B927
:10A0A00000F01EFA80BD00F065F980BD00F092FA64
:10A0B00080BD000010B541F2F870C2F20000418886
:10A0C0008288C08800EE101A43F23851B8EE400A78
:10A0D000C2F2000102EE100A43F23C5081ED000A88
:10A0E00001EE102A42F6AC71B8EE423AC2F200001C
:10A0F0009FED4A2AB8EE411AC2F2000180ED003A03
:10A1000030EE433A81ED001A40F670000021B4EEC3
:10A11000423A44F2882CC2F20000C4F22011F1EE5F
:10A1200010FAC2F2000C016002DDB2EE0E0A2CE061
:10A13000B4EE423AF1EE10FA23DA9FED394AB4EE6A
:10A14000443AF1EE10FA1CDDBCF80010B2EE043A0D
:10A1500005EE101A21EE034AB8EE455A9FED316A1A
:10A1600024EE054A84EE064A25EE022A82EE062AED
:10A1700020EE030A30EE040A30EE410A80EE020AB5
:10A1800003E0B2EE040A81EE000A40F27862C2F205
:10A190000002127844F2842101EE102A40F2736228
:10A1A000C2F20001B8EE411AC2F2000281ED000ACB
:10A1B00020EE010A9FED1C1A127820EE010A01EE32
:10A1C000102AB8EE411A80EE010A40F6E40140F28E
:10A1D000441341F64C0EC2F20001C2F20003C2F277
:10A1E000000E0978DA789EF8080081F0010182F00B
:10A1F0000102BCF800304FF0FF34032808BF0124EF
:10A2000051EA020008BF0124E018BDEEC00AACF814
:10A21000000010EE100AAEF8040010BD0000C842A5
:10A220000000484200007A440000704210B541F638
:10A230004C04C2F20004207A41F66411CEF29C6113
:10A240000428216088BF10BDDFE800F003123C2C19
:10A25000390000F05BFA41F2F052C2F2000241F61E
:10A260008C10D268C2F200000021C180E28010BDD3
:10A2700040F28861C2F2000101220A7041F6100129
:10A280000020C2F20001087041F2F051C2F2000158
:10A29000488141F68C12C968C2F20002A080D080C9
:10A2A000E18010BD41F2F870C2F200000078012890
:10A2B0001ABF4FF47A60A080FFF7FCFE10BD4FF28A
:10A2C0006000A08010BD0000B0B541F2F055C2F2B0
:10A2D0000005D5ED040A9FED260AB5F9022030EEFF
:10A2E000800ABDEEC01A41F64C0140F2E004B8EE1F
:10A2F000C10A11EE100AC2F2000101EE102AC2F2E8
:10A300000004C880B8EEC11A2046FFF763FBB5F918
:10A310000200D4ED080A00EE100A40F20410B8EE74
:10A32000C00AC2F20000FFF7F9FA40F23050C2F260
:10A33000000090ED110A40F24472BDEEC00A10EE2A
:10A34000100A4042C2F20002108043F2A820C2F27A
:10A3500000004FF40071FEF723FE41F6CC00C2F27C
:10A3600000000188B1F5967F84BF00210180B0BD57
:10A370000000874480B540F24472C2F2000200201F
:10A380001060908043F2A820C2F200004FF40071E8
:10A39000FEF706FE80BD000070B541F64C05C2F226
:10A3A0000005287A022802D1FFF78EFF3DE041F236
:10A3B000F050C2F20000B0F9020040F2041400EEC6
:10A3C000100AB5F90400C2F2000401EE100AB8EE5A
:10A3D000C00AF8EEC10A2046FFF7A0FA94ED080A79
:10A3E0009FED3B1A40F24471B4EE410AF1EE10FACF
:10A3F000BEBF44F20000CCF21C60206294ED080A5B
:10A400009FED341AC2F20001B4EE410AF1EE10FAE7
:10A41000C2BF44F20000C4F21C60206294ED080A3E
:10A42000BDEEC00A10EE100A088041F67406C2F2B2
:10A430000006B6F92A0040F2DC4400EE100AB5F935
:10A440000200C2F2000401EE100AB8EEC00AF8EEF3
:10A45000C10A04F12800FFF761FAB6F9020000EE24
:10A46000100AB5F90000B8EEC00A01EE100AF8EEC5
:10A47000C10A2046FFF752FA94ED121A9FED160A10
:10A480000020B4EE401AF1EE10FACCF28060B8BFB2
:10A49000A06494ED122A9FED111AB4EE412AF1EE58
:10A4A00010FAC4BF4FF08D41A16494ED082AB4EEB8
:10A4B000402AF1EE10FAB8BF206294ED080AB4EE1B
:10A4C000410AF1EE10FAC4BF4FF08D40206270BD1A
:10A4D00000401CC600401C46000080C600008046AC
:10A4E00040F6E400C2F200000078012838D140F2C2
:10A4F0004411C2F20001CA699FED351A00EE102A1C
:10A5000041F64C00B4EE410AC2F200000122F1EE25
:10A5100010FA027250DDC97800294ED042F60C6163
:10A52000C2F2000191F8712041F67001C2F20001FF
:10A5300032B10B781BB90223037201230B700AB9E5
:10A5400000220A70017A022908BF704741F2F871AF
:10A55000C2F200010978012937D0012101722BE0F4
:10A5600042F60C60C2F2000090F8702041F64C0CEC
:10A5700041F67201C2F2000CC2F2000122B10023C6
:10A580000B8003238CF8083032B99CF80820032A8A
:10A5900004BF01228CF808200A8840F6B930013245
:10A5A00093B283420A8007D39CF8080004281EBF98
:10A5B00000208CF808007047704742F60C61C2F228
:10A5C000000191F870100029F6D003210172704744
:10A5D000CDCCCC3D40F6E400C2F20000007801286A
:10A5E00041F64C00C2F200001AD140F24411C2F20E
:10A5F0000001CB7842F60C61C2F2000191ED090A2C
:10A60000B7EE001A0122B4EE410A01210272F1EE06
:10A6100010FA08BF0321012B18BF114601727047C1
:10A6200042F60C61C2F2000191ED090AB7EE001A80
:10A630000021B4EE410AF1EE10FA08BF03210172C5
:10A640007047000080B540F2DC40C2F2000090ED9F
:10A65000120A40F24471BDEEC00A90ED081A10EEE5
:10A66000100AC2F20001888041F64C00C2F20000DC
:10A67000007ABDEEC10A002810EE100A488008BF1B
:10A6800080BD43F2A82040F24472C2F20000C2F240
:10A6900000024FF40071FEF783FC80BD40F67400A9
:10A6A000C2F200008179027AC07982F0010280F062
:10A6B0000100104381F001010843B0FA80F141F23A
:10A6C000A830C2F200004B0941F64C014278C2F2B8
:10A6D0000001097A02F0FE021A44427069B140F6A4
:10A6E000E4020329C2F2000202D11378012B06D141
:10A6F0001278012A05D1032202E00A4600E0022274
:10A700008270042904BF042181707047F0B581B0C4
:10A7100041F2F051C2F20001B1F9021041F64C06CB
:10A7200040F20414C2F20006002000EE101AC2F239
:10A730000004DFED4C0A3060B080B8EEC00A20465D
:10A74000FFF7ECF841F67407C2F20007B7F92A00E8
:10A7500040F2DC4500EE100AB6F90200C2F2000534
:10A7600001EE100AB8EEC00AF8EEC10A05F12800A1
:10A77000FFF7D4F8B7F9020000EE100AB6F90000AE
:10A78000B8EEC00A01EE100AF8EEC10A2846FFF73B
:10A79000C5F894ED080A9FED341A40F24472B4EE05
:10A7A000410AF1EE10FABEBF0020CCF27A502062CE
:10A7B00094ED080A9FED2D1AC2F20002B4EE410A90
:10A7C000F1EE10FAC2BF0020C4F27A50206295ED7B
:10A7D000121A9FED270A0020B4EE401AF1EE10FA8B
:10A7E000CCF28060B8BFA86495ED122A9FED211AC3
:10A7F000B4EE412AF1EE10FAC4BF4FF08D41A964C6
:10A8000095ED082A4FF40071B4EE402AF1EE10FAEB
:10A81000B8BF286295ED080AB4EE410AF1EE10FACD
:10A82000C4BF4FF08D40286294ED080A95ED081AD8
:10A83000BDEEC00A10EE100A95ED120A1080BDEEB2
:10A84000C00A10EE100ABDEEC10A908010EE100A88
:10A85000508043F2A820C2F20000FEF7A1FB01B035
:10A86000F0BD00BF0000000000007AC500007A457E
:10A87000000080C60000804641F6C404C2F2000415
:10A8800005F0BAF92060FFF7FBFBF7F7F7FFFFF7DA
:10A89000CDFCFFF781FDFFF7D5FEFFF7FFFE204659
:10A8A000012104F015FBEBE7FEF736F9FDF766F83A
:10A8B000FDF7BCF8012003F007FBF9E780B5FDF7D1
:10A8C0000FF980BD80B54EF21000CEF20000006896
:10A8D00005F07EF9012818BF04F018FE80BD0000C5
:10A8E00070B592B006AC20463021F6F707FA002585
:10A8F00043F640000595CDE90355CDE90155009596
:10A90000C4F202000168022641F080510160006833
:10A9100000F080500090009847F200000095C4F2CB
:10A920000000016841F480410160006800F480404B
:10A9300000900098012006904FF4803007904FF46B
:10A9400080000D9006200E90A820CDE90F0607206C
:10A95000119020460C96FAF72BFE88B90F20CDE90E
:10A9600001064FF4A05004904FF48050059001A8C8
:10A9700005210395FAF7EEFC002804BF12B070BD64
:10A98000F7F7C2FF4EF68850CEF20000016841F49E
:10A99000700101607047000080B543F6D420C2F218
:10A9A0000000FBF795FB80BD80B543F61C30C2F27A
:10A9B0000000FBF78DFB80BD10B540F6FF3E03683D
:10A9C000C4F2000E40F2004C7045C4F2010C0FDCE2
:10A9D000B0F1804F19D040F20042C4F20002904220
:10A9E00013D040F60002C4F2000290420DD010E0F5
:10A9F00040F60042C4F20002904206D0604504D006
:10AA00000022C4F20102904203D14A6823F070038D
:10AA1000134341F6FF72C4F2000290420DDC704510
:10AA20001FDCB0F1804F41D040F20042C4F200027E
:10AA300090423BD040F6000221E043F6FF72C4F2A0
:10AA40000102904220DC42F20002C4F20002904275
:10AA50002CD00022C4F20102904227D0604525D0BC
:10AA600028E040F60042C4F2000290421ED041F6B7
:10AA70000002C4F20002904218D041F60042C4F233
:10AA80000002904212D015E044F20002C4F201022A
:10AA900090420BD044F60002C4F20102904205D06D
:10AAA00044F20042C4F20102904203D1CA6823F486
:10AAB0004073134323F080024B69D1F800E08C68A7
:10AAC0001A430260C46240F48062C0F828E0624524
:10AAD00004BF09690163012141610169C90708BF18
:10AAE00010BD016921F00101016110BD80B501F0C7
:10AAF0001F014FF0010CD0F820E00CFA01F32EEA10
:10AB000003030362036A02FA01F11943016280BD83
:10AB1000D0F808C011432CF47F4C41EA032141EAEC
:10AB20000C01816070470000826822F070021143BE
:10AB300041F0070181607047B0B5026A036A40F2D4
:10AB4000004523F001030362D0F804E0D0F818C0F8
:10AB50008C6822F0020240F48063C4F20105AB422B
:10AB600042EA040205D1CC6822F00C0224F004046D
:10AB700022430C68AB4207D1D1E905532EF4407E45
:10AB800045EA0E0545EA030E2CF073032343C0F893
:10AB900004E08361496841630262B0BD70B5026A36
:10ABA000036A40F2004423F010030362D0F804E08B
:10ABB000D0F818C08D6822F0200240F48063C4F2FF
:10ABC0000104A34242EA051207D1CD686FF04006A6
:10ABD00022F0C00206EA05152A430D68A34207D1F8
:10ABE000D1E905642EF4406343EA860343EA840E08
:10ABF0002CF4E64343EA0523C0F804E08361496886
:10AC00008163026270BD000070B5026A036A40F29F
:10AC1000004423F480730362D0F804E0D0F81CC031
:10AC20008D6822F4007240F48063C4F20104A342F0
:10AC300042EA052207D1CD6840F2FF462D0222F4F8
:10AC40004062B5432A430D68A34207D1D1E90564A8
:10AC50002EF4405343EA061343EA041E2CF0730318
:10AC60002B43C0F804E0C3614968C163026270BD50
:10AC700070B5D0F820C0026A40F2004622F480523B
:10AC800002624268C3690C68D1F808E040F480654C
:10AC9000C4F20106B54204D14D6922F4804242EA71
:10ACA000851223F4E64343EA04234260C3612CF493
:10ACB0000056496846EA0E320164026270BD000027
:10ACC00000684FEAB101C36A934238BFC26A0329E0
:10ACD00088BF7047DFE801F0020B050891B24163BD
:10ACE000704791B2C163704791B20164704791B2ED
:10ACF00081637047D0F820C0036A23F00103036228
:10AD0000836923F0F00343EA02122CF00A0319438B
:10AD10008261016270470000D0F820C0036A23F00E
:10AD200010030362836923F4704343EA02322CF078
:10AD3000A00343EA011182610162704780B5806B14
:10AD40000021C185C184FBF77DFC80BD10B5846BFB
:10AD50002068406994F84110212907D110F0800043
:10AD600004D00020E084204600F0C2F8206840694A
:10AD700094F84210222907D110F0400004D000209E
:10AD8000E085204600F080F8606C40F010006064C0
:10AD90002046FBF757FC10BD80B50168806B096841
:10ADA000C9052FD40021C185016851E8031F02683D
:10ADB00021F4807142E80313002BF5D1016851E8BA
:10ADC000051F026821F0010142E80513002BF5D1AF
:10ADD000016851E8051F026821F0400142E80513AF
:10ADE000002BF5D1202180F84210016B012909D1F7
:10ADF000016851E8031F026821F0100142E80313C3
:10AE0000002BF5D100214163016B012903D1818D14
:10AE1000FBF700FC80BDFBF7C7FE80BD80B5806BF3
:10AE200001214163016B012904D1818D4908FBF7A0
:10AE3000F1FB80BDFBF7BAFE80BD000080B5016864
:10AE4000806B0968C90516D40021C184016851E8E6
:10AE5000051F026821F0800142E80513002BF5D19F
:10AE6000016851E8031F026841F0400142E8031302
:10AE7000002BF5D180BDFBF733FF80BD80B5806B23
:10AE8000FBF730FF80BD0000016851E8031F026836
:10AE900021F4907142E80313002BF5D1016851E8C9
:10AEA000051F026821F0010142E80513002BF5D1CE
:10AEB000016B01290AD100BF016851E8031F026834
:10AEC00021F0100142E80313002BF5D1202180F876
:10AED000421000210163704780B50168CA6822F002
:10AEE0004002CA60202180F84110FBF7F9FE80BDC6
:10AEF000016851E8031F026821F0C00142E8031312
:10AF0000002BF5D1202180F84110704780B582B028
:10AF100090F8421022291ED18268B2F5805F02D1DA
:10AF2000016900294AD0816AB2F5805F07D00AB969
:10AF3000026922B10268526802F07F0201E00268F1
:10AF400052680A700121826A11448162C18D0139FF
:10AF50000A04C18501D002B080BD0168CA6822F030
:10AF60002002CA60CA6822F48072CA604A6922F06C
:10AF700001024A61202180F8421000214163026BE6
:10AF8000012A23D1016300BF016851E8031F026851
:10AF900021F0100142E80313002BF5D101680A6883
:10AFA000D20606D5002201920A68019249680191F1
:10AFB0000199818DFBF72EFB02B080BD0168826A8A
:10AFC00049686FF35F2111800221BCE7FBF7ECFDBC
:10AFD00002B080BD10B504460068D4E902C22369FE
:10AFE000016921F4405111430161626943EA0C0196
:10AFF000E3691143C268194349F20C639A43114350
:10B00000C1604169A26921F4407141F200431143DA
:10B0100040F48062C4F201039A42416102D1FAF71E
:10B0200081FA01E0FAF76CFAE16963681922B1F577
:10B03000004FA0FB02011CD15A00DB0FF5F714FEF4
:10B0400048F21F51C5F2EB11A0FB01235A096FF022
:10B05000630302FB0300322303EBC000A0FB0101EA
:10B060004FF4F87000EA111000EB0210C1F3421126
:10B070001AE09A009B0FF5F7F7FD48F21F51C5F251
:10B08000EB11A0FB01235A096FF0630302FB0300DD
:10B09000322303EB0010A0FB0101F02000EA511065
:10B0A00000EB0210C1F3431122680843906010BD09
:10B0B00070B582B0134600260446816283854664DB
:10B0C000222084F842000A462168E06B4AF6995C27
:10B0D0004AF61D6E4AF64D55C0F6000CC0F6000E3D
:10B0E000C0F600050431C0E90FCEC0E91356F9F7E8
:10B0F000ADF90196206801680191406801900198BE
:10B10000206948B1206850E8030F216840F480703E
:10B1100041E80302002AF5D1206850E8050F2168B4
:10B1200040F0010041E80502002AF5D1206850E80E
:10B13000050F216840F0400041E80502002AF5D1E2
:10B14000002002B070BD0000816200218285C285AE
:10B150004164222180F84210016921B10168CA6866
:10B1600042F48072CA600168486940F00100486199
:10B17000C86840F020020020CA60704790F8411073
:10B18000212923D18168B1F5805F01D1016931B1F5
:10B19000016A02684B1C03620978516007E0016A8A
:10B1A000036831F8022B6FF35F225A600162C18C91
:10B1B00001390A04C18418BF70470068C16821F0D2
:10B1C0008001C160C16841F04001C160704700006A
:10B1D0002DE9F04182B004460068006808408842CA
:10B1E00003D1002002B0BDE8F0811D460E46904616
:10B1F0005F1C04E0206800683040B04228D0002F77
:10B20000F8D0F9F74DFA01464FF003000DB3A1EB6A
:10B210000801A9421DD82068C1684907EAD5402E17
:10B22000E8D0802EE6D001680907E3D50025019516
:10B23000016801914068019001982046FFF724FEC3
:10B240000820606484F84050012002B0BDE8F0811D
:10B25000002002B0BDE8F08180B543F6AC30C2F208
:10B260000000FBF7FBF980BD80B582B043F6F430F7
:10B27000C2F2000000680168890635D444F6000176
:10B28000C4F200010968C9064CD50021009101688B
:10B29000009140680090009841F60400C2F200005E
:10B2A000F7F7E2FB43F27840C2F200000068242383
:10B2B00002680168120321F00101016041684360E6
:10B2C00089B21AD40268122942F40022026002688C
:10B2D00042F00102026025D144F23120C2F20000A6
:10B2E000FEF7A8FD02B080BD002101910168019127
:10B2F00040680190019802B080BD46F22802C4F275
:10B3000002021368122923F400231360026842F03A
:10B310000102026006D144F23120C2F20000243062
:10B32000FEF788FD02B080BD80B543F63C40C2F216
:10B330000000FBF793F980BDB0B5D0F8D42200EB44
:10B340008202D2F8C03233B301F00F058C4605EB10
:10B35000850100EB810151F8184F64B1D0F8C8E2C3
:10B3600005EBC5050EEB8505D5F81CE0B4FBFEF535
:10B3700005FB1E458DB10024C3F81442D2F8C40267
:10B38000056935B1D3F8080203F504716246A84790
:10B3900000242046B0BD0320B0BD00240C606146EF
:10B3A0000022002300F048FE2046B0BDB0B50446A0
:10B3B000D0F8D40204EB8000D0F8C05295B12046FA
:10B3C00000F012FDD4F8D412C5F80C0204EB810190
:10B3D000D1F8C412D5F80402CA6805F50371904784
:10B3E0000020B0BD0320B0BD70B58121044600F03F
:10B3F0004BFC002520460121258700F045FC204616
:10B400008221A4F8785100F03FFCD4F8D402E5641E
:10B4100004EB8000D0F8C01289B1D0F8C4024068B3
:10B420008047D4F8D40204F5307656F8200001F0B5
:10B430001FF8D4F8D40246F82050C4F8BC520020BB
:10B4400070BD000010B5D0F8D41200EB8100D0F828
:10B45000C04284B1D0F8C41279B194F80002FF2838
:10B460000BD08B6894F8012221469847FF2084F87E
:10B470000002002010BD032010BD002010BD000000
:10B48000014640F220600A22C2F200000A807047A2
:10B49000F0B581B040F2DC57C2F2000704463846EE
:10B4A000822100F04BFB06463846012100F046FBA6
:10B4B00005463846812100F041FB002E1CBF1021BB
:10B4C000B171002D1CBF4021A98000281CBF402164
:10B4D0008180432140F2DC50C2F20000218001B0A3
:10B4E000F0BD0000F0B581B040F2DC57C2F20007B9
:10B4F00004463846822100F021FB064638460121E9
:10B5000000F01CFB05463846812100F017FB002E99
:10B510001CBF1021B171002D1CBF4FF40071A98018
:10B5200000281CBF4FF400718180432140F2DC50A1
:10B53000C2F20000218001B0F0BD0000F0B581B082
:10B5400040F2DC57C2F2000704463846822100F080
:10B55000F5FA06463846012100F0F0FA054638466D
:10B56000812100F0EBFA002E1CBF1021B171002DDB
:10B570001CBF4021A98000281CBF4021818043219D
:10B5800040F2DC50C2F20000218001B0F0BD0000AA
:10B590002DE9F04104464FF4077000F06BFF0028DE
:10B5A0004DD04FF407710546F5F7A8FBD4F8D40247
:10B5B000402704EB8000C0F8C052207CC4F8BC5285
:10B5C000002808BF4FF400772046812102223B4625
:10B5D000022600F07DFC4FF00108204601210222E6
:10B5E0003B46A4F8388000F073FC1020A4F84E000D
:10B5F0002046822103220823A4F8788100F068FC09
:10B60000D4F8D4020027C5F8047204EB8000D0F807
:10B61000C402A4F84C8000688047C5F81472C5F8CD
:10B620001872D5F804223AB1207C90B1204601214D
:10B63000402300F059FC00263046BDE8F081D4F8E4
:10B64000D402002104EB8000C0F8C0120220BDE843
:10B65000F081204601214FF4007300F045FC0020EA
:10B66000BDE8F08180B5D0F8D41200EB8101D1F8AB
:10B67000C01271B190F810C0D1F80422402301210A
:10B68000BCF1000F08BF4FF4007300F02DFC002048
:10B6900080BD032080BD000000290FBF0320D0F82B
:10B6A000D42200EB8200C0F8C41218BF00207047FB
:10B6B000D0F8D42200EB8200D0F8C00200280EBFE0
:10B6C0000320C0F80412002070470000D0F8D432E4
:10B6D00000EB8300D0F8C00200280FBF0320C0F8A1
:10B6E0000812C0F8102200207047000070B582B028
:10B6F0000446D0F8D4020D4604EB8000D0F8C062B6
:10B7000000218DF80710ADF80410C6B1297811F0AA
:10B71000600216D0202A2BD1EA88002A2ED00906F2
:10B7200035D46878314686F800022046402A28BF82
:10B73000402286F8012200F0C3F8002660E00326CC
:10B740005EE068780B2844D80026DFE800F0065950
:10B750004242424242424242303C94F89C02032818
:10B760003DD101A92046022200F0C4F8002647E09E
:10B770002046294600F09AF8032641E0D0F8C4029A
:10B7800029468368687800220026984738E0D0F878
:10B79000C4023146836868789847EA882046314673
:10B7A000072A28BF072200F0A5F8002628E094F811
:10B7B0009C02032819D10DF107012046012200F057
:10B7C00099F800261CE094F89C02032813D1002667
:10B7D00016E02046294600F069F8032610E02046CE
:10B7E000294600F063F803260AE02046294600F0C7
:10B7F0005DF8032604E02046294600F057F80326AA
:10B80000304602B070BD000080B5D0F8D41200EB15
:10B810008101D1F8C0223AB1D2F8141200294FF0B8
:10B82000010103D0084680BD032080BDC2F8141278
:10B83000D2F81032D2F808228121C36200F0FCFB5A
:10B840000021084680BD000080B5D0F8B8225268BB
:10B850009047002818BF032080BD000080B590F8F5
:10B860009C22013A022A09D84988012918BF80BDC3
:10B870000021C0F8A41200F04BF880BD00F016F8CB
:10B8800080BD0000002070470020704780B513463F
:10B890000A46002100F028FB002080BD80B5134639
:10B8A0000A46002100F0C8FB002080BD10B58021B1
:10B8B000044600F0A3FB2046002100F09FFB10BDD2
:10B8C00080B513460A460321C0F894120021C0E94E
:10B8D000563300F009FB002080BD000080B5052133
:10B8E000C0F8941200210022002300F0FDFA00208D
:10B8F00080BD000080B513460A460221C0F89412AC
:10B900000021C0E9063300F097FB002080BD000055
:10B9100080B50421C0F8941200210022002300F019
:10B920008BFB002080BD000010B541F69814C2F2D8
:10B9300000040A4602A0214600F056F9204610BD38
:10B9400043444320436F6E666967000040F22C60F9
:10B950001222C2F200000A807047000010B541F6C2
:10B960009814C2F200040A4602A0214600F03CF9F5
:10B97000204610BD43444320496E7465726661637E
:10B980006500000040F254600422C2F200000A8008
:10B990007047000010B541F69814C2F200040A4640
:10B9A00002A0214600F020F9204610BD53544D69F5
:10B9B00063726F656C656374726F6E6963730000A8
:10B9C00010B541F69814C2F200040A4602A02146BE
:10B9D00000F00AF9204610BD53544D333220566909
:10B9E000727475616C20436F6D506F72740000004B
:10B9F00080B51A200880F7F73DF840F25860C2F28F
:10BA0000000080BD80B5C988012910D190F89C1232
:10BA10004A1E022A04D20022014641F8082F02E001
:10BA2000032904D1011D0122FFF764FF80BDFFF748
:10BA30003DFF80BDB0B582B0044648880D464FF04A
:10BA4000FF3101EB102100220629ADF8062061D854
:10BA5000DFE801F00414086060212A00D4F8B40281
:10BA6000026841E0C0B2052854D8DFE800F003299D
:10BA70002D313539D4F8B402426834E0217CD4F851
:10BA8000B80200290CBF816AC16A0DF1060088471F
:10BA90000146022012E0207CE0BBD4F8B802416BE2
:10BAA0000DF10600884723E0207C98BBD4F8B8024B
:10BAB000016B0DF10600884701460720487018E029
:10BAC000D4F8B40282680EE0D4F8B402C2680AE086
:10BAD000D4F8B402026906E0D4F8B402426902E084
:10BAE000D4F8B4028269AAB1207C0DF10601904716
:10BAF00001460120A8B1EA88AAB1BDF80600B8B194
:10BB0000904238BF02462046ADF80620FFF7F2FE0D
:10BB100002B0B0BD2046FFF7C9FE0021002000287A
:10BB2000E9D102B0B0BD2046FFF7F2FE02B0B0BDD1
:10BB30002046FFF7BBFE02B0B0BD000070B582B07A
:10BB400004464288007882421AD90D466188ADF8D1
:10BB50000600814214D90DF10606204605E000BF1B
:10BB6000BDF80610628891420AD2314600F01CF8F6
:10BB700041780529F4D18178A942F1D102B070BD94
:10BB8000002002B070BD0000017849B1411E0020C4
:10BB90008A780130002A01F10101F9D1C0B2704761
:10BBA0000020C0B27047000002780B881044134494
:10BBB0000B80704780B590F89C22013A022A0FD87A
:10BBC000C98802290CD1D0F8A4120322002908BF89
:10BBD0000122014641F80C2F0222FFF78BFE80BDA7
:10BBE000FFF764FE80BD000070B5F0B11646054653
:10BBF0000C46FFF7C9FF022101EB400030802070A6
:10BC0000032060702878002808BF70BD691E0222DA
:10BC1000002300BFD6B2A05546F001002354887817
:10BC20000232002801F10101F4D170BD032884BF64
:10BC30000320704740F20031C000C0F2013121FA08
:10BC400000F0C0B270470000002804BF0320704716
:10BC500080B50023C0F8B832C0F8C4320029C0F85B
:10BC6000D03218BFC0F8B412012180F89C120270C3
:10BC700000F0C0F880BD000080B5D0F8C802F8F729
:10BC80005DFEFFF7D3FF80BD80B5D0F8C802F8F79E
:10BC90002FFEFFF7CBFF80BDB0B5044689B194F805
:10BCA0009C0203284FD1D4F8B8024269002A4AD036
:10BCB0000020C4F8D40220469047002808BF002086
:10BCC000B0BDD4F89402022836D1D4E907108142DD
:10BCD0000DD90B1A204611461A46E361FFF7DEFD27
:10BCE000204600210022002300F0FEF824E00FD1BE
:10BCF000A16981420CD3D4F89802814208D220462F
:10BD0000002100220025FFF7C9FDC4F89852E7E79B
:10BD100094F89C02032808D1D4F8B802C16821B174
:10BD20000020C4F8D402204688472046802100F035
:10BD300065F92046FFF7D2FD94F8A00200281CBF49
:10BD4000002084F8A0020020B0BD000010B5044619
:10BD500069B194F89C0203281DD1D4F8B802826915
:10BD60000020CAB1C4F8D4022046904714E0D4F8A9
:10BD70009402032824D1D4E95703984210D9C01A59
:10BD8000C4F85C01984238BF0346204611461A4663
:10BD9000FFF77CFD14E00020002808BF002010BD44
:10BDA00094F89C02032808D1D4F8B802016921B1A3
:10BDB0000020C4F8D402204688472046FFF7A8FD9B
:10BDC000002010BD0020704780B5012180F89C1232
:10BDD000D0F8B81231B14A6801799047002818BFED
:10BDE000032080BD002080BD80B5D0F8C802F8F7E0
:10BDF000D5FD80BD10B5017809B1002010BD43F21A
:10BE00004051C2F20001C1F8E004C0F8C8124FF07E
:10BE1000A0400860042008714FF40070C880022020
:10BE2000C1F809000020C8810846F9F753F9002835
:10BE300018BFF6F769FD43F24054C2F200042046F1
:10BE40008021F8F7F1FC204600214022F8F7F0FCB1
:10BE5000204601218022F8F7EBFC002010BD0000F5
:10BE6000D0F8C80201F07F0202EBC20200EB8200B0
:10BE700000F11602090658BF00F2562210787047EA
:10BE800080B5D0F8D42200EB8202D2F8B82242B1B9
:10BE900090F89C32032B02D1126A02B19047002025
:10BEA00080BD032080BD000080B5D0F8D42200EB17
:10BEB0008202D2F8B82242B190F89C32032B02D110
:10BEC000526A02B19047002080BD032080BD00006F
:10BED00080B59446D0F8C8021A466346F8F768FD64
:10BEE000FFF7A4FE80BD000080B5D0F8C802F8F7C7
:10BEF00091FDFFF79BFE80BDF0B581B001260025C6
:10BF000080F89C62C0F8945204464560D0F8B802AC
:10BF1000C4F8A45284F8A05250B142683AB1204605
:10BF2000002190470546002818BF032500E00025A2
:10BF300020460021002240234027FFF7C9FF20466A
:10BF4000802100224023A4F86461C4F86071FFF7E7
:10BF5000BFFFA6842846276201B0F0BD90F89C126E
:10BF6000042904BF90F89D1280F89C1200207047AD
:10BF700080B590F89C12032906D1D0F8B81219B1F7
:10BF8000C969002918BF8847002080BD02460020EB
:10BF90001174704780B5D0F8C802F9F783F9FFF73C
:10BFA00045FE80BDB0B500F2AA250446284600F043
:10BFB0004BF80120C4F8940294F8AA02B4F8B02215
:10BFC00000F01F010229C4F8982207D001290AD0E5
:10BFD00071B92046294600F011F9B0BD2046294626
:10BFE00000F048F9B0BD2046294600F003FAB0BD84
:10BFF00000F08001204600F001F8B0BD80B5D0F817
:10C00000C802F8F729FDFFF711FE80BD80B5D0F812
:10C01000C802F9F765F9FFF709FE80BD014690F8FF
:10C020009C02042204281CBF91F89C0281F89D0206
:10C03000002081F89C22704780B5D0F8C802F8F73C
:10C0400041FDFFF7F3FD80BDB0B50C46097805460C
:10C05000017060786870A01CFEF710F86880201DE1
:10C06000FEF70CF8A880A01DFEF708F8E880B0BD28
:10C0700010B582B004460020ADF80600B1B1D4F886
:10C08000D42204F52E70C4F8B81250F82200C16A08
:10C0900021B10DF106008847C4F8D002D4F8D802C7
:10C0A0000130C4F8D802002002B010BD032002B055
:10C0B00010BD0000B0B58A88044642B9C88830B9BE
:10C0C00048887F2803D894F89C12032903D120467E
:10C0D000FFF7ECFBB0BD00F07F052046294684F851
:10C0E0009E52FFF757FF2046FFF712FC002D14BFAA
:10C0F0000220012084F89C02B0BD000080B5D0F879
:10C10000B82212B11268904780BD002080BD0000A7
:10C11000B0B50446488841F69415C2F2000510F007
:10C12000FE0F287004D02046FFF7C0FB0320B0BDEF
:10C1300094F89C22C1B2032A0CD0022A22D189B3DE
:10C1400020466160FFF7DAFF054680B32046FFF71F
:10C15000ADFB15E0F9B16068884223D0C1B220463A
:10C16000FFF772FB297820466160FFF7C7FF05469D
:10C1700028B32046FFF79AFB21792046FFF764FB9E
:10C18000022018E02046FFF791FB29782046FFF7B0
:10C190005BFB0320B0BD022084F89C022046616056
:10C1A000FFF752FB2046FFF7B3FB0020B0BD20464F
:10C1B000FFF7AEFB032084F89C022846B0BD204662
:10C1C000FFF7A6FB2846B0BD80B54A88022A07D0F3
:10C1D000012A0BD10121C0F8A412FFF799FB80BD01
:10C1E000497980F8A012FFF793FB80BDFFF75EFB53
:10C1F00080BD000080B5FFF709FF80BD80B50A78DB
:10C2000012F060020CD0402A01D0202A16D1D0F8BA
:10C21000D42200EB8202D2F8B8229268904780BD07
:10C220004A78092A0AD8DFE802F0050D0911091534
:10C230002009191DFFF7BEFC002080BDFFF736FB6B
:10C24000002080BDFFF70AFB002080BDFFF7BCFF88
:10C25000002080BDFFF72EFF002080BDFFF7D2FB3E
:10C26000002080BDFFF754FF80BDFFF7E3FB0020F7
:10C2700080BD000070B50E460978357911F0600177
:10C2800004460CD0402901D0202922D1204629463D
:10C29000FFF7F8FA4FF00005F8B1284670BD707846
:10C2A00030B3012842D0032872D194F89C020328AD
:10C2B00040D1708848B945F08000802805D0F088CA
:10C2C00018B920462946FFF799FE2046FFF720FBC4
:10C2D00061E02046FFF7EAFA5DE0D4F8B802C4F85E
:10C2E000D4528268002AD8D020463146904770BD8B
:10C2F00094F89C0203282CD0022849D145F08000F4
:10C30000802845D105F07F0000EB800004EB800021
:10C3100000F114012A0658BF00F5AA710025204635
:10C3200002220D60FFF7E6FA284670BD94F89C02E1
:10C33000032833D002282BD145F08000802827D055
:10C3400020462946FFF75AFE20468021FFF756FE79
:10C3500021E005F00F0101EB810115F0800004EBF5
:10C36000810114BF898CB1F8641189B105F07F0196
:10C3700001EB810104EB810101F11406002845F075
:10C38000800008BF01F5AA76802825D100202AE088
:10C390002046FFF78BFA0025284670BD70880028DC
:10C3A000F9D1680603D020462946FFF765FC2046F0
:10C3B000FFF7AEFA20462946FFF764FA00284FF04F
:10C3C00000057FF46AAFD4F8B802C4F8D45282688A
:10C3D000002A7FF489AF60E720462946FFF740FD39
:10C3E0000028D3D001203060204631460222FFF7DA
:10C3F00081FAD0E770B50D460978044611F0600166
:10C4000018BF40290ED194F89C020138022803D8A5
:10C41000A88810F0FE0F0DD02046FFF747FA00263F
:10C42000304670BD2029EED02046FFF73FFA0026A7
:10C43000304670BDC1B22046FFF726FA10B1032680
:10C4400076B1F5E7D4F8B8028268002AF7D0002068
:10C45000C4F8D4022046294690470646002EE7D16C
:10C46000E8880028E4D12046FFF752FA304670BD34
:10C470007047000041F69830C2F20000704700009B
:10C4800080B54B780A78012B02F00F0324D14FF0CE
:10C49000010CD0F81CE80CFA03F343EA0E03C0F8D1
:10C4A0001C3800F5106C53015CF80300000431D413
:10C4B000886891F804E06FF3DF2053F80C1040EA2D
:10C4C0008250084340EA8E4040F0805040F40040E3
:10C4D00043F80C00002080BD4FF4803CD0F81CE8ED
:10C4E0000CFA03F343EA0E03C0F81C3800F5306081
:10C4F000520183581B040DD48B6891F804C0115865
:10C500006FF3DF23194341EA8C4141F0805141F43C
:10C5100000411150002080BD0146D0F8000940F2D2
:10C52000FF729043C1F80009D1F8040840F480720A
:10C530000020C1F80428704770B50D4602F47F4111
:10C54000B1F5807F04461AD1A06B4FF6BF7120F47D
:10C550008030A063E068CFF6BD710840E0600499C8
:10C56000E068C9B220F440100129E06003D1E0681E
:10C5700040F48010E060204600F022F810E0E0680F
:10C580001E4640F04000E060204600F019F8A16B24
:10C5900016F47F4F14BF21F4803141F48031A16340
:10C5A00005F47F01B1F5803F18BF70BDA16841F06F
:10C5B0000601A160A16841F02001A16070BD0000EA
:10C5C00081B00021009100BF0099013100910099D4
:10C5D000B1F1706F17D80169B1F1FF3FF4DC0021B0
:10C5E0000091016941F00101016100BF0099013131
:10C5F00000910099B1F1706F05D80169C907F5D1B3
:10C60000002001B07047032001B0704710B54B788F
:10C6100091F800E047F6000C012BCEF6334C00EB0E
:10C620004E1108D1D1F80039B3F1FF3F01F5106385
:10C630000DDD01241FE0D1F8002B01F53063B2F1CC
:10C64000FF3F0CF1707C0CDD4FF4803413E019686F
:10C65000012441F000611960196841F080411960BE
:10C6600009E019684FF4803441F0006119601968DD
:10C6700041F0804119600EF00F02D0F83C1804FA26
:10C6800002F29143C0F83C18D0F81C189143C0F84E
:10C690001C18186800EA0C010020196010BD000089
:10C6A0000146D0F8000E20F00300C1F8000ED1F8CA
:10C6B000040820F002020020C1F80428704700009E
:10C6C0000146D0F8000E20F00300C1F8000ED1F8AA
:10C6D000040840F002020020C1F80428704700005E
:10C6E0002DE9F04F81B091468B460446180C41214C
:10C6F000002200BF44F8212001315029FAD15FFA0D
:10C7000080FABAF1000F07D0A06B20F40010A063EC
:10C71000A06B40F4002010E0D4F8040840F00200C0
:10C72000C4F80408A06B40F40010A063A06B20F4D0
:10C730000020A063A06B20F480204FF00008A063CD
:10C7400009F47F404FEA1B61B8EB1B6FC4F8008E01
:10C7500018BF0121B0F5807F204618BF032100F0EB
:10C7600029FB2046102100F04FFA0090204600F0EF
:10C7700027FA5FFA8BF1C4F81088C4F81488C4F85B
:10C780001C8889B304F5106249014FF67F3C0027ED
:10C79000D5594FF09043002F08BF4FF0006303EAD4
:10C7A000E573D619D3512037B942C6F81080C6F8C0
:10C7B00008C0EDD104F530624FF0000C4FF67F3E1B
:10C7C000002600BF93594FF09047002E08BF4FF04E
:10C7D000006707EAE373951993512036B142C5F813
:10C7E00010C0C5F808E0EDD1D4F810181BF47F0F85
:10C7F00021F48071C4F810186FF08041C4F81880DB
:10C80000616103D1A16941F01001A161A16943F601
:10C810000002C8F23C02114319F47F0FA16103D05A
:10C82000A16941F00801A161BAF1010F05D1A16927
:10C8300041F0804141F00401A1610099084318BF13
:10C84000012001B0BDE8F08F0146806820F00102B0
:10C8500000208A6070470000D0F840C043F20B030C
:10C86000C4F654739C4503D3D0F8003B002B1ED470
:10C870000023C0F8103BD0F8103B012943F40023FB
:10C88000C0F8103BD0F8103B43F01803C0F8103B41
:10C89000D0F8103B43F0C043C0F8103B07D1C0F8BC
:10C8A000142BD0F8001B41F08021C0F8001B0020A1
:10C8B000704700004B780A78012B11D100F5106009
:10C8C0005201835823F400138350097901F0FE01CB
:10C8D000022915D1115841F08051115000207047A4
:10C8E00000F530605201835823F400138350097916
:10C8F00001F0FE01022903D1115841F0805111507D
:10C90000002070474A780978012A0ED100EB4112C5
:10C91000D2F80009002902F5106114D0002812D4C1
:10C92000086820F0804008600DE000EB4112D2F86A
:10C93000000B002902F5306105D0002803D40868F7
:10C9400020F080400860086840F4001200200A606F
:10C950007047000070B582B04B7894460A78012B7E
:10C960002AD10C6900EB421EDEF81059002C0EF59E
:10C97000106348D06FF312051D611D69002A6FF323
:10C98000DC451D618D6874D02C44013CB4FBF5F48A
:10C990000025C1F6F8751E6905EAC44535431D61D9
:10C9A0000D79012D6DD11D6925F0C0451D614FF038
:10C9B000C04505EA447461E000EB4213D3F8106B04
:10C9C000002A6FF31206C3F8106BD3F8106B03F54F
:10C9D00030626FF3DC46C3F8106B0D691ED08B68B4
:10C9E00015B3EE18013EB6FBF3F6B5B26B430B621E
:10C9F0000025C1F6F875146905EAC64626436FF3AB
:10CA0000DF43166117E06FF3DC451D611C6944F4D8
:10CA100000241C611C696FF3120437E0002D1CBF59
:10CA20008B680B618B680B6216696FF3DF433343CE
:10CA300013614FF400231669BCF1010F43EA0603AA
:10CA4000136103D1CB68002B18BF53610979012909
:10CA50000AD1D0F808081168C0054FF0805058BFBF
:10CA60004FF0005008431060106840F00440106020
:10CA700056E0AC4288BF0D614FF400241D692C4381
:10CA80001C610C691D696FF3DF442C43BCF1010F7D
:10CA90001C611BD1CA69002A18BFCEF81429097974
:10CAA00001290CD1D0F80808DEF80019C0054FF0B4
:10CAB000805058BF4FF000500843CEF80009DEF810
:10CAC000000940F00440CEF8000929E000F51063A9
:10CAD00054011E5946F004461E510E79012E13D101
:10CAE000D0F80868E558F6054FF0805658BF4FF06B
:10CAF00000562E43E650D1F80CE00B8A7146CDF873
:10CB000000C000F0FFF90BE0096949B102F00F0124
:10CB10000122D0F8343802FA01F11943C0F8341870
:10CB2000002002B070BD000081B0002200924A785F
:10CB3000012A1BD1097800F5106049014258B2F171
:10CB4000FF3F2EDC0A5842F000620A500A5842F0B9
:10CB500080420A5042F21072009B01330093009B06
:10CB6000934221D80B58002BF6D41AE0097800F52F
:10CB7000306049014258B2F1FF3F12DC0A5842F0DE
:10CB800000620A500A5842F080420A5042F2107283
:10CB9000009B01330093009B934205D80B58002B58
:10CBA000F6D4002001B07047012001B070470000AA
:10CBB0000146806840F0010200208A607047000052
:10CBC00081B00021009100BF0099013100910099CE
:10CBD000B1F1706F15D80169B1F1FF3FF4DC0021AC
:10CBE00000911021016100BF00990131009100996D
:10CBF000B1F1706F05D80169C906F5D4002001B004
:10CC00007047032001B0704781B00022009200BF3E
:10CC1000009A01320092009AB2F1706F15D8026941
:10CC2000B2F1FF3FF4DC8901002220310092016162
:10CC30000099013100910099B1F1706F05D8016937
:10CC40008906F5D4002001B07047032001B0704779
:10CC5000D0F8080810F0060F04BF002070478007C6
:10CC60004FF0020058BF0F2070470000406900F0ED
:10CC700001007047D0F81818D0F81C08084080B29E
:10CC800070470000D0F81818D0F81C080840000CB5
:10CC900070470000D0F810C8D0F8343801F00F0207
:10CCA00023FA02F2D20100EB4110D2B2D0F8080907
:10CCB00042EA0C010840704700EB4111D1F8081B13
:10CCC000D0F81408084070474169806908407047EF
:10CCD00080B50023B3EB920F02F003030BD0920850
:10CCE00004394FF4805C00BF50F80CE0013A41F881
:10CCF00004EFF9D1043173B14FF4805250F802C0FF
:10CD0000002200BF2CFA02F0013B01F8010B1804CD
:10CD100002F10802F6D1084680BD000080B5F4F7A4
:10CD2000CDFC002080BD000070B50446C06820F036
:10CD3000C040E06099B1012928D1E068002540F0A9
:10CD40000050E0600A202E46F7F7B2FB20460A3575
:10CD5000FFF78CFFBD2E13D80128F3D110E0E06857
:10CD6000002540F08040E0600A202E46F7F7A0FB47
:10CD700020460A35FFF77AFFBD2E01D80028F3D1EF
:10CD8000A5F1C800B0FA80F0400970BD012070BD67
:10CD90000246D0F8000801F07F0120F4FE60C2F8DE
:10CDA0000008D2F8000840EA01110020C2F800187B
:10CDB000704700000246D0F8000801430020C2F886
:10CDC00000187047022A02460DD145F24030CFF6D6
:10CDD000277043F200530844C0F20C0398420DD26E
:10CDE0004FF4705001E04FF41050D16821F47051AD
:10CDF000D160D16801430020D160704741F64060A6
:10CE0000CFF61B7044F240230844C0F20F0398424F
:10CE100002D24FF46050E8E7A1F5740044F6807345
:10CE2000A0F51050C0F21203984202D24FF45050B5
:10CE3000DBE7A1F183704DF22063A0F5E740C0F27B
:10CE40001303984202D24FF44050CEE74BF2606099
:10CE5000CFF6E5604EF260330844C0F21603984204
:10CE600002D24FF43050C0E74DF20030CFF6CE6022
:10CE700047F240730844C0F21B03984202D24FF4B9
:10CE80002050B2E745F6C030CFF6B36049F2C01388
:10CE90000844C0F22103984202D24FF41050A4E794
:10CEA000A1F1B77047F22053A0F55850C0F23803F3
:10CEB000984202D24FF4005097E745F2E040CFF697
:10CEC000596049F6E0430144C0F241034FF4C050B9
:10CED000994238BF4FF4E05087E70000F0B581B0C9
:10CEE0000C460546002641F6FE7700BF284621463F
:10CEF000F4F7F4FBBE4203D8002806F10106F5D191
:10CF000001B0F0BDDDF800C0BCF1000F12D103F19B
:10CF1000030C0023B3EB9C0F0CD04FEA9C0300F5ED
:10CF2000805C1203043900BF51F8040F013B42F842
:10CF30000C00F9D100207047FEE7000040F2AC4041
:10CF4000C2F20000002180F82310C0F81F10C0F8C2
:10CF50001B10C0F81710C0F81310C0F80F10C0F85D
:10CF60000B10C0F8071040F2D140C2F20000A0F848
:10CF70000710417240F24410C2F20000C0F80310E2
:10CF8000C0F80710C0F80B10C0F80F10C0F813104D
:10CF9000C0F81710C0F81B10C1777047F0B58BB000
:10CFA00041F6CC540020C2F200040A900AA920469F
:10CFB000FFF7B4FE40F24410C2F2000090E80E50B9
:10CFC00000F11407019190F82010E0CF0292039332
:10CFD00008978DF8241094E88E00CDF810C080E8F2
:10CFE0008E0094F82010CDF814E0CDE90656D4E96F
:10CFF0000465D4E906CE80F8201001A92122C0E9F9
:10D000000465C0F818C0C0F81CE0F3F782FE28B130
:10D0100041F2D450C2F20000F5F726FD0BB0F0BD8E
:10D0200080B5F7F73DFB41F2BC32C2F2000292ED4F
:10D03000041A9FED1D3A92ED052A9FED1C4A92EDD0
:10D04000030A21EE031A81EE041A22EE032A82EE6D
:10D05000042A20EE030A80EE040A40F66001C2F2C0
:10D0600000014B6840F2AC41C2F20001C1F803007C
:10D070008B6011EE100A086112EE100AC86010EE03
:10D08000100A4861D2E900039268CB618A6141F2DB
:10D09000F872C2F2000252780862CA71084625216D
:10D0A000FFF71CFF80BD00BFDB0F49400000344389
:10D0B00080B5F7F7F5FA40F2D141C2F20001C1F8AC
:10D0C000030040F20110A1F8070000204872084652
:10D0D0000B21FFF703FF80BD42F60C62C2F2000293
:10D0E000C2F8840082F888107047000010B542F63C
:10D0F0000C64C2F2000494F88810D4F8840069B17A
:10D1000004F18A01FF22F9F729FAD4F88400C06BF0
:10D110000068016821F00801016010BD04F18A0176
:10D12000FF22F9F749FA10BD43F63C40C2F2000075
:10D130000121FFF7D1FFFFF7D9FF00BF012000F069
:10D14000C3FEFBE7B0B50446D0F802009FED781AA5
:10D150006FF3DF20A0F5806000EE100AB8EEC00A81
:10D1600080EE010A42F60C65C2F2000585ED010A67
:10D17000D4F80200C0F3CA20A0F5806000EE100AC7
:10D18000B8EEC00A80EE010A85ED020AD4F802006A
:10D19000D4F80610800D40EA81206FF3DF20A0F55F
:10D1A000806000EE100AB8EEC00A80EE010A00218D
:10D1B00085ED040AD4F80600C0F34A00A0F58060AB
:10D1C00000EE100AB8EEC00A80EE010A85ED030AEF
:10D1D000D4F80600C0F34A40A0F5806000EE100AC3
:10D1E000B8EEC00A80EE010A85ED050AD4F8060003
:10D1F000C0F3C030F3F732FFA861D4F80600002175
:10D20000C0F30040F3F72AFFE861D4F806000021DC
:10D21000C0F38030F3F722FF2862D4F80600002123
:10D22000C0F30070F3F71AFFB4F90A109FED411A2A
:10D2300000EE101AB4F90C10B8EEC00A02EE101A83
:10D24000B4F90E10B8EEC22A03EE101AB8EEC33AC3
:10D2500080EE010A82EE012A83EE011A686285EDF2
:10D26000190A85ED1A2A85ED1B1A207C10F003009F
:10D2700018BF012085F87000207C10F0300018BF26
:10D28000012085F87100207C10F00C0118BF0121ED
:10D29000B4F8110085F87210C1B200F0010285F8EF
:10D2A0007420C1F3400285F87520C1F3800285F82F
:10D2B0007620C1F3C00285F87720C1F3001285F80B
:10D2C0007820C1F3401285F87920C1F38012C90992
:10D2D00085F87B10C0F3002185F87C10C0F3402155
:10D2E00085F87D10C0F3802185F87E10C0F3C02141
:10D2F00085F87F10C0F3003185F88010C0F340310D
:10D3000085F88110C0F38031C00B85F87A2085F84C
:10D31000821085F88300D4F80600C0F3013001467E
:10D32000012818BF0221002808BF01462970B0BD9E
:10D33000000025440000484370B5044642F60C60E6
:10D34000C2F20000012280F8892020780D46A92829
:10D3500014D16178532911D1152D32D320461521CE
:10D3600002F010F868B32046FFF7ECFEA5F11501B6
:10D3700004F1150089B2FFF7DFFF70BD40F26C16B3
:10D38000C2F200067168A9421BD83278904218D1C7
:10D39000204602F01BF8A0B1331D0ECBB4F80100FB
:10D3A00011440844C618AE420BD82046314601F05D
:10D3B000E9FF002808BF70BDA91BA01989B2FFF7BB
:10D3C000BBFF70BD41F60401C2F20001884205D1E5
:10D3D00040F67401C2F2000100220A7041F2F031FD
:10D3E000C2F20001884205D140F67401C2F2000188
:10D3F00000224A7040F6EC01C2F20001884205D1D9
:10D4000040F67402C2F200020023937001F1180288
:10D41000904205D140F67402C2F20002002313715B
:10D420000C31884205D140F67401C2F2000100229D
:10D43000CA7041F65801C2F2000101F10C0290429B
:10D440003FD0884245D041F2E451C2F20001884207
:10D4500005D140F67401C2F2000100220A7240F6C2
:10D460008401C2F20001884205D140F67401C2F283
:10D47000000100224A7241F2D451C2F200018842F6
:10D4800005D140F67401C2F2000100228A7241F215
:10D49000EC71C2F20001884205D140F67401C2F27B
:10D4A00000010022CA7242F69871C2F2000188425D
:10D4B00018BF704740F67400C2F2000000210173EB
:10D4C000704740F67402C2F200020023D371884212
:10D4D000B9D140F67401C2F2000100228A71B2E7AC
:10D4E00041F2F643C2F200031A880B2A88BF704744
:10D4F0004160511C0172198041F2F841C2F20001F1
:10D5000041F822007047000070B541F2F644C2F2C3
:10D5100000042088002808BF70BD41F2F8460025AD
:10D52000C2F20006E8B256F82000D0E9001201313C
:10D530009142016088BFFFF745FF01352088E9B2BD
:10D540008842EFD870BD000080B540F2846CC2F212
:10D55000000CDCF8002041F25C5E02EB4203C2F2F8
:10D56000000E0EEB830111ED011A4EF82300B8EE08
:10D57000411A31EE001ABCEEC11A501C81ED010AAD
:10D5800081ED021ACCF8000080BD000080B500F0EB
:10D590007BF880BD80B51021017210EE101A024692
:10D5A00042F8091F10EE901A516011EE101A9160A6
:10D5B00011EE901AD16000F001F880BD10B504465C
:10D5C0000279237A0068A11D002A03F1030203D027
:10D5D000F9F748FB607110BDFF23F9F7E9FA6071B4
:10D5E00010BD000010B5044601600271002060719A
:10D5F000A01D00F003F8204610BD00004BF6AA3134
:10D6000001807047002848BF704700F01F010122C9
:10D6100002FA01F14EF200124009CEF2000242F885
:10D62000201070474EF60C50CEF200000068C0F398
:10D63000022070474EF6145300F00F02CEF20003A2
:10D6400009011A4400F16043B0F1FF3FC8BF03F580
:10D6500064421170704700004EF61F50CEF2000079
:10D6600000210170704700004EF60C51CEF200010F
:10D670000A684FF6FF031A4060F30A2242F0806006
:10D6800040F0FD700860704780B543F6884043F66F
:10D69000AC31C2F20000C2F200010122FFF7A2FF8A
:10D6A00080BD0000F0B581B02DED028BF3F7A4FE34
:10D6B0008020F3F7A3FF5520F3F7A0FF5520F3F7E1
:10D6C0009DFF44F23024C2F200042070F3F78AFE7A
:10D6D0009FED4D8AB0EE480AF4F7D6FFF3F78CFEC3
:10D6E0008020F3F78BFF5520F3F788FF5520F3F7E1
:10D6F00085FF2070F3F776FEB0EE480AF4F7C4FF1A
:10D70000F3F77AFE7E20B621F3F792FFF3F76AFE75
:10D710009FED3E0AF4F7B8FFF3F76EFE8020F3F7B3
:10D720006DFF5520F3F76AFF5520F3F767FF207070
:10D73000F3F758FEB0EE480AF4F7A6FFF3F75CFEE5
:10D740008020F3F75BFF5520F3F758FF5520F3F7E0
:10D7500055FF2070F3F746FEB0EE480AF4F794FF49
:10D7600020781E2849D14AF6741541F648169FEDD7
:10D77000268A42F6B477C2F200050020C0F6010600
:10D78000C2F20007287004E00130C1B206292870F7
:10D7900035D2F3F731FE287800EB40003118305CC9
:10D7A0004978F3F745FFF3F71DFEB0EE480AF4F7AA
:10D7B0006BFFF3F721FE287800EB4000305C40F06F
:10D7C0008000F3F71BFF5520F3F718FF5520F3F700
:10D7D00015FF2070F3F706FEB0EE480AF4F754FF89
:10D7E0002878227800EB400131444B789A42CBD024
:10D7F00089783A7811433970C6E7FF2000E00020AD
:10D80000BDEC028B01B0F0BD6F12833A0AD7A33D85
:10D810002DE9F0412DED028BF3F702FE00200024EC
:10D82000F3F7DEFEF3F7F2FD9FED488AB0EE480A0B
:10D83000F4F72AFFF3F7F4FD0020F3F7D1FEF3F736
:10D84000E5FDB0EE480AF4F71FFFF3F7E9FD1420F9
:10D85000B621F3F7EDFEF3F7D9FD9FED3D0AF4F79E
:10D8600013FFF3F7DDFD0020F3F7BAFEF3F7CEFD6B
:10D87000B0EE480AF4F708FFF3F7D2FD0020F3F703
:10D88000AFFEF3F7C3FDB0EE480AF4F7FDFE44F235
:10D890003025C2F2000528780F284CD14AF67416BC
:10D8A000C2F20006347041F65A149FED288A41F600
:10D8B000481842F6B477C0F60104C0F60108C2F277
:10D8C000000705E030780130C1B20629307037D248
:10D8D000F3F7A6FD307800EB40002118205C497872
:10D8E000F3F7A6FEF3F792FDB0EE480AF4F7CCFE8C
:10D8F000F3F796FD307800EB4000205CF3F770FE04
:10D90000F3F784FDB0EE480AF4F7BEFE30782978CC
:10D9100000EB4002224452789142D3D00138C1B288
:10D92000490051FA80F1414489783A78307042EAEE
:10D9300001003870C6E7FF20BDEC028BBDE8F08126
:10D940000020BDEC028BBDE8F08100BF6F12833A6E
:10D950000AD7A33D80B5B7EE001AB4EE410AF1EE46
:10D9600010FA08DCB5EE400AB0EE401AF1EE10FAFB
:10D97000B8BF9FED1E1A43F66431C2F20001096878
:10D9800041F211130A6A1A4208D10A6A40F244436A
:10D990001A4203D10A6822F001020A6000224A6298
:10D9A00049F2400244F62003C0F20202C0F2010331
:10D9B000B2FBF0F2B3FBF0F0013A013800EE100ACE
:10D9C000B8EEC00A21EE000ABCEEC00ACA6281EDC0
:10D9D0000F0A086840F00100086043F66430C2F2A4
:10D9E00000000821F8F7FAFC80BD00BF000000002D
:10D9F00043F66430C2F2000000680021C163704742
:10DA00008169826A00EE101A01EE102A20EE011AD6
:10DA1000B5EE401AF1EE10FA16DD416DB0EEC01A07
:10DA200000EE101AB4EE401AF1EE10FAD8BF7047AB
:10DA3000016D02EE101A30EE023AB4EE431AF1EE26
:10DA400010FA02DD00210163704732EE411A30EE18
:10DA5000010A80EE020A016B01EE101A20EE010AA3
:10DA600010EE101A01637047C16AD0F83CC0C36D54
:10DA7000D0F8902000EE101A01EE102A02EE103AB3
:10DA800003EE10CA20EE010A31EE021A22EE032A3A
:10DA900080EE010A82EE011A30EE010A10EE101A31
:10DAA000C162704710B52DED028BC268D0F894109A
:10DAB0000446B0F8600008EE102AB1B18968032866
:10DAC00000EE101A38EE008A21D3D4F890102269A3
:10DAD00000EE101A82F0004104F1620000EE901A8C
:10DAE000FBF7C2FB28EE000A32E0032820D3D4F86B
:10DAF0009010226900EE101A82F0004104F16200D9
:10DB000000EE901AFBF7B0FB28EE000A20E0206937
:10DB10006169D4F8902000EE101A01EE100A30EE80
:10DB2000410A28EE000A01EE102A80EE010A0FE0F9
:10DB300020696169D4F8902000EE101A01EE100AF5
:10DB400030EE410A28EE000A01EE102A80EE010AAA
:10DB500010EE100AE062BDEC028B10BDD0F824C0BC
:10DB6000826AC36A016B01EE102A02EE10CA00EE4F
:10DB7000101A31EE022A03EE103A016C32EE032A3B
:10DB8000B0EEC22A03EE101AB4EE432AF1EE10FAF8
:10DB900031EE000A0BDD816902EE101A21EE021A45
:10DBA000B5EE401AF1EE10FAC4BF00210163416CDA
:10DBB00001EE101AB4EE410AB1EE411AF1EE10FA7C
:10DBC000B4EE410AC2BF002202638162F1EE10FA94
:10DBD000A8BF70470021016311EE101A81627047DF
:10DBE000416BD0F838C0836DD0F8902000EE101A49
:10DBF00001EE102A02EE103A03EE10CA20EE010ADE
:10DC000031EE021A22EE032A80EE010A82EE011A98
:10DC100030EE010A10EE101A4163704790ED111AB0
:10DC200090ED140AB4EE401AF1EE10FAC8BF80ED80
:10DC3000110A90ED111AB1EE400AB4EE401AF1EE5D
:10DC400010FAB8BF80ED110A70470000426B016CFA
:10DC500001EE102A00EE101AB4EE401AF1EE10FA9E
:10DC6000C8BF4163416BB1EE400A01EE101AB4EE39
:10DC7000401AF1EE10FABCBF10EE101A4163704763
:10DC8000026C416B9FED211A02EE102A00EE101A71
:10DC900022EE011AB4EE410AF1EE10FA35DB01680A
:10DCA0009FED1B1A00EE101AB0EEC02AB4EE412A06
:10DCB000F1EE10FAB8BF7047016901EE101A30EEAC
:10DCC000411A81EE000A9FED131A00F19901B0EE9E
:10DCD000C00AB4EE410AF1EE10FA06DD0A684B689C
:10DCE00012F1010C43F1000302E04FF0000C00239D
:10DCF00040F2F512BCEB0202C1F800C073F1000261
:10DD00004B6024BF012180F8A11070476F12833A45
:10DD100017B7D1383333733F426A016C01EE102AD2
:10DD200000EE101AB4EE401AF1EE10FAC8BF4162CC
:10DD3000416AB1EE400A01EE101AB4EE401AF1EE5B
:10DD400010FABCBF10EE101A41627047D0F8941060
:10DD5000826800EE102A21B1496801EE101A30EEF7
:10DD6000010A8169C26901EE101A02EE102AD0F888
:10DD7000903031EE021AB6EE002A21EE021A20EEA1
:10DD8000010A01EE103A21EE000A10EE101A0163AA
:10DD900070470000B4EE600AF1EE10FA08DBB4EE52
:10DDA000410AF0EE410AF1EE10FAD8BFF0EE400A57
:10DDB000B0EE600A70470000BDEEC01AB8EEC12A8E
:10DDC00011EE100A30EE420AB6EE001AB4EE410A25
:10DDD000F1EE10FAC8BF01307047000080B598B16D
:10DDE00081B141F6663C0138C0F6010C10F801EF34
:10DDF000D3B283EA0E033CF8133092B2013983EABE
:10DE00001222F3D190B280BD4FF6FF7290B280BD66
:10DE100061B141F66C1C0138C0F6010C10F8013FED
:10DE2000D2B25A401CF802200139F7D1104670478F
:10DE300045F6862110EE100AC5F63771BEEE001ABF
:10DE4000A1EB600020EE011A00EE100A21EE001A8C
:10DE500021EE001AB7EE082A31EE021A21EE000A6E
:10DE600070470000F6F730FCFCF73AFDFAF7F2FBDA
:10DE7000FAF780FBFAF700FDFAF726FDFAF73CFB0C
:10DE8000FAF758FBFAF766FDFAF708FEFAF7EAFD2B
:10DE9000FAF79EFDFAF7DEFCFAF722FEA820F4F767
:10DEA0005BFC43F63424C2F2000400BF204601218B
:10DEB000F3F750FA0028F9D100F016F8FAF7A8FBAA
:10DEC00000F026F8FEE70000EFF3058100291CBFF3
:10DED0006FF005007047002804BF0020704780B530
:10DEE00000F0CCFF002080BDEFF3058000281CBFB0
:10DEF0006FF00500704741F2DC40C2F2000001689B
:10DF0000002911BF4FF0FF30012101600020704750
:10DF100010B5EFF3058000281CBF6FF0050010BDA1
:10DF200041F2DC44C2F20004206801281CBF4FF01B
:10DF3000FF3010BDFCF79EF80220206001F014F9BC
:10DF4000002010BD70B584B08E46002100280391DA
:10DF5000EFF3058146D0002944D1FAB19369002B33
:10DF600008BF1823382B16D81179C90713D1556962
:10DF7000946811684FEA950C002D08BF4FF0800C93
:10DF8000FCB1D6685C2E1BD3D5B11569C5B1002490
:10DF9000012555B91BE0002004B070BD012400210B
:10DFA00018234FF0800C00258DB1946812690294FB
:10DFB000CDE900326246734601F0CEFD039011E0D8
:10DFC0000CB9D4689CB100250024002DEDD14CB1D2
:10DFD00003AC00931FFA8CF27346019401F088FDA4
:10DFE000012802D1039804B070BD0020E6E714694F
:10DFF000B4FA84F46409D6E7EFF3058100291CBF65
:10E000006FF005007047002804BF6FF003007047F1
:10E0100080B501F063F8002080BD0000EFF30581BA
:10E0200000291CBF6FF005007047002804BF6FF087
:10E030000300704780B501F0E9F8002080BD0000C2
:10E04000F0B581B00C464AF6742143F6B856C2F2D8
:10E050000001C2F200060F683168002281F85A20E0
:10E0600031680546081D00F091FD681C0AD14CB1CD
:10E070003068011D4AF64C20C2F2000000F0E2FDBB
:10E0800001B0F0BD30687C1944600AD343F6C85033
:10E09000C2F2000000683168043100F0B5FD01B043
:10E0A000F0BD43F6C050C2F2000000683168043190
:10E0B00000F0AAFD4AF6D810C2F2000001688C42B6
:10E0C00038BF046001B0F0BD70B5044600F0D2FD69
:10E0D0004AF2A820C2F20000016843F6B8550131A7
:10E0E0000160C2F2000529684AF64026C2F2000625
:10E0F00041B1306860B92868E16AC06A884298BF57
:10E100002C6005E02C600068012801D100F0C6F900
:10E110004AF2B420C2F2000001680131016061647A
:10E120004AF2B821C2F20001E06A0A68904288BF50
:10E13000086043F6D05100EB8000C2F2000101EB11
:10E140008000211D00F07EFD00F0B8FD306880B138
:10E150002868E16AC06A884228BF70BD4EF6045044
:10E16000CEF200004FF080510160BFF34F8FBFF33C
:10E170006F8F70BD70B582B000F07CFD4AF67826D6
:10E18000C2F20006306850BB4AF67814C2F20004AE
:10E19000204600F029FD4AF68C15C2F200052846FB
:10E1A00000F022FD43F6BC50C2F20000046043F6CA
:10E1B000CC50C2F2000043F6C44243F664530560FB
:10E1C0000025C2F20002C2F200030A2010210095CD
:10E1D00001F0B4F9306010B103A100F019FE00F0B5
:10E1E0006DFD02B070BD00BF546D725100000000A3
:10E1F000F0B581B04AF2AC25C2F200052868E0B162
:10E200004AF660264AF2A827C2F20006C2F20007C8
:10E2100000F030FDF068C468201D00F0B7FC3868DD
:10E220000138386028680138286000F047FD204632
:10E2300000F058F828680028EAD101B0F0BD0000CD
:10E2400080B5026C002A08BF80BDD0E902C3134428
:10E25000C360634524BF0368C360C36808461946AA
:10E26000F2F733FD80BD000070B5866B036C044689
:10E27000E3B115461AB3E0681A46F2F726FDE168E5
:10E28000206C2268091A9142E16003D2A1684042E1
:10E290000844E060A81EB0FA80F040093146002E24
:10E2A00018BF01210840361A002516E02068002515
:10E2B00098B9A06801F050FDA56005460DE06068C2
:10E2C0001A46F2F702FD216CD4E901020025084448
:10E2D0006060904224BF20686060711C2846A16382
:10E2E00070BD000010B5044690F85900022808BF20
:10E2F00010BD012803D030B9206B00F0F7FC204698
:10E3000000F0F4FC10BD4FF0500080F31188BFF313
:10E310006F8FBFF34F8F00BFFEE7000043F6BC5185
:10E32000C2F2000109680A68B2FA82F35B0903606D
:10E33000002A0EBF0020C8680068704744F2982089
:10E34000C2F20000C21D22F0070210F0070CA0EB81
:10E35000020318BF10464AF64422C2F2000200210E
:10E36000C2E900014FF4C042BCF1000F18BF03F531
:10E37000C0420244083A43F6C45322F00702C2F2F4
:10E3800000031A60C2E90011111A1A68C0E90021DD
:10E390004AF6D410C2F2000001604AF6CC10C2F274
:10E3A000000001604AF6A010C2F2000001210170D5
:10E3B0007047000043F6D0544EF60455C2F20004F4
:10E3C000CEF200054FF08056FFF712FF20680228BA
:10E3D000FAD32E60BFF34F8FBFF36F8FF4E70000C7
:10E3E000B0B5049D002914BF2A602D60C5E90F0156
:10E3F000284601211C4601F0EDF885F84C40B0BDDF
:10E400002DE9F0470A9C8246206B16460F46DDE94F
:10E4100008599100A5229846F2F769FC206B00EBA1
:10E420008600A0F1040020F007067FB104F134005B
:10E43000002100BF7A5C42547A5C1AB10F2901F1C5
:10E440000101F7D3002084F8430002E0002084F8A3
:10E4500034000027201D372D28BF3725E562C4E989
:10E46000135700F0CDFB04F1180000F0C9FBC5F113
:10E470003800A061304651464246246164626765B7
:10E4800084F8587084F85A7000F058FBB9F1000F06
:10E49000206018BFC9F80040BDE8F087B0B543F66A
:10E4A000D0550024C2F20005281900F09DFB143459
:10E4B000B4F58C6FF8D14AF6A414C2F200042046D9
:10E4C00000F092FB4AF6B815C2F20005284600F0AB
:10E4D0008BFB4AF6EC10C2F2000000F085FB4AF616
:10E4E0006020C2F2000000F07FFB4AF64C20C2F22E
:10E4F000000000F079FB43F6C050C2F20000046057
:10E5000043F6C850C2F200000560B0BD80B54AF6BF
:10E510004422C2F2000200BF114612688242FBD3BD
:10E52000D1F804C001EB0C03834203D1406860447E
:10E5300048600846D0F804C000EB0C03934201D0B9
:10E5400013460BE043F6C453C2F200031B689A4221
:10E5500004D0D2E9003E0EEB0C024260814203601F
:10E5600018BF086080BD000080B58C46014641F8A8
:10E5700004CF9445006108D99A4201D29C4511D23A
:10E5800043F6BC50C2F2000007E08069D21A824212
:10E5900008D243F6CC50C2F20000006800F034FB11
:10E5A000002080BD012080BD10B5044600F062FB54
:10E5B000A06BB0FA80F0440900F080FB204610BD4B
:10E5C00010B5044600F056FBA06BE16B401AB0FAA0
:10E5D00080F0440900F072FB204610BD0848006836
:10E5E000006880F308884FF0000080F3148862B65A
:10E5F00061B6BFF34F8FBFF36F8F00DF00BF00BF67
:10E6000008ED00E070B582B043F6BC52C2F20002E1
:10E6100012680546D2680E46D468201D00F0B6FA8E
:10E6200094F82800410704D400F0FE0084F8280084
:10E6300010E0A0693246411920462B46FFF794FFAF
:10E6400040B10026204600212A460023009601F012
:10E65000D9FC20B1216A2046884702B070BD4FF036
:10E66000500080F31188BFF36F8FBFF34F8F00BF4F
:10E67000FEE700002DE9F04186B04AF67827C2F2A5
:10E680000007386802A900224FF0000801F01CF9C9
:10E6900000286AD001AC02AD0BE000F0FE0086F865
:10E6A000280000BF38682946002201F00DF9002833
:10E6B0005BD00298B0F1FF3F03DCDDE90320059950
:10E6C000904702980028EDD4049E706910B1301D67
:10E6D00000F05CFA204600F0B3F802990929E1D86D
:10E6E0000246DFE801F0080808052A390808052A6B
:10E6F00096F82800D1E796F82800039BB16940F00E
:10E70000010086F8280019443046FFF72DFF002845
:10E71000C8D0316A3046884796F828004007C1D5EE
:10E720000398B16900230A1830460021CDF8008013
:10E7300001F068FC0028B5D123E096F8280040F0ED
:10E740000101039886F82810B06188B1811830461D
:10E750001346FFF709FFA5E796F8280081073FF564
:10E760009CAF304600F0C2FA9CE706B0BDE8F081ED
:10E770004FF0500080F31188BFF36F8FBFF34F8FBE
:10E78000FEE74FF0500080F31188BFF36F8FBFF3A7
:10E790004F8F00BFFEE7000070B582B00E46044602
:10E7A00000F09AFD01A800F04BF8019919B101F0B1
:10E7B00065FB02B070BD05464EB9A54207D301F016
:10E7C0005DFB20462946FFF71DFF02B070BD4EB12C
:10E7D00043F6CC50C2F2000000680068B0FA80F046
:10E7E000420900E000224AF67820C2F200000068E8
:10E7F000611B00F021FB01F041FB0028D9D14EF64E
:10E800000450CEF200004FF080510160BFF34F8FF3
:10E81000BFF36F8F02B070BD43F6C050C2F200006C
:10E820000168096821B10068C068C068406801E0FB
:10E830004FF0FF304AF6D811C2F20001086070476D
:10E8400070B5044601F0D8F943F6B456C2F200069A
:10E8500031680546884203D200F008F8012000E044
:10E86000002020602846356070BD00002DE9F04191
:10E8700082B043F6BC57C2F200073868016891B312
:10E880004FF0000809E000BF606038682946246145
:10E8900000F0BAF93868016829B3C068C46806682E
:10E8A000251D284600F072F9216A2046884794F811
:10E8B00028004007EED5A0693044B042E4D8204695
:10E8C000002132460023CDF8008001F09BFB002898
:10E8D000E0D14FF0500080F31188BFF36F8FBFF38A
:10E8E0004F8F00BFFEE743F6CC51C2F200010A6829
:10E8F00008603A6002B0BDE8F081000081B00020FD
:10E90000009040F28060C2F2000000684FF05001B9
:10E9100081F31188BFF36F8FBFF34F8F013001D0A8
:10E92000FEE700BF00980028FCD001B0704700004F
:10E9300068B141694AF64C22C2F2000291421CBF02
:10E9400000207047806AB0FA80F0400970474FF0AD
:10E95000500080F31188BFF36F8FBFF34F8F00BF5C
:10E96000FEE7000082B001AC2046FFF7D7FC01991A
:10E97000FFF712FFFFF77EFEF6E70000F0B581B06B
:10E98000044600F077F994F94560012E0FDB04F19D
:10E99000240500BF286850B1284601F027FA002856
:10E9A00018BF00F059FB70B2013E0128F2DCFF26CF
:10E9B00084F8456000F082F900F05CF994F9447045
:10E9C000012F0EDB04F11005286850B1284601F034
:10E9D0000DFA002818BF00F03FFB78B2013F012874
:10E9E000F2DC84F8446000F069F901B0F0BD000089
:10E9F0002DE9F04381B0044600F06EFC43F6C456A6
:10EA0000C2F200063068002808BFFFF797FC4AF6FC
:10EA1000A018C2F2000898F80000002818BF4FF0B4
:10EA2000004020420DD0002401F028FA60071ED0DB
:10EA30004FF0500080F31188BFF36F8FBFF34F8FFB
:10EA4000FEE7C4B114F0070004F108011EBF081A64
:10EA500000F108015FEA41700ED04FF0500080F3E2
:10EA60001188BFF36F8FBFF34F8F00BFFEE72046C3
:10EA700001B0BDE8F08300214AF6CC19C2F20009CA
:10EA8000D9F800004A1E8242CDD24AF64420C2F292
:10EA9000000005682F4657F8042F8A4211D22B68D0
:10EAA0005BB100BF1F4657F8042F28461D468A4217
:10EAB00007D22B68002BF5D103E04AF64420C2F2BE
:10EAC000000033689D42AED004682B68521A112AA8
:10EAD000036010D36818430709D04FF0500080F34B
:10EAE0001188BFF36F8FBFF34F8F00BFFEE7426007
:10EAF0003960FFF70BFD4AF6D4103968D9F80020C9
:10EB0000C2F200000368511A9942C9F8001038BFD8
:10EB1000016098F80000396800284FF0000018BF25
:10EB200041F0004128604AF6E010C2F2000002689D
:10EB300008343960511C016076E7000003464EF648
:10EB4000FD00C0F600004FF0807C21F0010103E9D8
:10EB500003106FF0020043F8240CA3F1440043F8C3
:10EB6000202C704782B0FEF7E9F901F045F801ACBE
:10EB7000019000BFFEF754FAFEF79AFAFEF70EFA7C
:10EB80002046012100F0A4F9F4E70000D0E90132A9
:10EB900001699A60D1F804C082688445536008BF57
:10EBA0004A600022026108680138086008687047FE
:10EBB0004AF2BC43C2F2000303604AF2BC20C2F234
:10EBC0000000086080201060704700004AF61813AB
:10EBD000C2F2000303604AF21850C2F2000008605B
:10EBE0004FF48070106070474FF0FF31024642F8DA
:10EBF000081F00214260C0E9032201607047000045
:10EC0000002101617047000080B5D1F800C01CF1FF
:10EC1000010207D000F108039E465B681A6862454E
:10EC2000FAD901E0D0F810E0DEF8042008614A606B
:10EC30009160C1F808E0CEF804100168013101606C
:10EC400080BD0000D0F800C0436808619A684B603E
:10EC50008A609A68996051600CF101010160704707
:10EC6000DFF80C00016841F470010160704700BFDB
:10EC700088ED00E04FF0500080F31188BFF36F8FF4
:10EC8000BFF34F8F40F28060C2F2000001684A1C5F
:10EC9000026001B170474EF60450CEF200000068E9
:10ECA000000608BF70474FF0500080F31188BFF393
:10ECB0006F8FBFF34F8F00BFFEE7000040F2806010
:10ECC000C2F20000016839B10139016018BF704714
:10ECD000002080F3118870474FF0500080F31188B6
:10ECE000BFF36F8FBFF34F8FFEE70000B0B5002872
:10ECF00008BFB0BD04464AF6A010C2F2000000787A
:10ED000054F8041C002818BF4FF0004008420CD0F3
:10ED1000A4F108052A6892B14FF0500080F31188E1
:10ED2000BFF36F8FBFF34F8FFEE74FF0500080F3BC
:10ED30001188BFF36F8FBFF34F8F00BFFEE721EA4B
:10ED4000000044F8040C00F0C7FA4AF6CC11C2F2F5
:10ED5000000154F8040C0A68104408602846FFF7C4
:10ED6000D5FB4AF6E410C2F20000016801310160EF
:10ED700001F084F8B0BD00004EF21000CEF20000A9
:10ED800000210160816040F2A051C2F200010968D7
:10ED900044F6D352C1F26202A1FB02124FF0FF31DE
:10EDA00001EB92114160072101607047EFF305808C
:10EDB000102814D34EF2F031CEF20001405C4AF23A
:10EDC0009821C2F200010978884208D24FF0500021
:10EDD00080F31188BFF36F8FBFF34F8FFEE74EF6BE
:10EDE0000C50CEF200004AF29C210068C2F20001F1
:10EDF000096800F4E060884298BF70474FF0500007
:10EE000080F31188BFF36F8FBFF34F8FFEE70000D1
:10EE10004AF6002C0022C2F2000C00BF5CF832302F
:10EE200023B10132082A08BF7047F7E70CEBC20391
:10EE30004CF832105860704770B515460E460446BF
:10EE4000FFF718FF94F84400FF2804BF002084F85F
:10EE5000440094F84500FF2804BF002084F84500D2
:10EE6000FFF72CFFA06B28B904F1240031462A4695
:10EE700000F014F92046FFF781FD70BD10B5D8B140
:10EE800004464AF2B020C2F20000006848B14FF0D8
:10EE9000500080F31188BFF36F8FBFF34F8F00BF17
:10EEA000FEE700F019FA20460021FFF7C9F800F04C
:10EEB000E5FF002818BF10BD4EF60450CEF200004A
:10EEC0004FF080510160BFF34F8FBFF36F8F10BDC4
:10EED000B0B590B10D46D1B104464AF2B020C2F2AD
:10EEE00000000068E8B14FF0500080F31188BFF3D4
:10EEF0006F8FBFF34F8F00BFFEE74FF0500080F3DE
:10EF00001188BFF36F8FBFF34F8F00BFFEE74FF045
:10EF1000500080F31188BFF36F8FBFF34F8F00BF96
:10EF2000FEE700F0D9F94AF67420C2F2000000684A
:10EF30002268904202EB050102D2914202D309E01D
:10EF4000914201D3814205D92160081A0021FFF7BF
:10EF500077F800E0216000F091FF002818BFB0BDF5
:10EF60004EF60450CEF200004FF080510160BFF326
:10EF70004F8FBFF36F8FB0BD70B50446FFF77AFEB9
:10EF800043F6B856002CC2F2000608BF3468251DAF
:10EF90002846FFF7FBFDA06A18B104F11800FFF73F
:10EFA000F5FD4AF2B420C2F20000016801310160AF
:10EFB000306884420CD04AF2A820C2F200000168F6
:10EFC000013901602046FFF78DF9FFF725FC0DE0C0
:10EFD0004AF66020C2F200002946FFF733FE4AF2EB
:10EFE000AC20C2F20000016801310160FFF766FE4B
:10EFF0004AF64020C2F200000068E8B1306884425E
:10F0000018BF70BD4AF2B020C2F20000006840B1E3
:10F010004FF0500080F31188BFF36F8FBFF34F8F15
:10F02000FEE74EF60450CEF200004FF08051016032
:10F03000BFF34F8FBFF36F8F70BD00004AF6DC1136
:10F04000C2F20001096801604AF67421C2F20001AF
:10F0500009684160704700004AF68020C2F2000053
:10F06000012101607047000010B568B10C4643F6FD
:10F07000B851C2F2000109681831FFF7C5FD2046FA
:10F080000121FEF7DDFF10BD4FF0500080F3118825
:10F09000BFF36F8FBFF34F8FFEE70000B0B590B1A5
:10F0A0000D4643F6B851C2F2000109681446183102
:10F0B000FFF7C8FD002C18BF4FF0FF35284621464A
:10F0C000FEF7BEFFB0BD4FF0500080F31188BFF3D4
:10F0D0006F8FBFF34F8F00BFFEE7000070B5C8B35E
:10F0E00043F6B856C2F2000604463068A04208BF94
:10F0F00070BDFFF7BFFD2046FFF71AFC38B3251D92
:10F100002846FFF743FD4AF2B821C2F20001E06A47
:10F110000A68904288BF086043F6D05100EB800037
:10F12000C2F2000101EB80002946FFF78BFDE06A87
:10F130003168C96A88420AD34EF60450CEF2000004
:10F140004FF080510160BFF34F8FBFF36F8FFFF718
:10F15000B5FD70BD4FF0500080F31188BFF36F8F85
:10F16000BFF34F8FFEE7000010B586B0002405A85E
:10F1700004A903AACDE90444FFF71AFDDDE9032041
:10F1800005990023CDE901014EF2B530C0F600002B
:10F190001CA1009400F0E0FC4AF6D011C2F200017C
:10F1A000086010B100F0F4FE0446601C20D0012C71
:10F1B0001CD14FF0500080F31188BFF36F8FBFF365
:10F1C0004F8F4AF6D810C2F200004FF0FF310160B5
:10F1D0004AF64020C2F20000012101604AF6742084
:10F1E000C2F200000021016000F006F906B010BD77
:10F1F0004FF0500080F31188BFF36F8FBFF34F8F34
:10F20000FEE700BF49444C4500000000F0B581B066
:10F210000446FFF72FFD43F6B857002CC2F2000753
:10F2200008BF3C68261D3046FFF7B0FCA06A18B145
:10F2300004F11800FFF7AAFC4AF64C25C2F20005BB
:10F2400028463146FFF7FEFC94F85800012804BF19
:10F25000002084F85800FFF731FD4AF64026C2F23C
:10F260000006306828B1FFF705FDFFF7D5FAFFF774
:10F2700025FD3868844201D001B0F0BD306870B11E
:10F280004AF2B020C2F200000068A0B14FF0500076
:10F2900080F31188BFF36F8FBFF34F8FFEE74AF201
:10F2A000A821C2F2000128680968884210D1002014
:10F2B000386001B0F0BD4EF60450CEF200004FF0C1
:10F2C00080510160BFF34F8FBFF36F8F01B0F0BD6E
:10F2D00000F00AF801B0F0BD4AF2B020C2F200001E
:10F2E00001680131016070474AF2B020C2F20000AB
:10F2F000006830B14AF68020C2F2000001210160AE
:10F3000070474AF68020C2F2000000214AF2B82C71
:10F310000160C2F2000CDCF8001043F6D05201EBA1
:10F320008103C2F2000252F8230048B902EB8300C5
:10F33000A0F11403D9B153F8140901390028F9D008
:10F3400001EB810002EB800252F8040F4368101DAC
:10F350008342136001D158681060106843F6B852B8
:10F36000C068C2F200021060CCF8001070474FF085
:10F37000500080F31188BFF36F8FBFF34F8F00BF32
:10F38000FEE7000070B5054600284FF0000008BFFA
:10F3900070BD0C46032917D340F21400C2F20000DE
:10F3A0000288A61E28463146FEF718FDA95DC2B2A6
:10F3B00091421CBF002070BD611911F8011CA1EB26
:10F3C0001020B0FA80F0400970BD0000B0B50446CE
:10F3D00000284FF000000DD0032938BFB0BD4D1EEE
:10F3E00020462946FF22FEF713FD615D401AB0FA60
:10F3F00080F04009B0BD000080B582B04EF2004000
:10F40000CEF200004CF27021C4F20F11D0F80029A6
:10F410004B1C9A4209D14FF0500080F31188BFF382
:10F420006F8FBFF34F8F00BFFEE7D0F800298A42ED
:10F4300009D14FF0500080F31188BFF36F8FBFF3F5
:10F440004F8F00BFFEE701784AF298220191FF2119
:10F4500001700178C2F200028DF803109DF80310CC
:10F4600001F0500111704AF29C21C2F20001072202
:10F470000A609DF90320B2F1FF3F0CDC0A6800BF6F
:10F480009DF80330013A5B008DF803309DF903309D
:10F49000002BF5D40A600A68032A2DD14FF4E063EB
:10F4A00003EA02220A6001990170D0F8201941F4A0
:10F4B0007001C0F82019D0F8201941F07041C0F84F
:10F4C0002019FFF759FC40F28060C2F200000021D1
:10F4D0000160FFF7C5FB4EF63470CEF20000016804
:10F4E00041F040410160FFF779F8FFF7FDFEFFF7BB
:10F4F00005FA002002B080BD4FF0500080F3118863
:10F50000BFF36F8FBFF34F8FFEE7000080B54FF062
:10F51000500080F31188BFF36F8FBFF34F8F00F05F
:10F5200071FB30B14EF60450CEF200004FF0805126
:10F530000160002080F3118880BD0000B0B582B06A
:10F5400068B11D46ABB1F1B9EAB14FF0500080F39C
:10F550001188BFF36F8FBFF34F8F00BFFEE74FF0EF
:10F56000500080F31188BFF36F8FBFF34F8F00BF40
:10F57000FEE74FF0500080F31188BFF36F8FBFF3A9
:10F580004F8F00BFFEE751B14AB94FF0500080F3F2
:10F590001188BFF36F8FBFF34F8F00BFFEE750237B
:10F5A0000193019B502B0AD1069B019C012485F8F5
:10F5B00046400095FEF714FF284602B0B0BD4FF05C
:10F5C000500080F31188BFF36F8FBFF34F8F00BFE0
:10F5D000FEE7000070B5F8B104460E46FFF74AFB9F
:10F5E0002068D4E90F12002502FB0103013901FB59
:10F5F0000201A563C4E90103FF20E16084F844002F
:10F6000084F8450004F110007EB1FFF7EDFA04F133
:10F610002400FFF7E9FA18E04FF0500080F311885A
:10F62000BFF36F8FBFF34F8FFEE7016869B100F042
:10F63000DDFB50B14EF60450CEF200004FF0805189
:10F640000160BFF34F8FBFF36F8FFFF737FB0120D0
:10F6500070BD00002DE9F04F83B00292B8B11D4695
:10F660000E460446E9B1022D03D1E06B012840F0BB
:10F670009A8000F0ADFA00BB0298F0B14FF0500054
:10F6800080F31188BFF36F8FBFF34F8FFEE74FF00A
:10F69000500080F31188BFF36F8FBFF34F8F00BF0F
:10F6A000FEE7206C0028DED04FF0500080F3118878
:10F6B000BFF36F8FBFF34F8FFEE7FFF7DBFAA06B4F
:10F6C000022D58D0E16B884255D304F11008012077
:10F6D0006F464FF0000B0DF108094FF0805A00BF44
:10F6E0000299002900F07B80C00702D03846FFF75E
:10F6F000A5FCFFF7E3FAFFF7EFFDFFF7BBFA94F87D
:10F700004400FF2808BF84F844B094F84500FF285F
:10F7100008BF84F845B0FFF7D1FA3846494600F0F3
:10F7200095F900285ED12046FEF74AFFA0B1029964
:10F730004046FFF799FC2046FFF720F900F09EFBBA
:10F7400078B94EF60450CEF20000C0F800A0BFF326
:10F750004F8FBFF36F8F04E02046FFF70FF900F0E3
:10F760008DFBFFF787FAA06B022D04D0E16B884276
:10F770004FF00000B4D2204631462A46FEF774FD11
:10F7800054F8241FC9B1204600F030FB08B34EF6F0
:10F790000450CEF200004FF080510160BFF34F8F54
:10F7A000BFF36F8F15E04FF0500080F31188BFF367
:10F7B0006F8FBFF34F8F00BFFEE750B14EF604507E
:10F7C000CEF200004FF080510160BFF34F8FBFF3C6
:10F7D0006F8FFFF773FA012003B0BDE8F08FFFF7DA
:10F7E0006DFA04E02046FFF7C9F800F047FB00205F
:10F7F00003B0BDE8F08F00002DE9F04381B0E8B11F
:10F800001E46914605460F4609B3022E02D1E86B0B
:10F81000012837D1FFF7CAFAEFF311884FF05000F3
:10F8200080F31188BFF36F8FBFF34F8FA86B022E49
:10F8300019D0E96B884216D300203FE04FF050000A
:10F8400080F31188BFF36F8FBFF34F8FFEE7286CF3
:10F850000028DAD04FF0500080F31188BFF36F8F8B
:10F86000BFF34F8FFEE795F84540A86B2846394611
:10F870003246FEF7F9FCFF2C0DD0601C85F84500E0
:10F8800001201BE04FF0500080F31188BFF36F8F11
:10F89000BFF34F8FFEE755F8240F70B1284600F0F4
:10F8A000A5FA0146B9F1000F4FF0010006D000297A
:10F8B0001CBF0120C9F8000000E0012088F3118876
:10F8C00001B0BDE8F08300002DE9F04F85B004924F
:10F8D00098B10C460546002900F0A58000F078F9A3
:10F8E000A8B9049898B14FF0500080F31188BFF385
:10F8F0006F8FBFF34F8F00BFFEE74FF0500080F3D4
:10F900001188BFF36F8FBFF34F8F00BFFEE705F184
:10F91000240005F11009019002AF0DF1100A4FF01B
:10F9200000080AE02846FFF729F800F0A7FA284661
:10F93000FEF73AFE002840F08480FFF79BF9D5F8E7
:10F9400038B0BBF1000F1DD028462146FEF778FCE9
:10F95000ABF10100A863286970B1484600F046FA8F
:10F9600050B14EF60450CEF200004FF080510160CD
:10F97000BFF34F8FBFF36F8FFFF7A0F90020012671
:10F98000A0B95FE0049850B1B8F1000F02D1384639
:10F99000FFF754FB4FF00108012038B952E0FFF7A0
:10F9A0008DF90026002000284CD000BFFFF786F913
:10F9B000FFF792FCFFF75EF995F84400FF2804BFBB
:10F9C000002085F8440095F84500FF2804BF00207A
:10F9D00085F84500FFF772F93846514600F036F8D1
:10F9E00000289FD12846FEF7DFFDB0B104990198A9
:10F9F000FFF73AFB2846FEF7C1FF00F03FFA002868
:10FA00009BD14EF60450CEF200004FF080510160C1
:10FA1000BFF34F8FBFF36F8F8FE72846FEF7AEFF20
:10FA200000F02CFA89E7286C00283FF457AF4FF01C
:10FA3000500080F31188BFF36F8FBFF34F8F00BF6B
:10FA4000FEE70026304605B0BDE8F08FB0B5D8B16E
:10FA50000D4611B30446FFF70DF94AF6742043F63C
:10FA6000B852C2F20000C2F2000200686168136876
:10FA700093F85A30DBB11068002180F85A10012445
:10FA8000FFF71CF92046B0BD4FF0500080F31188FD
:10FA9000BFF36F8FBFF34F8FFEE74FF0500080F33F
:10FAA0001188BFF36F8FBFF34F8F00BFFEE72A6847
:10FAB000531C0CD04AF6DC13C2F20003D3F800C08A
:10FAC000884206D323689C4503D00124D8E700244C
:10FAD000D6E7401A824206D9101A28602046FFF75E
:10FAE000ADFA0024CCE7002001242860C8E700001C
:10FAF0002DE9F04383B007469000984615468946A5
:10FB0000FEF776FF78B106465C20FEF771FF38B14C
:10FB10000446066354B94FF0FF3003B0BDE8F083EC
:10FB20003046FFF7E3F80024002CF4D0DDE90A109A
:10FB3000002284F85920CDE90010384649462A466B
:10FB400043460294FEF75CFC2046FEF7BDFA012016
:10FB500003B0BDE8F083000070B586B00B9CCCB15B
:10FB60000C9E06B35C250495049D5C2D25D1049D57
:10FB7000DDF828C0022586F8595005AD3463CDE97B
:10FB800000C50296FEF73CFC3046FEF79DFA05984C
:10FB900006B070BD4FF0500080F31188BFF36F8F37
:10FBA000BFF34F8FFEE74FF0500080F31188BFF393
:10FBB0006F8FBFF34F8F00BFFEE74FF0500080F311
:10FBC0001188BFF36F8FBFF34F8F00BFFEE70000B8
:10FBD0004AF64020C2F200000068002804BF01205D
:10FBE00070474AF2B020C2F200000068B0FA80F01C
:10FBF00040094000704700004AF67420C2F200003D
:10FC0000006870472DE9F04F81B04AF2B020C2F28F
:10FC10000000006840B14AF6E810C2F20000016836
:10FC200000240131016092E04AF67420C2F2000023
:10FC300001684E1C066021D343F6C050C2F200009A
:10FC40000168096849B14FF0500080F31188BFF393
:10FC50006F8FBFF34F8F00BFFEE743F6C852C2F26B
:10FC600000020168136803604AF6DC101160C2F2FA
:10FC70000000016801310160FEF7CEFD4AF6D8119F
:10FC8000C2F20001086843F6B85A43F6D0588642DB
:10FC9000C2F2000AC2F2000801D2002445E043F695
:10FCA000C057C2F2000738680024006898B34AF2CF
:10FCB000B82BC2F2000B19E0D9F82C00DBF80010C9
:10FCC000884288BFCBF8000000EB800008EB800082
:10FCD0002946FEF7B7FFD9F82C00DAF80010C96AF8
:10FCE0003A68884228BF01241068B8B13868C068F3
:10FCF000D0F80C904D4655F8040F864210D3284694
:10FD0000FEF744FFD9F828000028D5D009F11800E3
:10FD1000FEF73CFFD0E74FF0FF3005E04FF0FF303B
:10FD20004AF6D811C2F200010860DAF80000C06A91
:10FD300000EB800058F8200001284AF68020C2F22B
:10FD4000000088BF01240068002818BF0124204655
:10FD500001B0BDE8F08F0000B0B580B1044643F6B5
:10FD6000B850C2F200000068A0420AD04FF0500024
:10FD700080F31188BFF36F8FBFF34F8FFEE7002032
:10FD8000B0BD206D38B3013820654FF0000018BFBA
:10FD9000B0BDE16AE26C91421CD0251D2846FEF7F9
:10FDA000F5FEE06CC0F13801A1614AF2B821E062D1
:10FDB000C2F200010A68904288BF086043F6D05141
:10FDC00000EB8000C2F2000101EB80002946FEF743
:10FDD00039FF0120B0BD4FF0500080F31188BFF310
:10FDE0006F8FBFF34F8F00BFFEE70000B0B5C06854
:10FDF000C5687DB105F118042046FEF7C7FE4AF23A
:10FE0000B020C2F20000006868B14AF6EC10C2F2FD
:10FE100000001DE04FF0500080F31188BFF36F8F9A
:10FE2000BFF34F8FFEE72C1D2046FEF7AFFE4AF2D0
:10FE3000B821C2F20001E86A0A68904288BF0860EF
:10FE400043F6D05100EB8000C2F2000101EB8000CC
:10FE50002146FEF7F7FE43F6B851C2F20001E86A08
:10FE60000968C96A884291BF00204AF68021C2F21F
:10FE70000001012088BF0860B0BD00002DE9F04FEF
:10FE800081B04AF2B024C2F20004206868B1FEF7E3
:10FE9000F1FE206801382060206880B10024FEF760
:10FEA0000DFF204601B0BDE8F08F4FF0500080F309
:10FEB0001188BFF36F8FBFF34F8F00BFFEE74AF289
:10FEC000A820C2F20000006800285DD04AF6EC16B7
:10FED000C2F2000630684AF68028C2F2000890B3E9
:10FEE0004AF2B82743F6D05943F6B85BC2F200078E
:10FEF000C2F20009C2F2000B4FF0010AF068C568B7
:10FF000005F11800FEF742FE2C1D2046FEF73EFECE
:10FF1000E86A3968884288BF386000EB800009EBE6
:10FF200080002146FEF78EFEE86ADBF80010C96A01
:10FF3000884228BFC8F800A030680028DED1002D14
:10FF400018BFFEF769FC4AF6E814C2F200042568FF
:10FF500055B10126FFF756FE002818BFC8F800600B
:10FF6000013DF7D100202060D8F8000070B14EF6B6
:10FF70000450CEF200004FF080510160BFF34F8F6C
:10FF80000124BFF36F8F8AE7002488E7002486E707
:10FF900080B586B0FEF7EEF84AF67820C2F200008F
:10FFA000006808B30020CDE9040005A804A903AA4D
:10FFB000FEF70CFEDDE903200221DDF814C0CDE9D7
:10FFC00000104EF66510C0F600000CA10023CDF81D
:10FFD00008C0FFF7C1FD4AF67C21C2F200010860AB
:10FFE00010B1012006B080BD4FF0500080F31188A1
:10FFF000BFF36F8FBFF34F8FFEE700BF546D7220CA
:020000040801F1
:100000005376630010B584B0A8B14AF67824C2F2E2
:10001000000484462068C0B10529CDE90012CDF85E
:1000200008C015DCFFF7D4FD01462068022916D16F
:10003000069A694615E04FF0500080F31188BFF32F
:100040006F8FBFF34F8F00BFFEE7002004B010BDDD
:1000500069461A460023FFF7CFFB04B010BD69467E
:1000600000220023FFF7F6FA04B010BD03B4019894
:100070004100009850EAC12018BF04204A0D18BF63
:1000800040F0010040F2FF72B2EB515F08BF40F058
:100090000200012808BF052002B070474100080295
:1000A00018BF04200A0E18BF40F001004FF07F4235
:1000B00032EA010108BF40F00200012808BF052014
:1000C0007047000010B510EE104A4FF01A402DEDA9
:1000D000028B00EB4400B0F1C85F4AD84FF0FC40FF
:1000E000B0EB440F22D2B0EEC00AF7EE000A30EEB9
:1000F000C00AF6EE000A20EE208A18EE100A00F080
:1001000061FF00EE100A14F0004F1DBF9FED281A8A
:10011000DFED280AB1EE400A9FED271A08BFF0EE86
:10012000410AF8EE001A20EE210A05E020EE008ACE
:100130009FED221ADFED220ADFED221A9FED222A1F
:1001400070EEC00A20EE080A08EE212ADFED1F1A21
:1001500048EE021A9FED1E2A08EE212ADFED1D1A35
:1001600048EE021ABDEC028B40EE610A30EE810AC5
:1001700010BD4FF0CC40B0EB440F82BF9FED160A8C
:10018000BDEC028B10BD4FF07F40B0EB440F05D2A9
:10019000BDEC028BBDE8104000F0A6BE012000F0CF
:1001A000C9FEBDEC028BBDE8104000F0A3BE00000C
:1001B0000000494022AA7D3A000000000000C93F2B
:1001C00022AAFD3924FE1C3DC78AD83C1E67383D53
:1001D0001B93993DAFAA2A3EDB0FC93F10B54FF0E4
:1001E0000E402DED028BB0EE408A18EE104A00EB67
:1001F0004400B0F1506F4AD84FF0FC40B0EB440FD0
:1002000022D2B0EEC80AF7EE000A30EEC00AF6EECF
:10021000000A60EE208A18EE900A00F0D3FE01EE8C
:10022000100A14F0004F1DBFDFED2D0A9FED2D0ABF
:10023000B1EE411ADFED2C0A08BF9FED2C0AF8EE53
:10024000001A21EE218A05E0DFED290A68EE088A0E
:10025000B0EE600A9FED271ADFED271A30EE080A8C
:1002600048EE811A9FED251A08EEA11ADFED241A37
:1002700048EE811A9FED231A08EEA11A68EE281A9B
:10028000BDEC028B01EE810A30EE200A10BD4FF06A
:10029000E440B0EB440F0CD918EE100AFFF7FEFE55
:1002A000042808BF00F02EFEB0EE480ABDEC028B19
:1002B00010BD4FF07F40B0EB440F07D2B0EE480ABC
:1002C000BDEC028BBDE8104000F00EBE012000F036
:1002D00031FEBDEC028BBDE8104000F00BBE00000B
:1002E0000000C9BF22AAFDB90000C93F22AAFD39FA
:1002F0000000000024FE1C3DC78AD83C1E67383D24
:100300001B93993DAFAA2A3E70B54FF068422DED80
:10031000048BF0EE408A18EE900AB0EE608A18EE78
:10032000101A02EB4003B3F1654F3CBF02EB4102F0
:10033000B2F1654F7DD200BFC0F3C753C1F3C752BE
:100340009A1A1B2A09DD10F0004F14BF9FED830A93
:100350009FED830ABDEC048B70BD12F11A0F36DAE3
:1003600011F0004F09D010F0004F0CBF9FED7D0A37
:100370009FED7D0ABDEC048B70BD88EE889A19EE66
:10038000100AFFF78BFE042808BF00F0BBFD18EE33
:10039000900AFFF783FE054618EE100AFFF77EFE6F
:1003A000044619EE100AFFF779FE042D18BF052D3B
:1003B00008D1042C18BF052C04D1002804BF02204A
:1003C00000F0B8FDB0EE490ABDEC048B70BD4200F0
:1003D000B2EB410F3AD910F0004F19BFDFED630ABD
:1003E0009FED630ADFED630A9FED630AB0EE481AE2
:1003F0000A46B1EE688A80F00041F0EE418A10466C
:100400000A1A5200B2F1807F34D2484010F0004FF7
:10041000DFED5A1A9FED5A2A1DBFBEEE001A70EE8C
:10042000E10A30EE420AB6EE001A08BF70EEA10AE9
:1004300000E040E008BF30EE020AB0EE682A01EEAC
:10044000482A08EE818AC2EE081A15E011F0004F22
:1004500004BF9FED4C0AF0EE400AD1D010F0004FDF
:1004600019BFDFED490A9FED490ADFED490A9FED0B
:10047000490AC5E7C8EE881A21EEA11A9FED462A5F
:10048000DFED462A41EE022A9FED452A01EE222A9F
:10049000DFED442A41EE022A9FED432ABDEC048B96
:1004A00001EE222A21EE811A01EE020A30EE210A23
:1004B00030EE200A70BD4FF07F42B2EB400F28BFF4
:1004C000B2EB410F09D2F0EE480AB0EE680ABDEC7B
:1004D000048BBDE8704000F00ABD40EA01035B00F8
:1004E00008BF41F0FF410BD0B2EB400F08BFB2EBA9
:1004F000410F08D120F0804008EE900A21F08041A1
:1005000008EE101A18E7B2EB400F12BF5FEA410382
:1005100040F0FF4001F000413FF40EAFB2EB410F5D
:1005200012BF5FEA400200F0004041F0FF413FF49B
:1005300003AF4A0092EA40033FF5FEAE002AACBF8B
:100540009FED1A0A9FED1A0A68EE808A28EE008A4B
:1005500018EE900A18EE101AEEE60000DB0FC9BF85
:10056000DB0FC93FDB0F4940DB0F49C00000C9BFAB
:1005700022AAFDB90000C93F22AAFD390060ED3E64
:10058000C30ACE3700000000000049C022AA7DBA8D
:100590000000494022AA7D3A2DAD65BD8FB8D53DFA
:1005A0000FB511BE61C84C3EA8AAAABE0000804F7C
:1005B0000000802F0000000010B52F499FED2C1B7C
:1005C0002DED020B84B0059820F000408842D8BF82
:1005D0009DED040B2DDD2949884209D1049840B9CD
:1005E0004FF0010000F0A6FC00F05EFC06B010BD6C
:1005F00005DB9DED040B00F04BFC06B010BD68461A
:100600009DED040B00F05CF810F0030004BF9DEDBD
:10061000021B9DED000B0CD001280ED09DED021B9E
:100620009DED000B022817D0012000F099FB06B0C9
:1006300010BD00F061FA06B010BD9DED021B9DEDEE
:10064000000B012000F08CFB51EC100B81F00041FD
:1006500006B041EC100B10BD00F04EFA51EC100B3F
:1006600081F0004106B041EC100B10BD000000000D
:100670000000000000000000FB21E93F0000F07FC7
:1006800010B52DED028BB1EEC08A18EE100A20F0E5
:100690000040C0F1FF40C00F0AD010EE100A20F059
:1006A0000040C0F1FF40C00F04BF012000F042FC39
:1006B000B0EE480ABDEC028B10BD00000000000047
:1006C0002DE9F14F04462DED020B2DED088B8AB07C
:1006D0009FEDE70B80ED020B139EE74826F00045E7
:1006E00085420ADC9DED120B002084ED000B0AB060
:1006F000BDEC088B03B0BDE8F08FE0489FEDE0ABA8
:100700009FEDE1BBA84247DDE14F9FEDE39B9FEDED
:10071000E48B9DED120B53EC1A2B51EC100B002EB9
:100720001CDDF0F7B4FB41EC100BBD4208D053ECDC
:100730001B2B51EC100BF0F7AAFBC4E900010BE0F6
:1007400053EC192B51EC100BF0F7A1FB53EC182BC9
:10075000F0F79DFBC4E900010120C8E7F0F7F6FAC5
:1007600041EC100BBD4208D053EC1B2B51EC100B8D
:10077000F0F7ECFAC4E900010BE053EC192B51EC53
:10078000100BF0F7E3FA53EC182BF0F7DFFAC4E99B
:1007900000014FF0FF30AAE7C348A84279DB9DED86
:1007A000120B51EC100B00F0CBFB41EC180B9FED42
:1007B000C00B53EC102BF0F770FB9FEDBF1B53ECFD
:1007C000112BF0F7C3FAF0F764FC0746F0F786FD4B
:1007D00041EC190B53EC1A2BF0F75FFB53EC182B81
:1007E000F0F758FB41EC180B53EC1B2B51EC190B99
:1007F000F0F753FBDFF8C8A241EC100B4FEA155895
:100800000125FA4453EC102B51EC180BF0F73FFB89
:10081000032DC4E900013DD0C1F30A5005EB451199
:10082000A8EB00001139814234DA0AEB051BB0EE67
:1008300048AA9BED000BF0EE68AA53EC102B51EC8C
:10084000190BF0F72AFB41EC1B0B51EC1A0B53EC84
:100850001B2BF0F71CFB41EC180B51EC1A0B53EC63
:10086000182BF0F714FB53EC1B2BF0F710FB9BED50
:10087000020B41EC1A0B53EC102B51EC190BF0F757
:100880000CFB53EC1A2BF0F702FB41EC100B6D1C28
:10089000B8E70EE0002EA8BF3846BFF628AF94EDAB
:1008A000000B51EC100B81F00041C4E900017842CB
:1008B0001DE7C6F3130040F4801EC6F30A50A0F2F1
:1008C000F530471100F01F05C5F12000DDF848B0F4
:1008D00008900020069007900520EC467949002DED
:1008E00007EB0002794408BF51F8221009D051F8F3
:1008F000223001EB8201AB404A68089922FA01F1EB
:100900001943A1FB0E26A1FB0B131A449A4234BFD4
:100910000123002303EB06080CEB8003D3E901A6B7
:100920000E448E4234BF0121002192448A4411B109
:10093000924502D903E0924501D2012100E0002155
:10094000C3E901A641444CF82010011EA0F10100AA
:10095000C4DC029800F10050850F0298DDE90367BE
:100960008000DDF81480F0F7B9FC41EC1A0B30463A
:10097000F0F782FB9FED541B53EC112BF0F78DFA2F
:1009800041EC1B0B3846F0F777FB9FED511B53EC06
:10099000112BF0F782FA41EC180B4046F0F76CFB94
:1009A0009FED4D1B53EC112BF0F777FA41EC190B2F
:1009B00051EC180B53EC192BF0F7C8F953EC1B2B27
:1009C000F0F7C4F953EC1A2BF0F7C0F9CDE90801A0
:1009D000002008909DED080B53EC1A2B51EC100BE6
:1009E000F0F755FA53EC1B2BF0F751FA53EC182B98
:1009F000F0F74DFA53EC192BF0F74CFA9FED381B3A
:100A000053EC112BF0F749FA9FED370B41EC180B23
:100A100053EC102B9DED080B51EC100BF0F73DFA49
:100A200053EC182BF0F792F99FED310B41EC180BBA
:100A300053EC102B9DED080B51EC100BF0F72DFA39
:100A400053EC182BF0F782F941EC100B139810F0CF
:100A5000004F06D06D4251EC100B81F0004141EC8B
:100A6000100B284684ED000B41E60000000000005A
:100A70000000000000000000FB21E93F7CD902409B
:100A800000004054FB21F93F3163621A61B4D03D4C
:100A9000FB21F93F000000000000601A61B4D03D66
:100AA0007370032E8A19A33BFB213941000000001B
:100AB00083C8C96D305FE43F000000000000E03FE4
:100AC00032100000800F0000000000000000103E07
:100AD000000000000000103C000000000000103A80
:100AE000182D4454FB21F93D3326A611460B113C29
:100AF00000000054FB21F93D10B52DED040B2DED48
:100B0000088B82B0B0EE419AF0EE619A0B9820F01B
:100B100000449FED4BABB4F1795F11DA9DED0A0B08
:100B200051EC100BF0F7B5FA002801BFB0EE4A0AFD
:100B3000F0EE6A0A02B0BDEC088B04BF04B010BD31
:100B40009DED0A0B53EC102B51EC100BF0F7A5F9AF
:100B500041EC180B3C480621B0EE480AF0EE680A5A
:100B6000784400F081F853EC182B51EC100BF0F79F
:100B700094F99DED0A0B41EC1B0B53EC192B51EC36
:100B8000100BF0F78AF941EC190B53EC1B2B51ECCD
:100B9000180BF0F782F953EC192BF0F778F99FED69
:100BA0002C0B41EC190B53EC102B51EC180BF0F7FC
:100BB00074F941EC100B2848844210DA53EC192BDD
:100BC00051EC100BF0F763F953EC1A2BF0F762F9C4
:100BD00041EC100B02B0BDEC088B04B010BD1F48F7
:100BE000A042BCBF9FED1E1B8DED001B06DBA4F5D4
:100BF00000100190002000909DED001B51EC100BA7
:100C000053EC112BF0F743F99DED000B41EC180B61
:100C100053EC102B51EC1A0BF0F739F941EC1A0B8D
:100C200053EC192B51EC180BF0F731F953EC1A2B4C
:100C3000F0F730F941EC100BCCE7000000000000A9
:100C4000000000000000F03FA40C000000000000C5
:100C5000000000000000E03F3333D33F0000E93FD5
:100C6000000000000000D23F70B504462DED028B5D
:100C70004D1E00EBC500B0EE408AF0EE608A90EDAC
:100C8000000B35F0060017D053EC182B51EC100B6D
:100C9000F0F703F941EC100B6D1E04EBC50090ED6D
:100CA000001B51EC100B53EC112BF0F74FF841ECFB
:100CB000100B35F00600E7D1022D36D0042D1CD0E4
:100CC000062D1CBFBDEC028B70BD53EC182B51ECF4
:100CD000100BF0F7E2F894ED0A1B53EC112BF0F730
:100CE00035F853EC182BF0F7D8F894ED081B53ECBB
:100CF000112BF0F72BF841EC100B53EC182B51ECA7
:100D0000100BF0F7CAF894ED061B53EC112BF0F71B
:100D10001DF853EC182BF0F7C0F894ED040B53ECCE
:100D2000102BF0F713F841EC100B53EC182B51EC8F
:100D3000100BF0F7B2F894ED021B53EC112BF0F707
:100D400005F853EC182BF0F7A8F894ED001B53ECC2
:100D5000112BEFF7FBFFBDEC028B41EC100B70BDCC
:100D600031B504462DED040B2DED0A8BB0EE41BAE2
:100D7000F0EE61BA0B989DED0A0B20F00040B0F147
:100D8000795F0DDA51EC100BFFF770F9042808BFFA
:100D900000F09AF89DED0A0BBDEC0A8B05B030BD52
:100DA00053EC102B51EC100BF0F777F841EC180BCB
:100DB0009DED0A0B53EC182B51EC100BF0F76DF86E
:100DC00041EC190B2C48B0EE480AF0EE680A0521F8
:100DD0007844FFF749FF9FED2ACBB0EE40AAF0EE32
:100DE00060AA9CB353EC1C2B51EC190BF0F755F88F
:100DF00041EC1C0B53EC1A2B51EC190BF0F74DF88E
:100E00009FED210B41EC190B53EC102B51EC1B0BFC
:100E1000F0F743F853EC192BF0F739F853EC182B93
:100E2000F0F73BF853EC1B2BF0F731F853EC1C2B8D
:100E3000F0F72DF89DED0A1B53EC112BF0F72AF873
:100E4000BDEC0A8B05B041EC100B30BDFFE753EC55
:100E50001A2B51EC180BF0F720F853EC1C2BEFF782
:100E600075FF53EC192BF0F718F89DED0A1B53ECA6
:100E7000112BEFF76BFFE3E7340B000000000000DD
:100E8000495555555555C5BF000000000000E03FCD
:100E900010B553EC102B51EC100BEFF757FF41EC52
:100EA000100B10BD000000009FED050B10B553ECBA
:100EB000102B51EC100BF0F762F841EC100B10BD49
:100EC00000000000000000009FED050B10B553EC82
:100ED000102B51EC100BEFF7E0FF41EC100B10BDA5
:100EE000000000000000001030EE000A704730EEF5
:100EF000200A7047DFED020A80EEA00A704700006A
:100F0000000000009FED020A20EE000A704700007A
:100F10000000001002E008C8121F08C1002AFAD120
:100F200070477047002001E001C1121F002AFBD169
:100F30007047000001490860704700000800002069
:100F400082B0CDE9000121F0004001909DED000B41
:100F500002B051EC100B7047F0B50B30154D20F07E
:100F600007010024144A0FE003688B420BD38B4225
:100F700005D95E1A43184768C3E9006700E0436873
:100F8000136002C004E0021D10680028ECD1204666
:100F9000002802D1286808B10020F0BD064A0748A1
:100FA0001060074A121A22F00702C0E9002401204B
:100FB0002860D7E704000020000000208CAA002051
:100FC00088EA002010B500EE100A2DED028BB1EE7C
:100FD000C08A18EE100A20F00040C0F1FF40C00F98
:100FE0000AD010EE100A20F00040C0F1FF40C00F00
:100FF00004BF0120FFF79EFF18EE100ABDEC028B24
:1010000010BD000000000000920E493CB10AC93C2E
:101010002BC3163D2EFB483D752B7B3D04A9963D09
:1010200080B6AF3D36BDC83D2FBCE13D73B2FA3D41
:1010300087CF093E8340163EB5AB223EA2102F3E1D
:10104000CF6E3B3EC2C5473E0115543E135C603E29
:101050007F9A6C3ECCCF783EC07D823E938E883E98
:10106000229A8E3E32A0943E86A09A3EE59AA03EF9
:10107000128FA63ED47CAC3EEF63B23E2A44B83E0B
:10108000491DBE3E15EFC33E53B9C93ECA7BCF3E94
:101090004136D53E80E8DA3E4F92E03E7533E63E7B
:1010A000BBCBEB3EEA5AF13ECBE0F63E275DFC3E81
:1010B000E4E7003F3D9C033F824B063F9BF5083F22
:1010C0006B9A0B3FDA390E3FCDD3103F2A68133F9E
:1010D000D9F6153FC07F183FC6021B3FD17F1D3F89
:1010E000CBF61F3F9967223F25D2243F5636273F34
:1010F0001594293F4AEB2B3FDE3B2E3FBB85303F0B
:10110000C9C8323FF304353F233A373F4268393F7D
:101110003B8F3B3FF9AE3D3F67C73F3F70D8413FF4
:1011200001E2433F03E4453F65DE473F12D1493FBB
:10113000F8BB4B3F029F4D3F207A4F3F3D4D513F03
:101140004918533F31DB543FE595563F5348583FCC
:101150006AF2593F1A945B3F532D5D3F05BE5E3FD7
:101160002146603F97C5613F5A3C633F59AA643F9F
:10117000880F663FD86B673F3CBF683FA7096A3F4F
:101180000C4B6B3F5E836C3F93B26D3F9ED86E3FBE
:1011900073F56F3F0809713F5213723F4714733F55
:1011A000DD0B743F0BFA743FC6DE753F07BA763F1E
:1011B000C58B773FF853783F9812793F9DC7793FA9
:1011C00002737A3FBE147B3FCDAC7B3F283B7C3F14
:1011D000C9BF7C3FAC3A7D3FCCAB7D3F23137E3F04
:1011E000B0707E3F6DC47E3F580E7F3F6D4E7F3F97
:1011F000AB847F3F0FB17F3F97D37F3F43EC7F3F6F
:1012000011FB7F3F0000803F11FB7F3F43EC7F3F9E
:1012100097D37F3F0FB17F3FAB847F3F6D4E7F3FC2
:10122000580E7F3F6DC47E3FB0707E3F23137E3FDC
:10123000CCAB7D3FAC3A7D3FC9BF7C3F283B7C3F78
:10124000CDAC7B3FBE147B3F02737A3F9DC7793F95
:101250009812793FF853783FC58B773F07BA763FAE
:10126000C6DE753F0BFA743FDD0B743F4714733FC6
:101270005213723F0809713F73F56F3F9ED86E3F5E
:1012800093B26D3F5E836C3F0C4B6B3FA7096A3F87
:101290003CBF683FD86B673F880F663F59AA643FE1
:1012A0005A3C633F97C5613F2146603F05BE5E3FA4
:1012B000532D5D3F1A945B3F6AF2593F5348583FA4
:1012C000E595563F31DB543F4918533F3D4D513F63
:1012D000207A4F3F029F4D3FF8BB4B3F12D1493F11
:1012E00065DE473F03E4453F01E2433F70D8413F9D
:1012F00067C73F3FF9AE3D3F3B8F3B3F4268393FB9
:10130000233A373FF304353FC9C8323FBB85303FEE
:10131000DE3B2E3F4AEB2B3F1594293F5636273FA5
:1013200025D2243F9967223FCBF61F3FD17F1D3F37
:10133000C6021B3FC07F183FD9F6153F2A68133FEE
:10134000CDD3103FDA390E3F6B9A0B3F9BF5083F28
:10135000824B063F3D9C033FE4E7003F275DFC3E98
:10136000CBE0F63EEA5AF13EBBCBEB3E7533E63EB0
:101370004F92E03E80E8DA3E4136D53ECA7BCF3E12
:1013800053B9C93E15EFC33E491DBE3E2A44B83E7F
:10139000EF63B23ED47CAC3E128FA63EE59AA03EEF
:1013A00086A09A3E32A0943E229A8E3E938E883E2C
:1013B000C07D823ECCCF783E7F9A6C3E135C603E0F
:1013C0000115543EC2C5473ECF6E3B3EA2102F3E94
:1013D000B5AB223E8340163E87CF093E73B2FA3D3D
:1013E0002FBCE13D36BDC83D80B6AF3D04A9963D5A
:1013F000752B7B3D2EFB483D2BC3163DB10AC93CE6
:10140000920E493C00000000920E49BCB10AC9BCD2
:101410002BC316BD2EFB48BD752B7BBD04A996BD05
:1014200080B6AFBD36BDC8BD2FBCE1BD73B2FABD3D
:1014300087CF09BE834016BEB5AB22BEA2102FBE19
:10144000CF6E3BBEC2C547BE011554BE135C60BE25
:101450007F9A6CBECCCF78BEC07D82BE938E88BE94
:10146000229A8EBE32A094BE86A09ABEE59AA0BEF5
:10147000128FA6BED47CACBEEF63B2BE2A44B8BE07
:10148000491DBEBE15EFC3BE53B9C9BECA7BCFBE90
:101490004136D5BE80E8DABE4F92E0BE7533E6BE77
:1014A000BBCBEBBEEA5AF1BECBE0F6BE275DFCBE7D
:1014B000E4E700BF3D9C03BF824B06BF9BF508BF1E
:1014C0006B9A0BBFDA390EBFCDD310BF2A6813BF9A
:1014D000D9F615BFC07F18BFC6021BBFD17F1DBF85
:1014E000CBF61FBF996722BF25D224BF563627BF30
:1014F000159429BF4AEB2BBFDE3B2EBFBB8530BF07
:10150000C9C832BFF30435BF233A37BF426839BF79
:101510003B8F3BBFF9AE3DBF67C73FBF70D841BFF0
:1015200001E243BF03E445BF65DE47BF12D149BFB7
:10153000F8BB4BBF029F4DBF207A4FBF3D4D51BFFF
:10154000491853BF31DB54BFE59556BF534858BFC8
:101550006AF259BF1A945BBF532D5DBF05BE5EBFD3
:10156000214660BF97C561BF5A3C63BF59AA64BF9B
:10157000880F66BFD86B67BF3CBF68BFA7096ABF4B
:101580000C4B6BBF5E836CBF93B26DBF9ED86EBFBA
:1015900073F56FBF080971BF521372BF471473BF51
:1015A000DD0B74BF0BFA74BFC6DE75BF07BA76BF1A
:1015B000C58B77BFF85378BF981279BF9DC779BFA5
:1015C00002737ABFBE147BBFCDAC7BBF283B7CBF10
:1015D000C9BF7CBFAC3A7DBFCCAB7DBF23137EBF00
:1015E000B0707EBF6DC47EBF580E7FBF6D4E7FBF93
:1015F000AB847FBF0FB17FBF97D37FBF43EC7FBF6B
:1016000011FB7FBF000080BF11FB7FBF43EC7FBF9A
:1016100097D37FBF0FB17FBFAB847FBF6D4E7FBFBE
:10162000580E7FBF6DC47EBFB0707EBF23137EBFD8
:10163000CCAB7DBFAC3A7DBFC9BF7CBF283B7CBF74
:10164000CDAC7BBFBE147BBF02737ABF9DC779BF91
:10165000981279BFF85378BFC58B77BF07BA76BFAA
:10166000C6DE75BF0BFA74BFDD0B74BF471473BFC2
:10167000521372BF080971BF73F56FBF9ED86EBF5A
:1016800093B26DBF5E836CBF0C4B6BBFA7096ABF83
:101690003CBF68BFD86B67BF880F66BF59AA64BFDD
:1016A0005A3C63BF97C561BF214660BF05BE5EBFA0
:1016B000532D5DBF1A945BBF6AF259BF534858BFA0
:1016C000E59556BF31DB54BF491853BF3D4D51BF5F
:1016D000207A4FBF029F4DBFF8BB4BBF12D149BF0D
:1016E00065DE47BF03E445BF01E243BF70D841BF99
:1016F00067C73FBFF9AE3DBF3B8F3BBF426839BFB5
:10170000233A37BFF30435BFC9C832BFBB8530BFEA
:10171000DE3B2EBF4AEB2BBF159429BF563627BFA1
:1017200025D224BF996722BFCBF61FBFD17F1DBF33
:10173000C6021BBFC07F18BFD9F615BF2A6813BFEA
:10174000CDD310BFDA390EBF6B9A0BBF9BF508BF24
:10175000824B06BF3D9C03BFE4E700BF275DFCBE94
:10176000CBE0F6BEEA5AF1BEBBCBEBBE7533E6BEAC
:101770004F92E0BE80E8DABE4136D5BECA7BCFBE0E
:1017800053B9C9BE15EFC3BE491DBEBE2A44B8BE7B
:10179000EF63B2BED47CACBE128FA6BEE59AA0BEEB
:1017A00086A09ABE32A094BE229A8EBE938E88BE28
:1017B000C07D82BECCCF78BE7F9A6CBE135C60BE0B
:1017C000011554BEC2C547BECF6E3BBEA2102FBE90
:1017D000B5AB22BE834016BE87CF09BE73B2FABD39
:1017E0002FBCE1BD36BDC8BD80B6AFBD04A996BD56
:1017F000752B7BBD2EFB48BD2BC316BDB10AC9BCE2
:10180000920E49BC000000804C5555555555A53FDA
:101810007751C1166CC156BF9015CB19A001FA3E85
:10182000AD529C804F7E92BEC4B1B4BD9EEE213EAF
:10183000D43888BEE9FAA8BD00004054FB21F93F26
:101840003163621A61B4D03D0000601A61B4D03DCA
:101850007370032E8A19A33B0000002E8A19A33B44
:10186000C14920259A837B39000000000000000058
:101870006E83F9A22915444ED15727FCC0DD34F5FB
:10188000999562DB4190433CAB6351FE61C5BBDE81
:101890003A6E24B7E0D24D42EA2E49061C92D10995
:1018A0001CEB1DFE3EA729B1F53582E88444BB2E12
:1018B00026709CE9417E5FB439D69139F43953835F
:1018C0008B5F849C3B28F9BDFF97F81F0F9805DEBE
:1018D0008B112FEF1F6D0A5ACF7E366DB709CB27BC
:1018E000663F464F2DEA5F9EC7BA27757BF1E5EB51
:1018F000F739073DEA92528AB15FFB6B085D8D1F95
:101900004630035600000000A6F810111111813F67
:10191000D561C119A0012ABF7DFEB157E31DC73EA5
:10192000EB9C2B8AE6E55ABE7CD5CF5A3AD9E53DE9
:10193000000000000000000001020304060708097F
:1019400000000000010203047D04017C000240ABA2
:10195000034101055308065804070F0008108109C8
:1019600011000A15800B16000C18010D005EBCE278
:10197000613FDD83C29C7E20A3FD1F419DC3217F6B
:10198000FCA2401E5F01E3BD3E6082DC237D9FC15F
:10199000421CFEA0E1BF5D0380DE3C62BEE0025C53
:1019A000DF81633D7C22C09E1D43A1FF4618FAA43F
:1019B00027799BC584DA3866E5BB5907DB8567392B
:1019C000BAE406581947A5FB7826C49A653BD9871F
:1019D000045AB8E6A7F91B45C6987A24F8A6441A13
:1019E00099C7257B3A6486D85B05E7B98CD2306EFF
:1019F000EDB3510F4E10F2AC2F7193CD114FADF3EB
:101A0000702ECC92D38D6F31B2EC0E50AFF1134DDE
:101A1000CE90722C6D33D18F0C52B0EE326C8ED0D2
:101A2000530DEFB1F0AE4C1291CF2D73CA947628BE
:101A3000ABF517490856B4EA6937D58B5709EBB5AA
:101A400036688AD495CB2977F4AA4816E9B7550B9E
:101A500088D6346A2B7597C94A14F6A8742AC89692
:101A6000154BA9F7B6E80A54D7896B350000803FBB
:101A70000000000000000000000000000000000066
:101A800000000000000000000000803F0000000097
:101A90000000000000000000000000000000000046
:101AA000000000000000803F000000000000000077
:101AB0000000000000000000000000000000000026
:101AC0000000803F00000000000000000000000057
:101AD0000000000000000000000000000000803F47
:101AE00000000000000000000000000000000000F6
:101AF00000000000000000000000803F541B0108AF
:101B000000000000000000000000000000000000D5
:101B1000001000001800000000000000000000009D
:101B20005C1B010800000000000000000000000035
:101B3000000000000020000008000000000000007D
:101B4000000000000000803F0000000000000000D6
:101B500000000000494E535461736B00496E697474
:101B60005F5461736B000000891112239B3224467D
:101B7000AD573665BF74488CC19D5AAFD3BE6CCA91
:101B8000E5DB7EE9F7F88110080193331A22A556A8
:101B90002C47B7753E64C99C408DDBBF52AEEDDA71
:101BA00064CBFFF976E802218B3010029913266787
:101BB000AF763444BD554AADC3BC588ED19F6EEB51
:101BC000E7FA7CC8F5D983310A2091121803A77768
:101BD0002E66B5543C45CBBD42ACD99E508FEFFB31
:101BE00066EAFDD874C904428D5316619F702004C3
:101BF000A9153227BB364CCEC5DF5EEDD7FC688811
:101C0000E1997AABF3BA85520C4397711E60A11427
:101C10002805B3373A26CDDE44CFDFFD56ECE998F0
:101C20006089FBBB72AA06638F7214409D51222506
:101C3000AB343006B9174EEFC7FE5CCCD5DD6AA9D0
:101C4000E3B8788AF19B87730E6295501C41A335E7
:101C50002A24B1163807CFFF46EEDDDC54CDEBB9B0
:101C600062A8F99A708B088481951AA793B62CC242
:101C7000A5D33EE1B7F04008C919522BDB3A644EB8
:101C8000ED5F766DFF7C899400859BB712A6ADD27F
:101C900024C3BFF136E0C1184809D33B5A2AE55E98
:101CA0006C4FF77D7E6C0AA583B4188691972EE35E
:101CB000A7F23CC0B5D14229CB38500AD91B666F78
:101CC000EF7E744CFD5D8BB502A499961087AFF33F
:101CD00026E2BDD034C1C3394A28D11A580BE77F58
:101CE0006E6EF55C7C4D0CC685D71EE597F428809A
:101CF000A1913AA3B3B2444ACD5B5669DF78600C38
:101D0000E91D722FFB3E8DD604C79FF516E4A990FE
:101D10002081BBB332A2C55A4C4BD7795E68E11C17
:101D2000680DF33F7A2E0EE787F61CC495D52AA1DD
:101D3000A3B03882B193466BCF7A5448DD59622DF7
:101D4000EB3C700EF91F8FF706E69DD414C5ABB1BE
:101D500022A0B9923083C77B4E6AD5585C49E33DD7
:101D60006A2CF11E780F0000901D01080000002071
:101D700088060000FE120008D01E01088806002018
:101D800000240100240F010805B8FFFF0000000037
:101D9000C1400B3333EB3A58A08B3AFFFF03127A62
:101DA000441580464DB91B0885041A95041AC104D0
:101DB0001AF1041A29041A5D041108081250C347C5
:101DC000CDCCCC3D0409531C110B1AC8421C49C48C
:101DD00043F04115CDCC4CBF0416409C453A20241D
:101DE00051091724314A0402E30202125AD911D1CF
:101DF0005480BFA52B4842083205292E290402FF32
:101E00000401FF01FF013204215A1F016DA55A058B
:101E1000030B21937041041A409C450926280110A8
:101E20008A2038012C092A641324F41391B514086C
:101E3000E9B31408EDB642081345B41B0839101A6B
:101E4000AD04C11AE5181A91041A3D301A8108141C
:101E500009024313020125C03209041B01020B13BE
:101E600005241610010524011009010424020205AD
:101E7000240617010705820308151009040133021F
:101E80000A2E0705010240072A810711130A062AB4
:101E900002B232011A12231302021E408304405779
:101EA000591B0203151391161B088D041A89041A75
:101EB000BD041AD9040718040309041A032B010CE2
:101EC0004C19841132101AAA0129100000000000D8
:040000050800018965
:00000001FF
